gameid,date,time_start,tricode_for,id_for,tricode_against,id_against,metric_score_for,metric_score_against,period_ending,tricode_winteam
2015020001,2015-10-07,2015-10-07T23:00:00Z,TOR,10,MTL,8,1,3,REG,MTL
2015020002,2015-10-07,2015-10-08T00:00:00Z,CHI,16,NYR,3,2,3,REG,NYR
2015020003,2015-10-07,2015-10-08T02:00:00Z,CGY,20,VAN,23,1,5,REG,VAN
2015020004,2015-10-07,2015-10-08T02:30:00Z,LAK,26,SJS,28,1,5,REG,SJS
2015020006,2015-10-08,2015-10-08T23:00:00Z,BUF,7,OTT,9,1,3,REG,OTT
2015020005,2015-10-08,2015-10-08T23:00:00Z,BOS,6,WPG,52,2,6,REG,WPG
2015020007,2015-10-08,2015-10-08T23:30:00Z,TBL,14,PHI,4,3,2,OT,TBL
2015020009,2015-10-08,2015-10-09T00:00:00Z,NSH,18,CAR,12,2,1,REG,NSH
2015020008,2015-10-08,2015-10-09T00:00:00Z,STL,19,EDM,22,3,1,REG,STL
2015020010,2015-10-08,2015-10-09T00:30:00Z,DAL,25,PIT,5,3,0,REG,DAL
2015020011,2015-10-08,2015-10-09T01:00:00Z,COL,21,MIN,30,4,5,REG,MIN
2015020013,2015-10-09,2015-10-09T23:00:00Z,CBJ,29,NYR,3,2,4,REG,NYR
2015020012,2015-10-09,2015-10-09T23:00:00Z,NJD,1,WPG,52,1,3,REG,WPG
2015020015,2015-10-09,2015-10-09T23:30:00Z,NYI,2,CHI,16,2,3,OT,CHI
2015020014,2015-10-09,2015-10-09T23:30:00Z,DET,17,TOR,10,4,0,REG,DET
2015020016,2015-10-09,2015-10-10T02:30:00Z,LAK,26,ARI,53,1,4,REG,ARI
2015020017,2015-10-10,2015-10-10T17:00:00Z,BUF,7,TBL,14,1,4,REG,TBL
2015020019,2015-10-10,2015-10-10T23:00:00Z,TOR,10,OTT,9,4,5,SO,OTT
2015020023,2015-10-10,2015-10-10T23:00:00Z,CAR,12,DET,17,3,4,REG,DET
2015020022,2015-10-10,2015-10-10T23:00:00Z,WSH,15,NJD,1,5,3,REG,WSH
2015020020,2015-10-10,2015-10-10T23:00:00Z,FLA,13,PHI,4,7,1,REG,FLA
2015020018,2015-10-10,2015-10-10T23:00:00Z,BOS,6,MTL,8,2,4,REG,MTL
2015020021,2015-10-10,2015-10-10T23:00:00Z,NYR,3,CBJ,29,5,2,REG,NYR
2015020024,2015-10-10,2015-10-10T23:00:00Z,NSH,18,EDM,22,2,0,REG,NSH
2015020025,2015-10-10,2015-10-11T00:00:00Z,MIN,30,STL,19,3,2,REG,MIN
2015020026,2015-10-10,2015-10-11T00:30:00Z,CHI,16,NYI,2,4,1,REG,CHI
2015020027,2015-10-10,2015-10-11T01:00:00Z,COL,21,DAL,25,6,3,REG,COL
2015020028,2015-10-10,2015-10-11T02:00:00Z,VAN,23,CGY,20,2,3,OT,CGY
2015020029,2015-10-10,2015-10-11T02:00:00Z,ARI,53,PIT,5,2,1,REG,ARI
2015020030,2015-10-10,2015-10-11T02:30:00Z,SJS,28,ANA,24,2,0,REG,SJS
2015020031,2015-10-11,2015-10-11T23:00:00Z,OTT,9,MTL,8,1,3,REG,MTL
2015020033,2015-10-12,2015-10-12T17:00:00Z,NYI,2,WPG,52,4,2,REG,NYI
2015020032,2015-10-12,2015-10-12T17:00:00Z,BOS,6,TBL,14,3,6,REG,TBL
2015020034,2015-10-12,2015-10-12T19:00:00Z,BUF,7,CBJ,29,4,2,REG,BUF
2015020035,2015-10-12,2015-10-12T23:00:00Z,PHI,4,FLA,13,1,0,REG,PHI
2015020036,2015-10-12,2015-10-13T02:00:00Z,ANA,24,VAN,23,1,2,SO,VAN
2015020038,2015-10-13,2015-10-13T23:00:00Z,NYR,3,WPG,52,1,4,REG,WPG
2015020040,2015-10-13,2015-10-13T23:00:00Z,WSH,15,SJS,28,0,5,REG,SJS
2015020041,2015-10-13,2015-10-13T23:00:00Z,CAR,12,FLA,13,1,4,REG,FLA
2015020037,2015-10-13,2015-10-13T23:00:00Z,NJD,1,NSH,18,1,3,REG,NSH
2015020039,2015-10-13,2015-10-13T23:00:00Z,PIT,5,MTL,8,2,3,REG,MTL
2015020042,2015-10-13,2015-10-13T23:30:00Z,DET,17,TBL,14,3,1,REG,DET
2015020043,2015-10-13,2015-10-14T00:30:00Z,DAL,25,EDM,22,4,2,REG,DAL
2015020044,2015-10-13,2015-10-14T01:00:00Z,CGY,20,STL,19,3,4,REG,STL
2015020045,2015-10-13,2015-10-14T02:30:00Z,LAK,26,VAN,23,0,3,REG,VAN
2015020046,2015-10-14,2015-10-14T23:00:00Z,CBJ,29,OTT,9,3,7,REG,OTT
2015020047,2015-10-14,2015-10-15T00:00:00Z,PHI,4,CHI,16,3,0,REG,PHI
2015020048,2015-10-14,2015-10-15T02:00:00Z,COL,21,BOS,6,2,6,REG,BOS
2015020049,2015-10-14,2015-10-15T02:30:00Z,ANA,24,ARI,53,0,4,REG,ARI
2015020051,2015-10-15,2015-10-15T23:00:00Z,PIT,5,OTT,9,2,0,REG,PIT
2015020050,2015-10-15,2015-10-15T23:00:00Z,NYI,2,NSH,18,4,3,REG,NYI
2015020052,2015-10-15,2015-10-15T23:00:00Z,WSH,15,CHI,16,4,1,REG,WSH
2015020055,2015-10-15,2015-10-15T23:30:00Z,FLA,13,BUF,7,3,2,REG,FLA
2015020053,2015-10-15,2015-10-15T23:30:00Z,MTL,8,NYR,3,3,0,REG,MTL
2015020054,2015-10-15,2015-10-15T23:30:00Z,TBL,14,DAL,25,3,5,REG,DAL
2015020056,2015-10-15,2015-10-16T01:00:00Z,EDM,22,STL,19,2,4,REG,STL
2015020057,2015-10-15,2015-10-16T02:00:00Z,ARI,53,MIN,30,3,4,REG,MIN
2015020059,2015-10-16,2015-10-16T23:00:00Z,CBJ,29,TOR,10,3,6,REG,TOR
2015020058,2015-10-16,2015-10-16T23:00:00Z,NJD,1,SJS,28,1,2,SO,SJS
2015020060,2015-10-16,2015-10-16T23:30:00Z,DET,17,CAR,12,3,5,REG,CAR
2015020061,2015-10-16,2015-10-17T00:00:00Z,WPG,52,CGY,20,3,1,REG,WPG
2015020062,2015-10-16,2015-10-17T02:00:00Z,VAN,23,STL,19,3,4,REG,STL
2015020063,2015-10-16,2015-10-17T02:00:00Z,ANA,24,COL,21,0,3,REG,COL
2015020064,2015-10-16,2015-10-17T02:30:00Z,LAK,26,MIN,30,2,1,OT,LAK
2015020069,2015-10-17,2015-10-17T23:00:00Z,PIT,5,TOR,10,2,1,REG,PIT
2015020066,2015-10-17,2015-10-17T23:00:00Z,OTT,9,NSH,18,3,4,SO,NSH
2015020070,2015-10-17,2015-10-17T23:00:00Z,WSH,15,CAR,12,4,1,REG,WSH
2015020068,2015-10-17,2015-10-17T23:00:00Z,FLA,13,DAL,25,2,4,REG,DAL
2015020065,2015-10-17,2015-10-17T23:00:00Z,MTL,8,DET,17,4,1,REG,MTL
2015020067,2015-10-17,2015-10-17T23:00:00Z,TBL,14,BUF,7,2,1,REG,TBL
2015020071,2015-10-17,2015-10-17T23:30:00Z,NYI,2,SJS,28,6,3,REG,NYI
2015020072,2015-10-17,2015-10-18T00:30:00Z,CHI,16,CBJ,29,4,1,REG,CHI
2015020073,2015-10-17,2015-10-18T02:00:00Z,CGY,20,EDM,22,2,5,REG,EDM
2015020074,2015-10-17,2015-10-18T02:00:00Z,ARI,53,BOS,6,3,5,REG,BOS
2015020075,2015-10-18,2015-10-18T17:00:00Z,NYR,3,NJD,1,1,2,OT,NJD
2015020076,2015-10-18,2015-10-18T19:00:00Z,WPG,52,STL,19,2,4,REG,STL
2015020077,2015-10-18,2015-10-19T00:00:00Z,ANA,24,MIN,30,4,1,REG,ANA
2015020078,2015-10-18,2015-10-19T01:00:00Z,VAN,23,EDM,22,1,2,OT,EDM
2015020079,2015-10-18,2015-10-19T02:00:00Z,LAK,26,COL,21,2,1,REG,LAK
2015020080,2015-10-19,2015-10-19T23:00:00Z,NYR,3,SJS,28,4,0,REG,NYR
2015020084,2015-10-20,2015-10-20T23:00:00Z,CBJ,29,NYI,2,0,4,REG,NYI
2015020083,2015-10-20,2015-10-20T23:00:00Z,PIT,5,FLA,13,3,2,OT,PIT
2015020081,2015-10-20,2015-10-20T23:00:00Z,NJD,1,ARI,53,3,2,OT,NJD
2015020085,2015-10-20,2015-10-20T23:30:00Z,MTL,8,STL,19,3,0,REG,MTL
2015020082,2015-10-20,2015-10-20T23:30:00Z,PHI,4,DAL,25,1,2,REG,DAL
2015020086,2015-10-20,2015-10-21T00:00:00Z,NSH,18,TBL,14,5,4,SO,NSH
2015020087,2015-10-20,2015-10-21T01:00:00Z,CGY,20,WSH,15,2,6,REG,WSH
2015020088,2015-10-21,2015-10-21T23:00:00Z,BUF,7,TOR,10,2,1,SO,BUF
2015020089,2015-10-21,2015-10-22T00:00:00Z,BOS,6,PHI,4,4,5,OT,PHI
2015020090,2015-10-21,2015-10-22T01:30:00Z,EDM,22,DET,17,3,1,REG,EDM
2015020091,2015-10-21,2015-10-22T02:00:00Z,COL,21,CAR,12,0,1,OT,CAR
2015020092,2015-10-22,2015-10-22T23:00:00Z,NYR,3,ARI,53,4,1,REG,NYR
2015020093,2015-10-22,2015-10-22T23:00:00Z,PIT,5,DAL,25,1,4,REG,DAL
2015020094,2015-10-22,2015-10-22T23:30:00Z,OTT,9,NJD,1,4,5,SO,NJD
2015020095,2015-10-22,2015-10-23T00:00:00Z,NSH,18,ANA,24,5,1,REG,NSH
2015020096,2015-10-22,2015-10-23T00:00:00Z,MIN,30,CBJ,29,3,2,REG,MIN
2015020097,2015-10-22,2015-10-23T00:30:00Z,CHI,16,FLA,13,3,2,REG,CHI
2015020098,2015-10-22,2015-10-23T02:00:00Z,VAN,23,WSH,15,2,3,REG,WSH
2015020099,2015-10-22,2015-10-23T02:30:00Z,SJS,28,LAK,26,1,4,REG,LAK
2015020100,2015-10-23,2015-10-23T23:00:00Z,BUF,7,MTL,8,2,7,REG,MTL
2015020101,2015-10-23,2015-10-23T23:30:00Z,NYI,2,BOS,6,3,5,REG,BOS
2015020102,2015-10-23,2015-10-24T00:00:00Z,WPG,52,TBL,14,3,4,OT,TBL
2015020103,2015-10-23,2015-10-24T01:00:00Z,CGY,20,DET,17,3,2,OT,CGY
2015020104,2015-10-23,2015-10-24T01:00:00Z,EDM,22,WSH,15,4,7,REG,WSH
2015020105,2015-10-23,2015-10-24T02:30:00Z,LAK,26,CAR,12,3,0,REG,LAK
2015020106,2015-10-24,2015-10-24T22:00:00Z,MIN,30,ANA,24,3,0,REG,MIN
2015020108,2015-10-24,2015-10-24T23:00:00Z,MTL,8,TOR,10,5,3,REG,MTL
2015020109,2015-10-24,2015-10-24T23:00:00Z,OTT,9,ARI,53,1,4,REG,ARI
2015020110,2015-10-24,2015-10-24T23:00:00Z,PHI,4,NYR,3,3,2,SO,PHI
2015020107,2015-10-24,2015-10-24T23:00:00Z,BUF,7,NJD,1,3,4,REG,NJD
2015020113,2015-10-24,2015-10-25T00:00:00Z,DAL,25,FLA,13,2,6,REG,FLA
2015020111,2015-10-24,2015-10-25T00:00:00Z,STL,19,NYI,2,2,3,OT,NYI
2015020112,2015-10-24,2015-10-25T00:00:00Z,NSH,18,PIT,5,1,2,OT,PIT
2015020114,2015-10-24,2015-10-25T00:30:00Z,CHI,16,TBL,14,1,0,OT,CHI
2015020115,2015-10-24,2015-10-25T01:00:00Z,COL,21,CBJ,29,3,4,REG,CBJ
2015020116,2015-10-24,2015-10-25T02:00:00Z,VAN,23,DET,17,2,3,OT,DET
2015020117,2015-10-24,2015-10-25T02:30:00Z,SJS,28,CAR,12,5,2,REG,SJS
2015020118,2015-10-25,2015-10-25T22:00:00Z,WPG,52,MIN,30,5,4,REG,WPG
2015020119,2015-10-25,2015-10-25T23:00:00Z,NYR,3,CGY,20,4,1,REG,NYR
2015020120,2015-10-25,2015-10-26T01:30:00Z,EDM,22,LAK,26,2,3,REG,LAK
2015020121,2015-10-26,2015-10-26T23:00:00Z,NYI,2,CGY,20,4,0,REG,NYI
2015020122,2015-10-26,2015-10-26T23:30:00Z,TOR,10,ARI,53,3,4,REG,ARI
2015020123,2015-10-26,2015-10-27T00:30:00Z,CHI,16,ANA,24,1,0,OT,CHI
2015020124,2015-10-27,2015-10-27T23:00:00Z,BOS,6,ARI,53,6,0,REG,BOS
2015020125,2015-10-27,2015-10-27T23:00:00Z,NJD,1,CBJ,29,1,3,REG,CBJ
2015020126,2015-10-27,2015-10-27T23:00:00Z,PHI,4,BUF,7,3,4,OT,BUF
2015020128,2015-10-27,2015-10-27T23:30:00Z,FLA,13,COL,21,4,1,REG,FLA
2015020127,2015-10-27,2015-10-27T23:30:00Z,DET,17,CAR,12,1,3,REG,CAR
2015020130,2015-10-27,2015-10-28T00:00:00Z,MIN,30,EDM,22,4,3,REG,MIN
2015020131,2015-10-27,2015-10-28T00:00:00Z,WPG,52,LAK,26,1,4,REG,LAK
2015020129,2015-10-27,2015-10-28T00:00:00Z,STL,19,TBL,14,2,0,REG,STL
2015020132,2015-10-27,2015-10-28T00:30:00Z,DAL,25,ANA,24,4,3,REG,DAL
2015020133,2015-10-27,2015-10-28T02:00:00Z,VAN,23,MTL,8,5,1,REG,VAN
2015020134,2015-10-28,2015-10-28T23:30:00Z,OTT,9,CGY,20,5,4,SO,OTT
2015020135,2015-10-28,2015-10-29T00:00:00Z,WSH,15,PIT,5,1,3,REG,PIT
2015020136,2015-10-28,2015-10-29T02:30:00Z,SJS,28,NSH,18,1,2,REG,NSH
2015020137,2015-10-29,2015-10-29T23:00:00Z,NYI,2,CAR,12,2,3,OT,CAR
2015020138,2015-10-29,2015-10-29T23:00:00Z,PHI,4,NJD,1,1,4,REG,NJD
2015020139,2015-10-29,2015-10-29T23:00:00Z,PIT,5,BUF,7,4,3,REG,PIT
2015020140,2015-10-29,2015-10-29T23:30:00Z,TBL,14,COL,21,1,2,REG,COL
2015020141,2015-10-29,2015-10-30T00:00:00Z,STL,19,ANA,24,2,1,REG,STL
2015020142,2015-10-29,2015-10-30T00:00:00Z,WPG,52,CHI,16,3,1,REG,WPG
2015020143,2015-10-29,2015-10-30T00:30:00Z,DAL,25,VAN,23,4,3,OT,DAL
2015020144,2015-10-29,2015-10-30T01:00:00Z,EDM,22,MTL,8,4,3,REG,EDM
2015020146,2015-10-30,2015-10-30T23:00:00Z,NYR,3,TOR,10,3,1,REG,NYR
2015020145,2015-10-30,2015-10-30T23:00:00Z,BUF,7,PHI,4,3,1,REG,BUF
2015020147,2015-10-30,2015-10-30T23:00:00Z,WSH,15,CBJ,29,2,1,REG,WSH
2015020148,2015-10-30,2015-10-30T23:00:00Z,CAR,12,COL,21,3,2,REG,CAR
2015020149,2015-10-30,2015-10-30T23:30:00Z,DET,17,OTT,9,1,3,REG,OTT
2015020150,2015-10-30,2015-10-30T23:30:00Z,FLA,13,BOS,6,1,3,REG,BOS
2015020151,2015-10-30,2015-10-31T00:00:00Z,MIN,30,CHI,16,5,4,REG,MIN
2015020152,2015-10-30,2015-10-31T01:00:00Z,CGY,20,MTL,8,2,6,REG,MTL
2015020153,2015-10-30,2015-10-31T02:00:00Z,ARI,53,VAN,23,3,4,REG,VAN
2015020154,2015-10-31,2015-10-31T17:00:00Z,NJD,1,NYI,2,3,2,SO,NJD
2015020155,2015-10-31,2015-10-31T19:00:00Z,DAL,25,SJS,28,5,3,REG,DAL
2015020156,2015-10-31,2015-10-31T20:00:00Z,LAK,26,NSH,18,4,3,OT,LAK
2015020161,2015-10-31,2015-10-31T23:00:00Z,CBJ,29,WPG,52,2,3,REG,WPG
2015020159,2015-10-31,2015-10-31T23:00:00Z,TBL,14,BOS,6,1,3,REG,BOS
2015020157,2015-10-31,2015-10-31T23:00:00Z,TOR,10,PIT,5,0,4,REG,PIT
2015020158,2015-10-31,2015-10-31T23:00:00Z,OTT,9,DET,17,3,5,REG,DET
2015020160,2015-10-31,2015-10-31T23:00:00Z,FLA,13,WSH,15,1,2,OT,WSH
2015020162,2015-10-31,2015-11-01T00:00:00Z,STL,19,MIN,30,3,2,OT,STL
2015020163,2015-10-31,2015-11-01T02:00:00Z,EDM,22,CGY,20,4,5,REG,CGY
2015020164,2015-11-01,2015-11-01T20:00:00Z,COL,21,SJS,28,3,4,REG,SJS
2015020165,2015-11-01,2015-11-01T22:00:00Z,CAR,12,TBL,14,3,4,REG,TBL
2015020166,2015-11-01,2015-11-02T00:00:00Z,MTL,8,WPG,52,5,1,REG,MTL
2015020167,2015-11-01,2015-11-02T00:30:00Z,NYI,2,BUF,7,1,2,REG,BUF
2015020168,2015-11-01,2015-11-02T01:00:00Z,ANA,24,NSH,18,4,2,REG,ANA
2015020169,2015-11-02,2015-11-03T00:30:00Z,TOR,10,DAL,25,4,1,REG,TOR
2015020170,2015-11-02,2015-11-03T01:30:00Z,CHI,16,LAK,26,4,2,REG,CHI
2015020171,2015-11-02,2015-11-03T03:00:00Z,VAN,23,PHI,4,4,1,REG,VAN
2015020173,2015-11-03,2015-11-04T00:00:00Z,NYI,2,NJD,1,2,1,REG,NYI
2015020174,2015-11-03,2015-11-04T00:00:00Z,NYR,3,WSH,15,5,2,REG,NYR
2015020172,2015-11-03,2015-11-04T00:00:00Z,BOS,6,DAL,25,3,5,REG,DAL
2015020176,2015-11-03,2015-11-04T00:30:00Z,DET,17,TBL,14,2,1,REG,DET
2015020175,2015-11-03,2015-11-04T00:30:00Z,MTL,8,OTT,9,1,2,OT,OTT
2015020177,2015-11-03,2015-11-04T01:30:00Z,STL,19,LAK,26,0,3,REG,LAK
2015020179,2015-11-03,2015-11-04T02:00:00Z,EDM,22,PHI,4,4,2,REG,EDM
2015020178,2015-11-03,2015-11-04T02:00:00Z,COL,21,CGY,20,6,3,REG,COL
2015020180,2015-11-03,2015-11-04T03:30:00Z,SJS,28,CBJ,29,2,5,REG,CBJ
2015020181,2015-11-04,2015-11-05T00:00:00Z,TOR,10,WPG,52,2,4,REG,WPG
2015020182,2015-11-04,2015-11-05T01:00:00Z,CHI,16,STL,19,5,6,OT,STL
2015020183,2015-11-04,2015-11-05T03:00:00Z,VAN,23,PIT,5,2,3,REG,PIT
2015020184,2015-11-04,2015-11-05T03:30:00Z,ANA,24,FLA,13,3,2,SO,ANA
2015020185,2015-11-05,2015-11-06T00:00:00Z,BUF,7,TBL,14,1,4,REG,TBL
2015020186,2015-11-05,2015-11-06T00:00:00Z,WSH,15,BOS,6,4,1,REG,WSH
2015020187,2015-11-05,2015-11-06T00:30:00Z,MTL,8,NYI,2,4,1,REG,MTL
2015020188,2015-11-05,2015-11-06T00:30:00Z,OTT,9,WPG,52,3,2,SO,OTT
2015020189,2015-11-05,2015-11-06T01:00:00Z,MIN,30,NSH,18,2,3,REG,NSH
2015020190,2015-11-05,2015-11-06T02:00:00Z,CGY,20,PHI,4,2,1,OT,CGY
2015020191,2015-11-05,2015-11-06T02:00:00Z,ARI,53,COL,21,4,2,REG,ARI
2015020192,2015-11-05,2015-11-06T03:30:00Z,LAK,26,CBJ,29,2,3,REG,CBJ
2015020193,2015-11-05,2015-11-06T03:30:00Z,SJS,28,FLA,13,5,2,REG,SJS
2015020196,2015-11-06,2015-11-07T00:00:00Z,CAR,12,DAL,25,1,4,REG,DAL
2015020195,2015-11-06,2015-11-07T00:00:00Z,NJD,1,CHI,16,4,2,REG,NJD
2015020194,2015-11-06,2015-11-07T00:00:00Z,TOR,10,DET,17,1,2,OT,DET
2015020197,2015-11-06,2015-11-07T02:00:00Z,COL,21,NYR,3,1,2,REG,NYR
2015020198,2015-11-06,2015-11-07T02:00:00Z,EDM,22,PIT,5,1,2,REG,PIT
2015020199,2015-11-06,2015-11-07T03:00:00Z,ANA,24,CBJ,29,4,2,REG,ANA
2015020200,2015-11-07,2015-11-07T18:00:00Z,BUF,7,VAN,23,3,2,REG,BUF
2015020201,2015-11-07,2015-11-07T21:00:00Z,LAK,26,FLA,13,4,1,REG,LAK
2015020205,2015-11-07,2015-11-08T00:00:00Z,WPG,52,PHI,4,0,3,REG,PHI
2015020204,2015-11-07,2015-11-08T00:00:00Z,CAR,12,OTT,9,3,2,OT,CAR
2015020203,2015-11-07,2015-11-08T00:00:00Z,WSH,15,TOR,10,3,2,SO,WSH
2015020202,2015-11-07,2015-11-08T00:00:00Z,MTL,8,BOS,6,4,2,REG,MTL
2015020207,2015-11-07,2015-11-08T01:00:00Z,MIN,30,TBL,14,1,0,REG,MIN
2015020206,2015-11-07,2015-11-08T01:00:00Z,NSH,18,STL,19,0,4,REG,STL
2015020208,2015-11-07,2015-11-08T02:00:00Z,ARI,53,NYR,3,1,4,REG,NYR
2015020209,2015-11-07,2015-11-08T03:00:00Z,CGY,20,PIT,5,5,2,REG,CGY
2015020210,2015-11-07,2015-11-08T03:30:00Z,SJS,28,ANA,24,0,1,REG,ANA
2015020211,2015-11-08,2015-11-08T20:00:00Z,DET,17,DAL,25,1,4,REG,DAL
2015020212,2015-11-08,2015-11-08T22:00:00Z,NJD,1,VAN,23,4,3,OT,NJD
2015020213,2015-11-08,2015-11-08T22:00:00Z,NYI,2,BOS,6,1,2,REG,BOS
2015020214,2015-11-08,2015-11-09T01:00:00Z,CHI,16,EDM,22,4,2,REG,CHI
2015020215,2015-11-09,2015-11-10T03:00:00Z,ANA,24,ARI,53,3,4,OT,ARI
2015020216,2015-11-10,2015-11-11T00:00:00Z,NJD,1,STL,19,0,2,REG,STL
2015020218,2015-11-10,2015-11-11T00:00:00Z,PHI,4,COL,21,0,4,REG,COL
2015020217,2015-11-10,2015-11-11T00:00:00Z,NYR,3,CAR,12,3,0,REG,NYR
2015020219,2015-11-10,2015-11-11T00:00:00Z,CBJ,29,VAN,23,3,5,REG,VAN
2015020220,2015-11-10,2015-11-11T00:30:00Z,DET,17,WSH,15,1,0,REG,DET
2015020222,2015-11-10,2015-11-11T00:30:00Z,FLA,13,CGY,20,4,3,REG,FLA
2015020221,2015-11-10,2015-11-11T00:30:00Z,TBL,14,BUF,7,1,4,REG,BUF
2015020224,2015-11-10,2015-11-11T01:00:00Z,MIN,30,WPG,52,5,3,REG,MIN
2015020223,2015-11-10,2015-11-11T01:00:00Z,NSH,18,OTT,9,7,5,REG,NSH
2015020225,2015-11-10,2015-11-11T01:30:00Z,DAL,25,TOR,10,2,3,REG,TOR
2015020226,2015-11-10,2015-11-11T03:30:00Z,LAK,26,ARI,53,2,3,REG,ARI
2015020227,2015-11-10,2015-11-11T03:30:00Z,SJS,28,NYI,2,2,4,REG,NYI
2015020228,2015-11-11,2015-11-12T00:30:00Z,PIT,5,MTL,8,4,3,SO,PIT
2015020229,2015-11-11,2015-11-12T03:00:00Z,ANA,24,EDM,22,3,4,OT,EDM
2015020233,2015-11-12,2015-11-13T00:00:00Z,CAR,12,MIN,30,2,3,OT,MIN
2015020230,2015-11-12,2015-11-13T00:00:00Z,BOS,6,COL,21,2,3,REG,COL
2015020231,2015-11-12,2015-11-13T00:00:00Z,NYR,3,STL,19,6,3,REG,NYR
2015020232,2015-11-12,2015-11-13T00:00:00Z,PHI,4,WSH,15,2,5,REG,WSH
2015020235,2015-11-12,2015-11-13T00:30:00Z,TBL,14,CGY,20,3,1,REG,TBL
2015020236,2015-11-12,2015-11-13T00:30:00Z,FLA,13,BUF,7,2,3,REG,BUF
2015020234,2015-11-12,2015-11-13T00:30:00Z,OTT,9,VAN,23,3,2,REG,OTT
2015020237,2015-11-12,2015-11-13T01:00:00Z,NSH,18,TOR,10,1,2,SO,TOR
2015020238,2015-11-12,2015-11-13T01:30:00Z,CHI,16,NJD,1,2,3,REG,NJD
2015020239,2015-11-12,2015-11-13T01:30:00Z,DAL,25,WPG,52,6,3,REG,DAL
2015020240,2015-11-12,2015-11-13T02:00:00Z,ARI,53,EDM,22,4,1,REG,ARI
2015020241,2015-11-12,2015-11-13T03:30:00Z,LAK,26,NYI,2,2,1,REG,LAK
2015020243,2015-11-13,2015-11-14T00:00:00Z,WSH,15,CGY,20,2,3,OT,CGY
2015020242,2015-11-13,2015-11-14T00:00:00Z,PIT,5,CBJ,29,1,2,REG,CBJ
2015020244,2015-11-13,2015-11-14T00:30:00Z,DET,17,SJS,28,2,3,REG,SJS
2015020245,2015-11-13,2015-11-14T03:00:00Z,ANA,24,NYI,2,1,4,REG,NYI
2015020246,2015-11-14,2015-11-14T18:00:00Z,OTT,9,NYR,3,1,2,SO,NYR
2015020251,2015-11-14,2015-11-15T00:00:00Z,TBL,14,FLA,13,4,5,SO,FLA
2015020250,2015-11-14,2015-11-15T00:00:00Z,MTL,8,COL,21,1,6,REG,COL
2015020248,2015-11-14,2015-11-15T00:00:00Z,BUF,7,SJS,28,1,2,OT,SJS
2015020254,2015-11-14,2015-11-15T00:00:00Z,CBJ,29,ARI,53,5,2,REG,CBJ
2015020255,2015-11-14,2015-11-15T00:00:00Z,NSH,18,WPG,52,7,0,REG,NSH
2015020249,2015-11-14,2015-11-15T00:00:00Z,TOR,10,VAN,23,4,2,REG,TOR
2015020247,2015-11-14,2015-11-15T00:00:00Z,BOS,6,DET,17,3,1,REG,BOS
2015020253,2015-11-14,2015-11-15T00:00:00Z,CAR,12,PHI,4,2,3,OT,PHI
2015020252,2015-11-14,2015-11-15T00:00:00Z,NJD,1,PIT,5,4,0,REG,NJD
2015020257,2015-11-14,2015-11-15T01:00:00Z,DAL,25,MIN,30,3,2,OT,DAL
2015020256,2015-11-14,2015-11-15T01:00:00Z,STL,19,CHI,16,2,4,REG,CHI
2015020258,2015-11-14,2015-11-15T03:00:00Z,LAK,26,EDM,22,4,3,REG,LAK
2015020259,2015-11-15,2015-11-16T00:00:00Z,NYR,3,TOR,10,4,3,REG,NYR
2015020260,2015-11-15,2015-11-16T01:30:00Z,CHI,16,CGY,20,4,1,REG,CHI
2015020261,2015-11-16,2015-11-17T00:00:00Z,NYI,2,ARI,53,5,2,REG,NYI
2015020262,2015-11-16,2015-11-17T00:00:00Z,CAR,12,ANA,24,1,4,REG,ANA
2015020264,2015-11-16,2015-11-17T00:30:00Z,OTT,9,DET,17,3,4,OT,DET
2015020263,2015-11-16,2015-11-17T00:30:00Z,MTL,8,VAN,23,4,3,OT,MTL
2015020265,2015-11-16,2015-11-17T00:30:00Z,FLA,13,TBL,14,1,0,REG,FLA
2015020266,2015-11-16,2015-11-17T01:00:00Z,STL,19,WPG,52,3,2,REG,STL
2015020269,2015-11-17,2015-11-18T00:00:00Z,PHI,4,LAK,26,2,3,SO,LAK
2015020271,2015-11-17,2015-11-18T00:00:00Z,CBJ,29,STL,19,3,1,REG,CBJ
2015020268,2015-11-17,2015-11-18T00:00:00Z,BUF,7,DAL,25,1,3,REG,DAL
2015020267,2015-11-17,2015-11-18T00:00:00Z,BOS,6,SJS,28,4,5,REG,SJS
2015020270,2015-11-17,2015-11-18T00:30:00Z,PIT,5,MIN,30,4,3,REG,PIT
2015020272,2015-11-17,2015-11-18T00:30:00Z,TOR,10,COL,21,5,1,REG,TOR
2015020273,2015-11-17,2015-11-18T01:00:00Z,NSH,18,ANA,24,3,2,REG,NSH
2015020274,2015-11-17,2015-11-18T02:00:00Z,CGY,20,NJD,1,3,2,REG,CGY
2015020275,2015-11-18,2015-11-19T00:30:00Z,WPG,52,VAN,23,4,1,REG,WPG
2015020276,2015-11-18,2015-11-19T01:00:00Z,DET,17,WSH,15,1,2,OT,WSH
2015020277,2015-11-18,2015-11-19T02:30:00Z,EDM,22,CHI,16,3,4,OT,CHI
2015020278,2015-11-19,2015-11-20T00:00:00Z,BOS,6,MIN,30,4,2,REG,BOS
2015020280,2015-11-19,2015-11-20T00:00:00Z,PIT,5,COL,21,4,3,REG,PIT
2015020279,2015-11-19,2015-11-20T00:00:00Z,PHI,4,SJS,28,0,1,OT,SJS
2015020281,2015-11-19,2015-11-20T00:00:00Z,WSH,15,DAL,25,2,3,REG,DAL
2015020284,2015-11-19,2015-11-20T00:30:00Z,TBL,14,NYR,3,2,1,REG,TBL
2015020285,2015-11-19,2015-11-20T00:30:00Z,FLA,13,ANA,24,1,3,REG,ANA
2015020283,2015-11-19,2015-11-20T00:30:00Z,OTT,9,CBJ,29,3,0,REG,OTT
2015020282,2015-11-19,2015-11-20T00:30:00Z,MTL,8,ARI,53,2,3,REG,ARI
2015020286,2015-11-19,2015-11-20T01:00:00Z,STL,19,BUF,7,3,2,SO,STL
2015020287,2015-11-20,2015-11-21T00:00:00Z,CAR,12,TOR,10,1,2,SO,TOR
2015020288,2015-11-20,2015-11-21T00:00:00Z,CBJ,29,NSH,18,4,0,REG,CBJ
2015020290,2015-11-20,2015-11-21T00:30:00Z,NYI,2,MTL,8,3,5,REG,MTL
2015020289,2015-11-20,2015-11-21T00:30:00Z,DET,17,LAK,26,3,2,REG,DET
2015020291,2015-11-20,2015-11-21T02:00:00Z,CGY,20,CHI,16,2,1,OT,CGY
2015020292,2015-11-20,2015-11-21T02:00:00Z,EDM,22,NJD,1,5,1,REG,EDM
2015020297,2015-11-21,2015-11-22T00:00:00Z,PIT,5,SJS,28,1,3,REG,SJS
2015020299,2015-11-21,2015-11-22T00:00:00Z,WPG,52,ARI,53,3,2,REG,WPG
2015020294,2015-11-21,2015-11-22T00:00:00Z,OTT,9,PHI,4,4,0,REG,OTT
2015020298,2015-11-21,2015-11-22T00:00:00Z,WSH,15,COL,21,7,3,REG,WSH
2015020295,2015-11-21,2015-11-22T00:00:00Z,TBL,14,ANA,24,5,0,REG,TBL
2015020293,2015-11-21,2015-11-22T00:00:00Z,BOS,6,TOR,10,2,0,REG,BOS
2015020296,2015-11-21,2015-11-22T00:00:00Z,FLA,13,NYR,3,4,5,OT,NYR
2015020301,2015-11-21,2015-11-22T01:00:00Z,DAL,25,BUF,7,3,0,REG,DAL
2015020300,2015-11-21,2015-11-22T01:00:00Z,STL,19,DET,17,3,4,OT,DET
2015020302,2015-11-21,2015-11-22T01:00:00Z,MIN,30,NSH,18,4,0,REG,MIN
2015020303,2015-11-21,2015-11-22T03:00:00Z,VAN,23,CHI,16,6,3,REG,VAN
2015020304,2015-11-22,2015-11-22T18:00:00Z,CAR,12,LAK,26,4,3,REG,CAR
2015020305,2015-11-22,2015-11-22T22:00:00Z,CBJ,29,SJS,28,3,5,REG,SJS
2015020306,2015-11-22,2015-11-23T00:00:00Z,MTL,8,NYI,2,4,2,REG,MTL
2015020307,2015-11-22,2015-11-23T03:00:00Z,VAN,23,NJD,1,2,3,REG,NJD
2015020310,2015-11-23,2015-11-24T00:00:00Z,PHI,4,CAR,12,3,2,OT,PHI
2015020311,2015-11-23,2015-11-24T00:00:00Z,WSH,15,EDM,22,1,0,REG,WSH
2015020308,2015-11-23,2015-11-24T00:00:00Z,BUF,7,STL,19,1,2,REG,STL
2015020309,2015-11-23,2015-11-24T00:00:00Z,NYR,3,NSH,18,3,0,REG,NYR
2015020312,2015-11-23,2015-11-24T00:30:00Z,TOR,10,BOS,6,3,4,SO,BOS
2015020313,2015-11-23,2015-11-24T00:30:00Z,FLA,13,LAK,26,1,3,REG,LAK
2015020314,2015-11-23,2015-11-24T01:00:00Z,WPG,52,COL,21,1,4,REG,COL
2015020315,2015-11-24,2015-11-25T01:30:00Z,DAL,25,OTT,9,4,7,REG,OTT
2015020316,2015-11-24,2015-11-25T03:00:00Z,ANA,24,CGY,20,5,3,REG,ANA
2015020324,2015-11-25,2015-11-26T00:00:00Z,MIN,30,VAN,23,2,3,REG,VAN
2015020321,2015-11-25,2015-11-26T00:00:00Z,PIT,5,STL,19,4,3,OT,PIT
2015020317,2015-11-25,2015-11-26T00:00:00Z,BUF,7,NSH,18,2,3,REG,NSH
2015020320,2015-11-25,2015-11-26T00:00:00Z,NYR,3,MTL,8,1,5,REG,MTL
2015020318,2015-11-25,2015-11-26T00:00:00Z,NJD,1,CBJ,29,1,2,REG,CBJ
2015020322,2015-11-25,2015-11-26T00:00:00Z,WSH,15,WPG,52,5,3,REG,WSH
2015020323,2015-11-25,2015-11-26T00:00:00Z,CAR,12,EDM,22,4,1,REG,CAR
2015020326,2015-11-25,2015-11-26T00:30:00Z,TBL,14,LAK,26,2,1,SO,TBL
2015020319,2015-11-25,2015-11-26T00:30:00Z,NYI,2,PHI,4,3,1,REG,NYI
2015020325,2015-11-25,2015-11-26T00:30:00Z,DET,17,BOS,6,2,3,OT,BOS
2015020327,2015-11-25,2015-11-26T02:00:00Z,ARI,53,ANA,24,4,2,REG,ARI
2015020328,2015-11-25,2015-11-26T02:30:00Z,COL,21,OTT,9,3,5,REG,OTT
2015020329,2015-11-25,2015-11-26T03:00:00Z,SJS,28,CHI,16,2,5,REG,CHI
2015020330,2015-11-27,2015-11-27T18:00:00Z,BOS,6,NYR,3,4,3,REG,BOS
2015020331,2015-11-27,2015-11-27T20:30:00Z,PHI,4,NSH,18,3,2,OT,PHI
2015020332,2015-11-27,2015-11-27T21:00:00Z,MIN,30,WPG,52,1,3,REG,WPG
2015020334,2015-11-27,2015-11-27T22:00:00Z,WSH,15,TBL,14,4,2,REG,WSH
2015020333,2015-11-27,2015-11-27T22:00:00Z,ANA,24,CHI,16,2,3,OT,CHI
2015020336,2015-11-27,2015-11-28T00:00:00Z,NJD,1,MTL,8,2,3,SO,MTL
2015020335,2015-11-27,2015-11-28T00:00:00Z,BUF,7,CAR,12,4,1,REG,BUF
2015020337,2015-11-27,2015-11-28T00:00:00Z,CBJ,29,PIT,5,2,1,OT,CBJ
2015020339,2015-11-27,2015-11-28T00:30:00Z,FLA,13,NYI,2,3,2,SO,FLA
2015020338,2015-11-27,2015-11-28T00:30:00Z,DET,17,EDM,22,4,3,OT,DET
2015020340,2015-11-27,2015-11-28T01:30:00Z,DAL,25,VAN,23,3,2,SO,DAL
2015020341,2015-11-27,2015-11-28T02:00:00Z,ARI,53,CGY,20,2,1,OT,ARI
2015020342,2015-11-28,2015-11-28T18:30:00Z,NYR,3,PHI,4,0,3,REG,PHI
2015020345,2015-11-28,2015-11-29T00:00:00Z,TBL,14,NYI,2,2,3,REG,NYI
2015020344,2015-11-28,2015-11-29T00:00:00Z,MTL,8,NJD,1,2,3,OT,NJD
2015020343,2015-11-28,2015-11-29T00:00:00Z,TOR,10,WSH,15,2,4,REG,WSH
2015020346,2015-11-28,2015-11-29T00:00:00Z,PIT,5,EDM,22,2,3,SO,EDM
2015020349,2015-11-28,2015-11-29T01:00:00Z,MIN,30,DAL,25,3,4,OT,DAL
2015020348,2015-11-28,2015-11-29T01:00:00Z,NSH,18,BUF,7,1,4,REG,BUF
2015020347,2015-11-28,2015-11-29T01:00:00Z,STL,19,CBJ,29,3,1,REG,STL
2015020352,2015-11-28,2015-11-29T03:00:00Z,SJS,28,CGY,20,5,2,REG,SJS
2015020351,2015-11-28,2015-11-29T03:00:00Z,ARI,53,OTT,9,4,3,REG,ARI
2015020350,2015-11-28,2015-11-29T03:00:00Z,COL,21,WPG,52,5,3,REG,COL
2015020353,2015-11-28,2015-11-29T03:30:00Z,LAK,26,CHI,16,3,2,OT,LAK
2015020354,2015-11-29,2015-11-29T19:00:00Z,DET,17,FLA,13,1,2,OT,FLA
2015020355,2015-11-30,2015-12-01T00:00:00Z,NYI,2,COL,21,5,3,REG,NYI
2015020356,2015-11-30,2015-12-01T00:00:00Z,NYR,3,CAR,12,4,3,REG,NYR
2015020357,2015-11-30,2015-12-01T00:30:00Z,TOR,10,EDM,22,3,0,REG,TOR
2015020358,2015-11-30,2015-12-01T03:00:00Z,ANA,24,VAN,23,4,0,REG,ANA
2015020359,2015-12-01,2015-12-02T00:00:00Z,NJD,1,COL,21,1,2,REG,COL
2015020362,2015-12-01,2015-12-02T00:30:00Z,DET,17,BUF,7,5,4,SO,DET
2015020360,2015-12-01,2015-12-02T00:30:00Z,MTL,8,CBJ,29,2,1,REG,MTL
2015020361,2015-12-01,2015-12-02T00:30:00Z,OTT,9,PHI,4,2,4,REG,PHI
2015020364,2015-12-01,2015-12-02T01:00:00Z,NSH,18,ARI,53,5,2,REG,NSH
2015020363,2015-12-01,2015-12-02T01:00:00Z,STL,19,FLA,13,1,3,REG,FLA
2015020365,2015-12-01,2015-12-02T01:00:00Z,CHI,16,MIN,30,1,2,REG,MIN
2015020366,2015-12-01,2015-12-02T02:00:00Z,CGY,20,DAL,25,4,3,SO,CGY
2015020367,2015-12-01,2015-12-02T03:30:00Z,LAK,26,VAN,23,2,1,OT,LAK
2015020368,2015-12-01,2015-12-02T03:30:00Z,SJS,28,PIT,5,1,5,REG,PIT
2015020369,2015-12-02,2015-12-03T00:30:00Z,WPG,52,TOR,10,6,1,REG,WPG
2015020370,2015-12-02,2015-12-03T01:00:00Z,NYI,2,NYR,3,2,1,SO,NYI
2015020371,2015-12-02,2015-12-03T02:30:00Z,EDM,22,BOS,6,3,2,SO,EDM
2015020372,2015-12-02,2015-12-03T03:30:00Z,ANA,24,TBL,14,1,2,REG,TBL
2015020373,2015-12-03,2015-12-04T00:00:00Z,NYR,3,COL,21,1,2,REG,COL
2015020374,2015-12-03,2015-12-04T00:00:00Z,CAR,12,NJD,1,1,5,REG,NJD
2015020376,2015-12-03,2015-12-04T00:30:00Z,OTT,9,CHI,16,4,3,OT,OTT
2015020375,2015-12-03,2015-12-04T00:30:00Z,MTL,8,WSH,15,2,3,REG,WSH
2015020377,2015-12-03,2015-12-04T00:30:00Z,DET,17,ARI,53,5,1,REG,DET
2015020378,2015-12-03,2015-12-04T01:00:00Z,NSH,18,FLA,13,1,2,REG,FLA
2015020379,2015-12-03,2015-12-04T01:00:00Z,MIN,30,TOR,10,1,0,REG,MIN
2015020380,2015-12-03,2015-12-04T03:00:00Z,VAN,23,DAL,25,2,4,REG,DAL
2015020381,2015-12-04,2015-12-05T00:00:00Z,BUF,7,ARI,53,5,2,REG,BUF
2015020383,2015-12-04,2015-12-05T00:00:00Z,CBJ,29,FLA,13,1,2,SO,FLA
2015020382,2015-12-04,2015-12-05T00:00:00Z,NJD,1,PHI,4,3,4,OT,PHI
2015020384,2015-12-04,2015-12-05T00:30:00Z,NYI,2,STL,19,2,1,SO,NYI
2015020386,2015-12-04,2015-12-05T02:00:00Z,EDM,22,DAL,25,2,1,OT,EDM
2015020385,2015-12-04,2015-12-05T02:00:00Z,CGY,20,BOS,6,5,4,OT,CGY
2015020387,2015-12-04,2015-12-05T03:00:00Z,ANA,24,SJS,28,1,0,REG,ANA
2015020388,2015-12-05,2015-12-05T20:00:00Z,WPG,52,WSH,15,2,1,OT,WPG
2015020389,2015-12-05,2015-12-05T21:00:00Z,LAK,26,PIT,5,5,3,REG,LAK
2015020390,2015-12-05,2015-12-06T00:00:00Z,OTT,9,NYI,2,3,2,OT,OTT
2015020391,2015-12-05,2015-12-06T00:00:00Z,DET,17,NSH,18,5,4,OT,DET
2015020392,2015-12-05,2015-12-06T00:00:00Z,CAR,12,MTL,8,3,2,REG,CAR
2015020393,2015-12-05,2015-12-06T00:00:00Z,STL,19,TOR,10,1,4,REG,TOR
2015020394,2015-12-05,2015-12-06T00:30:00Z,PHI,4,CBJ,29,1,4,REG,CBJ
2015020395,2015-12-05,2015-12-06T01:00:00Z,MIN,30,COL,21,3,0,REG,MIN
2015020396,2015-12-05,2015-12-06T03:00:00Z,VAN,23,BOS,6,0,4,REG,BOS
2015020397,2015-12-05,2015-12-06T03:30:00Z,SJS,28,TBL,14,3,4,REG,TBL
2015020399,2015-12-06,2015-12-06T22:00:00Z,CHI,16,WPG,52,3,1,REG,CHI
2015020398,2015-12-06,2015-12-06T22:00:00Z,CAR,12,ARI,53,5,4,REG,CAR
2015020400,2015-12-06,2015-12-07T00:00:00Z,NJD,1,FLA,13,4,2,REG,NJD
2015020401,2015-12-06,2015-12-07T00:00:00Z,NYR,3,OTT,9,4,1,REG,NYR
2015020403,2015-12-06,2015-12-07T01:00:00Z,ANA,24,PIT,5,2,1,REG,ANA
2015020402,2015-12-06,2015-12-07T01:00:00Z,EDM,22,BUF,7,4,2,REG,EDM
2015020404,2015-12-06,2015-12-07T03:00:00Z,LAK,26,TBL,14,3,1,REG,LAK
2015020405,2015-12-07,2015-12-08T00:00:00Z,BOS,6,NSH,18,2,3,REG,NSH
2015020406,2015-12-07,2015-12-08T02:00:00Z,COL,21,MIN,30,2,1,OT,COL
2015020407,2015-12-07,2015-12-08T03:00:00Z,VAN,23,BUF,7,5,2,REG,VAN
2015020410,2015-12-08,2015-12-09T00:00:00Z,CBJ,29,LAK,26,2,3,OT,LAK
2015020408,2015-12-08,2015-12-09T00:00:00Z,PHI,4,NYI,2,3,4,SO,NYI
2015020409,2015-12-08,2015-12-09T00:30:00Z,WSH,15,DET,17,3,2,SO,WSH
2015020412,2015-12-08,2015-12-09T00:30:00Z,FLA,13,OTT,9,2,4,REG,OTT
2015020411,2015-12-08,2015-12-09T00:30:00Z,TOR,10,NJD,1,3,2,SO,TOR
2015020413,2015-12-08,2015-12-09T01:00:00Z,STL,19,ARI,53,4,1,REG,STL
2015020414,2015-12-08,2015-12-09T01:30:00Z,CHI,16,NSH,18,4,1,REG,CHI
2015020415,2015-12-08,2015-12-09T01:30:00Z,DAL,25,CAR,12,6,5,REG,DAL
2015020416,2015-12-08,2015-12-09T02:00:00Z,CGY,20,SJS,28,4,2,REG,CGY
2015020417,2015-12-09,2015-12-10T00:30:00Z,MTL,8,BOS,6,1,3,REG,BOS
2015020419,2015-12-09,2015-12-10T02:30:00Z,EDM,22,SJS,28,4,3,OT,EDM
2015020418,2015-12-09,2015-12-10T03:00:00Z,COL,21,PIT,5,2,4,REG,PIT
2015020420,2015-12-09,2015-12-10T03:00:00Z,VAN,23,NYR,3,2,1,REG,VAN
2015020421,2015-12-10,2015-12-11T00:30:00Z,DET,17,MTL,8,3,2,REG,DET
2015020422,2015-12-10,2015-12-11T00:30:00Z,TBL,14,OTT,9,4,1,REG,TBL
2015020423,2015-12-10,2015-12-11T00:30:00Z,FLA,13,WSH,15,4,1,REG,FLA
2015020424,2015-12-10,2015-12-11T01:00:00Z,STL,19,PHI,4,2,4,REG,PHI
2015020426,2015-12-10,2015-12-11T01:00:00Z,WPG,52,CBJ,29,6,4,REG,WPG
2015020425,2015-12-10,2015-12-11T01:00:00Z,NSH,18,CHI,16,5,1,REG,NSH
2015020427,2015-12-10,2015-12-11T02:00:00Z,CGY,20,BUF,7,4,3,REG,CGY
2015020428,2015-12-11,2015-12-12T00:00:00Z,NJD,1,DET,17,3,2,OT,NJD
2015020429,2015-12-11,2015-12-12T00:00:00Z,PIT,5,LAK,26,2,3,SO,LAK
2015020431,2015-12-11,2015-12-12T01:30:00Z,DAL,25,PHI,4,3,1,REG,DAL
2015020430,2015-12-11,2015-12-12T01:30:00Z,CHI,16,WPG,52,2,0,REG,CHI
2015020433,2015-12-11,2015-12-12T02:00:00Z,ARI,53,MIN,30,2,1,OT,ARI
2015020432,2015-12-11,2015-12-12T02:30:00Z,EDM,22,NYR,3,7,5,REG,EDM
2015020434,2015-12-11,2015-12-12T03:00:00Z,ANA,24,CAR,12,1,5,REG,CAR
2015020435,2015-12-12,2015-12-12T18:00:00Z,BOS,6,FLA,13,3,1,REG,BOS
2015020437,2015-12-12,2015-12-13T00:00:00Z,MTL,8,OTT,9,3,1,REG,MTL
2015020439,2015-12-12,2015-12-13T00:00:00Z,CBJ,29,NYI,2,2,3,OT,NYI
2015020436,2015-12-12,2015-12-13T00:00:00Z,BUF,7,LAK,26,2,1,OT,BUF
2015020438,2015-12-12,2015-12-13T00:00:00Z,TBL,14,WSH,15,1,2,REG,WSH
2015020440,2015-12-12,2015-12-13T01:00:00Z,STL,19,DAL,25,3,0,REG,STL
2015020441,2015-12-12,2015-12-13T01:00:00Z,NSH,18,COL,21,2,3,REG,COL
2015020442,2015-12-12,2015-12-13T02:00:00Z,ARI,53,CAR,12,4,5,OT,CAR
2015020443,2015-12-12,2015-12-13T03:00:00Z,CGY,20,NYR,3,5,4,OT,CGY
2015020444,2015-12-12,2015-12-13T03:30:00Z,SJS,28,MIN,30,0,2,REG,MIN
2015020445,2015-12-13,2015-12-13T22:00:00Z,NYI,2,NJD,1,4,0,REG,NYI
2015020446,2015-12-13,2015-12-13T23:00:00Z,STL,19,COL,21,1,3,REG,COL
2015020447,2015-12-13,2015-12-14T00:00:00Z,CHI,16,VAN,23,4,0,REG,CHI
2015020449,2015-12-14,2015-12-15T00:00:00Z,PIT,5,WSH,15,1,4,REG,WSH
2015020450,2015-12-14,2015-12-15T00:00:00Z,CBJ,29,TBL,14,1,2,REG,TBL
2015020448,2015-12-14,2015-12-15T00:00:00Z,BOS,6,EDM,22,2,3,OT,EDM
2015020452,2015-12-14,2015-12-15T00:30:00Z,DET,17,BUF,7,1,2,REG,BUF
2015020451,2015-12-14,2015-12-15T00:30:00Z,OTT,9,LAK,26,5,3,REG,OTT
2015020455,2015-12-15,2015-12-16T00:00:00Z,NYR,3,EDM,22,4,2,REG,NYR
2015020453,2015-12-15,2015-12-16T00:00:00Z,BUF,7,NJD,1,0,2,REG,NJD
2015020456,2015-12-15,2015-12-16T00:00:00Z,PHI,4,CAR,12,4,3,OT,PHI
2015020454,2015-12-15,2015-12-16T00:00:00Z,NYI,2,FLA,13,1,5,REG,FLA
2015020458,2015-12-15,2015-12-16T00:30:00Z,MTL,8,SJS,28,1,3,REG,SJS
2015020457,2015-12-15,2015-12-16T00:30:00Z,TOR,10,TBL,14,4,5,OT,TBL
2015020459,2015-12-15,2015-12-16T01:00:00Z,NSH,18,CGY,20,1,2,OT,CGY
2015020461,2015-12-15,2015-12-16T01:00:00Z,WPG,52,STL,19,3,4,REG,STL
2015020460,2015-12-15,2015-12-16T01:00:00Z,MIN,30,VAN,23,6,2,REG,MIN
2015020462,2015-12-15,2015-12-16T01:30:00Z,CHI,16,COL,21,0,3,REG,COL
2015020463,2015-12-15,2015-12-16T01:30:00Z,DAL,25,CBJ,29,5,1,REG,DAL
2015020464,2015-12-16,2015-12-17T00:00:00Z,WSH,15,OTT,9,2,1,REG,WSH
2015020465,2015-12-16,2015-12-17T01:00:00Z,BOS,6,PIT,5,3,0,REG,BOS
2015020466,2015-12-17,2015-12-18T00:00:00Z,BUF,7,ANA,24,3,0,REG,BUF
2015020468,2015-12-17,2015-12-18T00:00:00Z,PHI,4,VAN,23,2,0,REG,PHI
2015020467,2015-12-17,2015-12-18T00:00:00Z,NJD,1,FLA,13,1,5,REG,FLA
2015020470,2015-12-17,2015-12-18T00:30:00Z,MTL,8,LAK,26,0,3,REG,LAK
2015020469,2015-12-17,2015-12-18T00:30:00Z,TOR,10,SJS,28,4,5,OT,SJS
2015020472,2015-12-17,2015-12-18T01:00:00Z,MIN,30,NYR,3,5,2,REG,MIN
2015020471,2015-12-17,2015-12-18T01:00:00Z,STL,19,NSH,18,2,1,REG,STL
2015020474,2015-12-17,2015-12-18T01:30:00Z,DAL,25,CGY,20,1,3,REG,CGY
2015020473,2015-12-17,2015-12-18T01:30:00Z,CHI,16,EDM,22,4,0,REG,CHI
2015020475,2015-12-17,2015-12-18T02:00:00Z,COL,21,NYI,2,2,1,REG,COL
2015020476,2015-12-17,2015-12-18T02:00:00Z,ARI,53,CBJ,29,5,7,REG,CBJ
2015020477,2015-12-18,2015-12-19T00:00:00Z,PIT,5,BOS,6,2,6,REG,BOS
2015020479,2015-12-18,2015-12-19T00:00:00Z,CAR,12,FLA,13,0,2,REG,FLA
2015020478,2015-12-18,2015-12-19T00:00:00Z,WSH,15,TBL,14,5,3,REG,WSH
2015020480,2015-12-18,2015-12-19T00:30:00Z,OTT,9,SJS,28,4,2,REG,OTT
2015020481,2015-12-18,2015-12-19T00:30:00Z,DET,17,VAN,23,3,4,SO,VAN
2015020482,2015-12-18,2015-12-19T01:00:00Z,WPG,52,NYR,3,5,2,REG,WPG
2015020483,2015-12-19,2015-12-19T18:00:00Z,BUF,7,CHI,16,2,3,SO,CHI
2015020484,2015-12-19,2015-12-19T20:00:00Z,STL,19,CGY,20,3,2,REG,STL
2015020485,2015-12-19,2015-12-20T00:00:00Z,TOR,10,LAK,26,5,0,REG,TOR
2015020489,2015-12-19,2015-12-20T00:00:00Z,DAL,25,MTL,8,6,2,REG,DAL
2015020487,2015-12-19,2015-12-20T00:00:00Z,PIT,5,CAR,12,1,2,REG,CAR
2015020488,2015-12-19,2015-12-20T00:00:00Z,CBJ,29,PHI,4,3,2,SO,CBJ
2015020486,2015-12-19,2015-12-20T00:00:00Z,NJD,1,ANA,24,1,2,REG,ANA
2015020490,2015-12-19,2015-12-20T01:00:00Z,NSH,18,MIN,30,3,2,REG,NSH
2015020491,2015-12-19,2015-12-20T02:00:00Z,ARI,53,NYI,2,1,0,REG,ARI
2015020492,2015-12-19,2015-12-20T03:00:00Z,COL,21,EDM,22,5,1,REG,COL
2015020493,2015-12-20,2015-12-20T21:00:00Z,FLA,13,VAN,23,5,4,SO,FLA
2015020495,2015-12-20,2015-12-20T22:00:00Z,TBL,14,OTT,9,5,2,REG,TBL
2015020494,2015-12-20,2015-12-20T22:00:00Z,BOS,6,NJD,1,2,1,SO,BOS
2015020497,2015-12-20,2015-12-21T00:00:00Z,NYR,3,WSH,15,3,7,REG,WSH
2015020496,2015-12-20,2015-12-21T00:00:00Z,DET,17,CGY,20,4,2,REG,DET
2015020498,2015-12-20,2015-12-21T00:00:00Z,CHI,16,SJS,28,4,3,OT,CHI
2015020501,2015-12-21,2015-12-22T00:00:00Z,PIT,5,CBJ,29,5,2,REG,PIT
2015020500,2015-12-21,2015-12-22T00:00:00Z,PHI,4,STL,19,4,3,REG,PHI
2015020502,2015-12-21,2015-12-22T00:00:00Z,CAR,12,WSH,15,1,2,REG,WSH
2015020499,2015-12-21,2015-12-22T00:00:00Z,NYI,2,ANA,24,5,2,REG,NYI
2015020503,2015-12-21,2015-12-22T01:00:00Z,NSH,18,MTL,8,5,1,REG,NSH
2015020504,2015-12-21,2015-12-22T01:00:00Z,MIN,30,DAL,25,3,6,REG,DAL
2015020505,2015-12-21,2015-12-22T02:00:00Z,COL,21,TOR,10,4,7,REG,TOR
2015020506,2015-12-21,2015-12-22T02:00:00Z,EDM,22,WPG,52,3,1,REG,EDM
2015020508,2015-12-22,2015-12-23T00:00:00Z,NYR,3,ANA,24,3,2,OT,NYR
2015020507,2015-12-22,2015-12-23T00:00:00Z,BOS,6,STL,19,0,2,REG,STL
2015020511,2015-12-22,2015-12-23T00:30:00Z,FLA,13,OTT,9,2,1,SO,FLA
2015020510,2015-12-22,2015-12-23T00:30:00Z,TBL,14,VAN,23,1,2,REG,VAN
2015020509,2015-12-22,2015-12-23T00:30:00Z,DET,17,NJD,1,3,4,REG,NJD
2015020512,2015-12-22,2015-12-23T01:00:00Z,MIN,30,MTL,8,2,1,REG,MIN
2015020513,2015-12-22,2015-12-23T01:30:00Z,DAL,25,CHI,16,4,0,REG,DAL
2015020514,2015-12-22,2015-12-23T02:00:00Z,CGY,20,WPG,52,4,1,REG,CGY
2015020515,2015-12-22,2015-12-23T02:00:00Z,ARI,53,TOR,10,3,2,REG,ARI
2015020516,2015-12-22,2015-12-23T03:30:00Z,LAK,26,SJS,28,3,5,REG,SJS
2015020519,2015-12-26,2015-12-27T00:00:00Z,WSH,15,MTL,8,3,1,REG,WSH
2015020517,2015-12-26,2015-12-27T00:00:00Z,BOS,6,BUF,7,3,6,REG,BUF
2015020520,2015-12-26,2015-12-27T00:00:00Z,CAR,12,NJD,1,3,1,REG,CAR
2015020518,2015-12-26,2015-12-27T00:00:00Z,TBL,14,CBJ,29,5,2,REG,TBL
2015020523,2015-12-26,2015-12-27T01:00:00Z,MIN,30,PIT,5,1,3,REG,PIT
2015020521,2015-12-26,2015-12-27T01:00:00Z,STL,19,DAL,25,3,2,SO,STL
2015020522,2015-12-26,2015-12-27T01:00:00Z,NSH,18,DET,17,2,3,REG,DET
2015020524,2015-12-26,2015-12-27T02:00:00Z,ARI,53,LAK,26,3,4,OT,LAK
2015020525,2015-12-26,2015-12-27T03:00:00Z,VAN,23,EDM,22,2,1,OT,VAN
2015020526,2015-12-27,2015-12-27T22:00:00Z,OTT,9,BOS,6,3,1,REG,OTT
2015020529,2015-12-27,2015-12-27T23:00:00Z,DAL,25,STL,19,3,0,REG,DAL
2015020527,2015-12-27,2015-12-27T23:00:00Z,FLA,13,CBJ,29,3,2,REG,FLA
2015020528,2015-12-27,2015-12-27T23:00:00Z,NYI,2,TOR,10,1,3,REG,TOR
2015020530,2015-12-27,2015-12-28T00:00:00Z,CHI,16,CAR,12,1,2,REG,CAR
2015020532,2015-12-27,2015-12-28T01:00:00Z,COL,21,ARI,53,1,2,OT,ARI
2015020533,2015-12-27,2015-12-28T01:00:00Z,ANA,24,PHI,4,4,2,REG,ANA
2015020531,2015-12-27,2015-12-28T01:00:00Z,WPG,52,PIT,5,1,0,REG,WPG
2015020534,2015-12-27,2015-12-28T02:00:00Z,CGY,20,EDM,22,5,3,REG,CGY
2015020535,2015-12-28,2015-12-29T00:00:00Z,BUF,7,WSH,15,0,2,REG,WSH
2015020536,2015-12-28,2015-12-29T00:30:00Z,TBL,14,MTL,8,3,4,SO,MTL
2015020537,2015-12-28,2015-12-29T01:00:00Z,NSH,18,NYR,3,5,3,REG,NSH
2015020538,2015-12-28,2015-12-29T01:00:00Z,MIN,30,DET,17,3,1,REG,MIN
2015020539,2015-12-28,2015-12-29T03:00:00Z,VAN,23,LAK,26,0,5,REG,LAK
2015020540,2015-12-28,2015-12-29T03:30:00Z,SJS,28,COL,21,3,6,REG,COL
2015020544,2015-12-29,2015-12-30T00:00:00Z,CBJ,29,DAL,25,6,3,REG,CBJ
2015020542,2015-12-29,2015-12-30T00:00:00Z,TOR,10,NYI,2,3,6,REG,NYI
2015020541,2015-12-29,2015-12-30T00:00:00Z,BOS,6,OTT,9,7,3,REG,BOS
2015020543,2015-12-29,2015-12-30T00:00:00Z,NJD,1,CAR,12,3,2,REG,NJD
2015020545,2015-12-29,2015-12-30T00:30:00Z,FLA,13,MTL,8,3,1,REG,FLA
2015020546,2015-12-29,2015-12-30T01:00:00Z,STL,19,NSH,18,4,3,OT,STL
2015020547,2015-12-29,2015-12-30T01:00:00Z,WPG,52,DET,17,4,1,REG,WPG
2015020548,2015-12-29,2015-12-30T02:00:00Z,CGY,20,ANA,24,0,1,REG,ANA
2015020549,2015-12-29,2015-12-30T02:00:00Z,EDM,22,LAK,26,2,5,REG,LAK
2015020550,2015-12-29,2015-12-30T02:00:00Z,ARI,53,CHI,16,5,7,REG,CHI
2015020552,2015-12-30,2015-12-31T00:00:00Z,WSH,15,BUF,7,5,2,REG,WSH
2015020551,2015-12-30,2015-12-31T00:00:00Z,PIT,5,TOR,10,2,3,SO,TOR
2015020553,2015-12-30,2015-12-31T00:30:00Z,OTT,9,NJD,1,0,3,REG,NJD
2015020554,2015-12-30,2015-12-31T01:00:00Z,TBL,14,NYR,3,2,5,REG,NYR
2015020555,2015-12-30,2015-12-31T03:30:00Z,SJS,28,PHI,4,4,2,REG,SJS
2015020558,2015-12-31,2015-12-31T23:00:00Z,CAR,12,WSH,15,4,2,REG,CAR
2015020557,2015-12-31,2015-12-31T23:00:00Z,DET,17,PIT,5,2,5,REG,PIT
2015020556,2015-12-31,2015-12-31T23:00:00Z,BUF,7,NYI,2,1,2,REG,NYI
2015020559,2015-12-31,2016-01-01T01:00:00Z,STL,19,MIN,30,1,3,REG,MIN
2015020560,2015-12-31,2016-01-01T01:00:00Z,COL,21,CHI,16,3,4,OT,CHI
2015020561,2015-12-31,2016-01-01T01:30:00Z,DAL,25,NSH,18,5,1,REG,DAL
2015020562,2015-12-31,2016-01-01T02:00:00Z,CGY,20,LAK,26,1,4,REG,LAK
2015020563,2015-12-31,2016-01-01T02:00:00Z,EDM,22,ANA,24,0,1,REG,ANA
2015020564,2015-12-31,2016-01-01T02:00:00Z,ARI,53,WPG,52,4,2,REG,ARI
2015020565,2016-01-01,2016-01-01T18:00:00Z,BOS,6,MTL,8,1,5,REG,MTL
2015020566,2016-01-01,2016-01-02T03:00:00Z,VAN,23,ANA,24,2,1,SO,VAN
2015020567,2016-01-02,2016-01-02T18:00:00Z,BUF,7,DET,17,3,4,REG,DET
2015020568,2016-01-02,2016-01-02T21:00:00Z,EDM,22,ARI,53,4,3,SO,EDM
2015020569,2016-01-02,2016-01-02T21:00:00Z,LAK,26,PHI,4,2,1,REG,LAK
2015020570,2016-01-02,2016-01-03T00:00:00Z,TOR,10,STL,19,4,1,REG,TOR
2015020572,2016-01-02,2016-01-03T00:00:00Z,FLA,13,NYR,3,3,0,REG,FLA
2015020571,2016-01-02,2016-01-03T00:00:00Z,TBL,14,MIN,30,3,2,SO,TBL
2015020575,2016-01-02,2016-01-03T00:00:00Z,CAR,12,NSH,18,1,2,OT,NSH
2015020574,2016-01-02,2016-01-03T00:00:00Z,PIT,5,NYI,2,5,2,REG,PIT
2015020573,2016-01-02,2016-01-03T00:00:00Z,NJD,1,DAL,25,3,2,OT,NJD
2015020576,2016-01-02,2016-01-03T00:00:00Z,CBJ,29,WSH,15,5,4,SO,CBJ
2015020578,2016-01-02,2016-01-03T03:00:00Z,SJS,28,WPG,52,1,4,REG,WPG
2015020577,2016-01-02,2016-01-03T03:00:00Z,COL,21,CGY,20,0,4,REG,CGY
2015020579,2016-01-03,2016-01-03T22:00:00Z,NYI,2,DAL,25,6,5,REG,NYI
2015020580,2016-01-03,2016-01-03T23:00:00Z,FLA,13,MIN,30,2,1,REG,FLA
2015020581,2016-01-03,2016-01-04T00:00:00Z,CHI,16,OTT,9,3,0,REG,CHI
2015020582,2016-01-03,2016-01-04T02:00:00Z,ANA,24,WPG,52,4,1,REG,ANA
2015020583,2016-01-04,2016-01-05T00:00:00Z,NJD,1,DET,17,0,1,REG,DET
2015020584,2016-01-04,2016-01-05T01:00:00Z,STL,19,OTT,9,2,3,OT,OTT
2015020586,2016-01-04,2016-01-05T02:00:00Z,EDM,22,CAR,12,1,0,OT,EDM
2015020585,2016-01-04,2016-01-05T02:00:00Z,COL,21,LAK,26,4,1,REG,COL
2015020587,2016-01-04,2016-01-05T03:00:00Z,VAN,23,ARI,53,2,3,REG,ARI
2015020592,2016-01-05,2016-01-06T00:00:00Z,PIT,5,CHI,16,2,3,OT,CHI
2015020593,2016-01-05,2016-01-06T00:00:00Z,CBJ,29,MIN,30,2,4,REG,MIN
2015020588,2016-01-05,2016-01-06T00:00:00Z,BOS,6,WSH,15,2,3,REG,WSH
2015020589,2016-01-05,2016-01-06T00:00:00Z,BUF,7,FLA,13,1,5,REG,FLA
2015020590,2016-01-05,2016-01-06T00:00:00Z,NYR,3,DAL,25,6,2,REG,NYR
2015020591,2016-01-05,2016-01-06T00:30:00Z,PHI,4,MTL,8,4,3,REG,PHI
2015020594,2016-01-05,2016-01-06T01:00:00Z,NSH,18,WPG,52,1,4,REG,WPG
2015020595,2016-01-05,2016-01-06T02:00:00Z,CGY,20,TBL,14,3,1,REG,CGY
2015020596,2016-01-06,2016-01-07T00:00:00Z,MTL,8,NJD,1,2,1,REG,MTL
2015020597,2016-01-06,2016-01-07T01:00:00Z,CHI,16,PIT,5,3,1,REG,CHI
2015020600,2016-01-06,2016-01-07T03:00:00Z,ANA,24,TOR,10,0,4,REG,TOR
2015020598,2016-01-06,2016-01-07T03:00:00Z,COL,21,STL,19,4,3,OT,COL
2015020599,2016-01-06,2016-01-07T03:00:00Z,VAN,23,CAR,12,3,2,REG,VAN
2015020601,2016-01-07,2016-01-08T00:00:00Z,NYI,2,WSH,15,1,4,REG,WSH
2015020602,2016-01-07,2016-01-08T00:30:00Z,OTT,9,FLA,13,2,3,REG,FLA
2015020603,2016-01-07,2016-01-08T01:00:00Z,MIN,30,PHI,4,3,4,OT,PHI
2015020604,2016-01-07,2016-01-08T01:30:00Z,DAL,25,WPG,52,2,1,SO,DAL
2015020605,2016-01-07,2016-01-08T02:00:00Z,CGY,20,ARI,53,1,2,REG,ARI
2015020607,2016-01-07,2016-01-08T03:30:00Z,SJS,28,DET,17,1,2,REG,DET
2015020606,2016-01-07,2016-01-08T03:30:00Z,LAK,26,TOR,10,2,1,REG,LAK
2015020608,2016-01-08,2016-01-09T00:00:00Z,NJD,1,BOS,6,1,4,REG,BOS
2015020609,2016-01-08,2016-01-09T00:00:00Z,CAR,12,CBJ,29,4,1,REG,CAR
2015020610,2016-01-08,2016-01-09T01:30:00Z,CHI,16,BUF,7,3,1,REG,CHI
2015020612,2016-01-08,2016-01-09T02:00:00Z,EDM,22,TBL,14,2,3,REG,TBL
2015020611,2016-01-08,2016-01-09T02:00:00Z,COL,21,NSH,18,5,3,REG,COL
2015020613,2016-01-08,2016-01-09T03:00:00Z,ANA,24,STL,19,4,3,SO,ANA
2015020614,2016-01-09,2016-01-09T18:00:00Z,NYR,3,WSH,15,3,4,OT,WSH
2015020615,2016-01-09,2016-01-09T18:00:00Z,PHI,4,NYI,2,4,0,REG,PHI
2015020617,2016-01-09,2016-01-10T00:00:00Z,OTT,9,BOS,6,2,1,OT,OTT
2015020619,2016-01-09,2016-01-10T00:00:00Z,SJS,28,TOR,10,7,0,REG,SJS
2015020618,2016-01-09,2016-01-10T00:00:00Z,CBJ,29,CAR,12,3,4,OT,CAR
2015020616,2016-01-09,2016-01-10T00:00:00Z,MTL,8,PIT,5,1,3,REG,PIT
2015020620,2016-01-09,2016-01-10T01:00:00Z,DAL,25,MIN,30,1,2,REG,MIN
2015020621,2016-01-09,2016-01-10T02:00:00Z,ARI,53,NSH,18,4,0,REG,ARI
2015020622,2016-01-09,2016-01-10T03:00:00Z,VAN,23,TBL,14,2,3,OT,TBL
2015020623,2016-01-09,2016-01-10T03:30:00Z,LAK,26,STL,19,1,2,SO,STL
2015020624,2016-01-10,2016-01-10T20:00:00Z,WPG,52,BUF,7,2,4,REG,BUF
2015020625,2016-01-10,2016-01-11T00:00:00Z,WSH,15,OTT,9,7,1,REG,WSH
2015020626,2016-01-10,2016-01-11T00:00:00Z,CHI,16,COL,21,6,3,REG,CHI
2015020627,2016-01-10,2016-01-11T01:00:00Z,MIN,30,NJD,1,1,2,REG,NJD
2015020628,2016-01-10,2016-01-11T01:00:00Z,ANA,24,DET,17,1,2,REG,DET
2015020629,2016-01-10,2016-01-11T02:30:00Z,EDM,22,FLA,13,1,2,REG,FLA
2015020630,2016-01-11,2016-01-12T00:00:00Z,NYR,3,BOS,6,2,1,REG,NYR
2015020631,2016-01-11,2016-01-12T02:00:00Z,CGY,20,SJS,28,4,5,REG,SJS
2015020632,2016-01-11,2016-01-12T03:00:00Z,VAN,23,FLA,13,3,2,OT,VAN
2015020633,2016-01-11,2016-01-12T03:30:00Z,LAK,26,DET,17,4,2,REG,LAK
2015020635,2016-01-12,2016-01-13T00:00:00Z,CAR,12,PIT,5,3,2,OT,CAR
2015020634,2016-01-12,2016-01-13T00:00:00Z,NYI,2,CBJ,29,5,2,REG,NYI
2015020636,2016-01-12,2016-01-13T01:00:00Z,STL,19,NJD,1,5,2,REG,STL
2015020637,2016-01-12,2016-01-13T01:00:00Z,MIN,30,BUF,7,2,3,REG,BUF
2015020638,2016-01-12,2016-01-13T01:00:00Z,WPG,52,SJS,28,1,4,REG,SJS
2015020639,2016-01-12,2016-01-13T01:30:00Z,CHI,16,NSH,18,3,2,REG,CHI
2015020640,2016-01-12,2016-01-13T02:00:00Z,COL,21,TBL,14,0,4,REG,TBL
2015020641,2016-01-12,2016-01-13T02:00:00Z,ARI,53,EDM,22,4,3,OT,ARI
2015020642,2016-01-13,2016-01-14T00:00:00Z,TOR,10,CBJ,29,1,3,REG,CBJ
2015020643,2016-01-13,2016-01-14T01:00:00Z,PHI,4,BOS,6,3,2,REG,PHI
2015020644,2016-01-13,2016-01-14T02:30:00Z,CGY,20,FLA,13,6,0,REG,CGY
2015020645,2016-01-13,2016-01-14T03:00:00Z,ANA,24,OTT,9,4,1,REG,ANA
2015020646,2016-01-14,2016-01-15T00:00:00Z,NYI,2,NYR,3,3,1,REG,NYI
2015020647,2016-01-14,2016-01-15T00:00:00Z,WSH,15,VAN,23,4,1,REG,WSH
2015020648,2016-01-14,2016-01-15T00:30:00Z,MTL,8,CHI,16,1,2,REG,CHI
2015020650,2016-01-14,2016-01-15T01:00:00Z,WPG,52,NSH,18,5,4,OT,WPG
2015020649,2016-01-14,2016-01-15T01:00:00Z,STL,19,CAR,12,1,4,REG,CAR
2015020652,2016-01-14,2016-01-15T02:00:00Z,ARI,53,DET,17,2,3,OT,DET
2015020651,2016-01-14,2016-01-15T02:00:00Z,COL,21,NJD,1,3,0,REG,COL
2015020653,2016-01-14,2016-01-15T03:30:00Z,SJS,28,EDM,22,2,1,SO,SJS
2015020656,2016-01-15,2016-01-16T00:00:00Z,CAR,12,VAN,23,2,3,OT,VAN
2015020654,2016-01-15,2016-01-16T00:00:00Z,BUF,7,BOS,6,1,4,REG,BOS
2015020655,2016-01-15,2016-01-16T00:00:00Z,TOR,10,CHI,16,1,4,REG,CHI
2015020657,2016-01-15,2016-01-16T00:30:00Z,TBL,14,PIT,5,5,4,OT,TBL
2015020658,2016-01-15,2016-01-16T01:00:00Z,MIN,30,WPG,52,0,1,REG,WPG
2015020659,2016-01-15,2016-01-16T03:00:00Z,ANA,24,DAL,25,4,2,REG,ANA
2015020660,2016-01-16,2016-01-16T18:00:00Z,PHI,4,NYR,3,2,3,SO,NYR
2015020667,2016-01-16,2016-01-16T19:00:00Z,ARI,53,NJD,1,0,2,REG,NJD
2015020661,2016-01-16,2016-01-16T21:00:00Z,LAK,26,OTT,9,3,5,REG,OTT
2015020664,2016-01-16,2016-01-17T00:00:00Z,CBJ,29,COL,21,2,1,REG,CBJ
2015020663,2016-01-16,2016-01-17T00:00:00Z,BUF,7,WSH,15,4,1,REG,BUF
2015020662,2016-01-16,2016-01-17T00:00:00Z,BOS,6,TOR,10,3,2,REG,BOS
2015020665,2016-01-16,2016-01-17T00:00:00Z,STL,19,MTL,8,4,3,OT,STL
2015020666,2016-01-16,2016-01-17T01:00:00Z,NSH,18,MIN,30,3,0,REG,NSH
2015020668,2016-01-16,2016-01-17T03:00:00Z,EDM,22,CGY,20,2,1,SO,EDM
2015020669,2016-01-16,2016-01-17T03:30:00Z,SJS,28,DAL,25,4,3,OT,SJS
2015020670,2016-01-17,2016-01-17T20:00:00Z,PIT,5,CAR,12,5,0,REG,PIT
2015020671,2016-01-17,2016-01-17T21:00:00Z,NYI,2,VAN,23,1,2,SO,VAN
2015020673,2016-01-17,2016-01-17T22:00:00Z,WSH,15,NYR,3,5,2,REG,WSH
2015020672,2016-01-17,2016-01-17T22:00:00Z,TBL,14,FLA,13,3,1,REG,TBL
2015020674,2016-01-17,2016-01-18T00:00:00Z,CHI,16,MTL,8,5,2,REG,CHI
2015020675,2016-01-17,2016-01-18T00:30:00Z,DET,17,PHI,4,1,2,SO,PHI
2015020676,2016-01-17,2016-01-18T02:00:00Z,ANA,24,LAK,26,2,3,REG,LAK
2015020677,2016-01-18,2016-01-19T00:30:00Z,FLA,13,EDM,22,2,4,REG,EDM
2015020678,2016-01-18,2016-01-19T01:00:00Z,STL,19,PIT,5,5,2,REG,STL
2015020679,2016-01-18,2016-01-19T01:00:00Z,WPG,52,COL,21,1,2,REG,COL
2015020680,2016-01-18,2016-01-19T02:00:00Z,ARI,53,BUF,7,1,2,REG,BUF
2015020681,2016-01-18,2016-01-19T03:30:00Z,SJS,28,OTT,9,3,4,SO,OTT
2015020685,2016-01-19,2016-01-20T00:00:00Z,CBJ,29,WSH,15,3,6,REG,WSH
2015020683,2016-01-19,2016-01-20T00:00:00Z,NYR,3,VAN,23,3,2,OT,NYR
2015020684,2016-01-19,2016-01-20T00:00:00Z,PHI,4,TOR,10,2,3,REG,TOR
2015020682,2016-01-19,2016-01-20T00:00:00Z,NJD,1,CGY,20,4,2,REG,NJD
2015020686,2016-01-19,2016-01-20T00:30:00Z,MTL,8,BOS,6,1,4,REG,BOS
2015020687,2016-01-19,2016-01-20T00:30:00Z,TBL,14,EDM,22,6,4,REG,TBL
2015020688,2016-01-19,2016-01-20T01:00:00Z,NSH,18,CHI,16,1,4,REG,CHI
2015020689,2016-01-19,2016-01-20T03:30:00Z,LAK,26,DAL,25,3,2,REG,LAK
2015020690,2016-01-20,2016-01-21T01:00:00Z,DET,17,STL,19,1,2,REG,STL
2015020691,2016-01-20,2016-01-21T03:00:00Z,COL,21,BUF,7,2,1,REG,COL
2015020692,2016-01-20,2016-01-21T03:30:00Z,ANA,24,MIN,30,3,1,REG,ANA
2015020696,2016-01-21,2016-01-22T00:00:00Z,CBJ,29,CGY,20,2,4,REG,CGY
2015020693,2016-01-21,2016-01-22T00:00:00Z,BOS,6,VAN,23,2,4,REG,VAN
2015020695,2016-01-21,2016-01-22T00:00:00Z,PIT,5,PHI,4,4,3,REG,PIT
2015020694,2016-01-21,2016-01-22T00:00:00Z,NJD,1,OTT,9,6,3,REG,NJD
2015020698,2016-01-21,2016-01-22T00:30:00Z,TBL,14,CHI,16,2,1,REG,TBL
2015020697,2016-01-21,2016-01-22T00:30:00Z,TOR,10,CAR,12,0,1,OT,CAR
2015020699,2016-01-21,2016-01-22T01:00:00Z,WPG,52,NSH,18,1,4,REG,NSH
2015020700,2016-01-21,2016-01-22T01:30:00Z,DAL,25,EDM,22,3,2,REG,DAL
2015020701,2016-01-21,2016-01-22T02:00:00Z,ARI,53,SJS,28,1,3,REG,SJS
2015020702,2016-01-21,2016-01-22T03:30:00Z,LAK,26,MIN,30,0,3,REG,MIN
2015020705,2016-01-22,2016-01-23T00:00:00Z,CAR,12,NYR,3,1,4,REG,NYR
2015020703,2016-01-22,2016-01-23T00:00:00Z,BUF,7,DET,17,0,3,REG,DET
2015020706,2016-01-22,2016-01-23T00:30:00Z,OTT,9,NYI,2,2,5,REG,NYI
2015020707,2016-01-22,2016-01-23T00:30:00Z,FLA,13,CHI,16,4,0,REG,FLA
2015020708,2016-01-22,2016-01-23T02:00:00Z,COL,21,STL,19,2,1,SO,COL
2015020709,2016-01-23,2016-01-23T17:30:00Z,PIT,5,VAN,23,5,4,REG,PIT
2015020710,2016-01-23,2016-01-23T21:00:00Z,SJS,28,MIN,30,4,3,REG,SJS
2015020715,2016-01-23,2016-01-24T00:00:00Z,WPG,52,NJD,1,1,3,REG,NJD
2015020711,2016-01-23,2016-01-24T00:00:00Z,BOS,6,CBJ,29,3,2,SO,BOS
2015020714,2016-01-23,2016-01-24T00:00:00Z,FLA,13,TBL,14,5,2,REG,FLA
2015020712,2016-01-23,2016-01-24T00:00:00Z,TOR,10,MTL,8,2,3,SO,MTL
2015020713,2016-01-23,2016-01-24T00:00:00Z,DET,17,ANA,24,3,4,REG,ANA
2015020717,2016-01-23,2016-01-24T01:00:00Z,DAL,25,COL,21,1,3,REG,COL
2015020718,2016-01-23,2016-01-24T02:00:00Z,ARI,53,LAK,26,3,2,REG,ARI
2015020719,2016-01-23,2016-01-24T03:00:00Z,EDM,22,NSH,18,1,4,REG,NSH
2015020721,2016-01-24,2016-01-24T20:00:00Z,OTT,9,NYR,3,3,0,REG,OTT
2015020722,2016-01-24,2016-01-24T23:00:00Z,CAR,12,CGY,20,5,2,REG,CAR
2015020723,2016-01-24,2016-01-25T00:00:00Z,CHI,16,STL,19,2,0,REG,CHI
2015020724,2016-01-24,2016-01-25T03:00:00Z,SJS,28,LAK,26,2,3,OT,LAK
2015020727,2016-01-25,2016-01-26T00:00:00Z,PHI,4,BOS,6,2,3,REG,BOS
2015020728,2016-01-25,2016-01-26T00:00:00Z,CBJ,29,MTL,8,5,2,REG,CBJ
2015020725,2016-01-25,2016-01-26T00:00:00Z,NYI,2,DET,17,2,4,REG,DET
2015020726,2016-01-25,2016-01-26T00:30:00Z,NYR,3,BUF,7,6,3,REG,NYR
2015020730,2016-01-25,2016-01-26T01:30:00Z,MIN,30,ARI,53,1,2,SO,ARI
2015020729,2016-01-25,2016-01-26T01:30:00Z,DAL,25,CGY,20,2,1,REG,DAL
2015020731,2016-01-26,2016-01-27T00:00:00Z,BOS,6,ANA,24,2,6,REG,ANA
2015020732,2016-01-26,2016-01-27T00:00:00Z,PIT,5,NJD,1,2,0,REG,PIT
2015020733,2016-01-26,2016-01-27T00:30:00Z,CAR,12,CHI,16,5,0,REG,CAR
2015020735,2016-01-26,2016-01-27T00:30:00Z,OTT,9,BUF,7,2,3,REG,BUF
2015020734,2016-01-26,2016-01-27T00:30:00Z,MTL,8,CBJ,29,2,5,REG,CBJ
2015020736,2016-01-26,2016-01-27T00:30:00Z,FLA,13,TOR,10,5,1,REG,FLA
2015020737,2016-01-26,2016-01-27T01:00:00Z,WPG,52,ARI,53,5,2,REG,WPG
2015020738,2016-01-26,2016-01-27T03:00:00Z,VAN,23,NSH,18,1,2,REG,NSH
2015020739,2016-01-26,2016-01-27T03:00:00Z,SJS,28,COL,21,6,1,REG,SJS
2015020740,2016-01-27,2016-01-28T00:00:00Z,TBL,14,TOR,10,1,0,REG,TBL
2015020741,2016-01-27,2016-01-28T01:00:00Z,WSH,15,PHI,4,3,4,OT,PHI
2015020742,2016-01-27,2016-01-28T02:30:00Z,CGY,20,NSH,18,1,2,REG,NSH
2015020743,2016-01-27,2016-01-28T03:30:00Z,LAK,26,COL,21,3,4,REG,COL
2015020744,2016-02-02,2016-02-03T00:00:00Z,BOS,6,TOR,10,3,4,OT,TOR
2015020747,2016-02-02,2016-02-03T00:00:00Z,PHI,4,MTL,8,4,2,REG,PHI
2015020748,2016-02-02,2016-02-03T00:00:00Z,PIT,5,OTT,9,6,5,REG,PIT
2015020746,2016-02-02,2016-02-03T00:00:00Z,NYI,2,MIN,30,5,3,REG,NYI
2015020745,2016-02-02,2016-02-03T00:00:00Z,NJD,1,NYR,3,3,2,REG,NJD
2015020749,2016-02-02,2016-02-03T00:30:00Z,WSH,15,FLA,13,2,5,REG,FLA
2015020750,2016-02-02,2016-02-03T01:00:00Z,NSH,18,STL,19,0,1,REG,STL
2015020751,2016-02-02,2016-02-03T01:00:00Z,WPG,52,DAL,25,3,5,REG,DAL
2015020753,2016-02-02,2016-02-03T02:00:00Z,EDM,22,CBJ,29,5,1,REG,EDM
2015020754,2016-02-02,2016-02-03T02:00:00Z,ARI,53,LAK,26,2,6,REG,LAK
2015020752,2016-02-02,2016-02-03T02:00:00Z,COL,21,CHI,16,1,2,REG,CHI
2015020755,2016-02-02,2016-02-03T03:00:00Z,ANA,24,SJS,28,3,2,REG,ANA
2015020756,2016-02-03,2016-02-04T00:00:00Z,MTL,8,BUF,7,2,4,REG,BUF
2015020757,2016-02-03,2016-02-04T01:00:00Z,TBL,14,DET,17,3,1,REG,TBL
2015020758,2016-02-03,2016-02-04T02:30:00Z,CGY,20,CAR,12,4,1,REG,CGY
2015020760,2016-02-04,2016-02-05T00:00:00Z,NYR,3,MIN,30,4,2,REG,NYR
2015020759,2016-02-04,2016-02-05T00:00:00Z,BUF,7,BOS,6,2,3,SO,BOS
2015020763,2016-02-04,2016-02-05T00:30:00Z,OTT,9,EDM,22,2,7,REG,EDM
2015020764,2016-02-04,2016-02-05T00:30:00Z,FLA,13,DET,17,6,3,REG,FLA
2015020762,2016-02-04,2016-02-05T00:30:00Z,TOR,10,NJD,1,3,2,SO,TOR
2015020761,2016-02-04,2016-02-05T00:30:00Z,WSH,15,NYI,2,3,2,REG,WSH
2015020765,2016-02-04,2016-02-05T01:00:00Z,STL,19,SJS,28,1,3,REG,SJS
2015020766,2016-02-04,2016-02-05T01:00:00Z,NSH,18,PHI,4,3,6,REG,PHI
2015020767,2016-02-04,2016-02-05T02:00:00Z,COL,21,DAL,25,3,4,OT,DAL
2015020768,2016-02-04,2016-02-05T02:00:00Z,ARI,53,CHI,16,4,5,OT,CHI
2015020770,2016-02-04,2016-02-05T03:00:00Z,LAK,26,ANA,24,2,4,REG,ANA
2015020769,2016-02-04,2016-02-05T03:00:00Z,VAN,23,CBJ,29,1,2,SO,CBJ
2015020771,2016-02-05,2016-02-06T00:30:00Z,TBL,14,PIT,5,6,3,REG,TBL
2015020772,2016-02-05,2016-02-06T01:00:00Z,WPG,52,CAR,12,3,5,REG,CAR
2015020773,2016-02-05,2016-02-06T02:00:00Z,CGY,20,CBJ,29,1,2,REG,CBJ
2015020774,2016-02-05,2016-02-06T03:00:00Z,ANA,24,ARI,53,5,2,REG,ANA
2015020775,2016-02-06,2016-02-06T18:00:00Z,NJD,1,WSH,15,2,3,SO,WSH
2015020776,2016-02-06,2016-02-06T18:00:00Z,PHI,4,NYR,3,2,3,SO,NYR
2015020777,2016-02-06,2016-02-06T19:00:00Z,MTL,8,EDM,22,5,1,REG,MTL
2015020778,2016-02-06,2016-02-06T19:00:00Z,DET,17,NYI,2,5,1,REG,DET
2015020780,2016-02-06,2016-02-07T00:00:00Z,OTT,9,TOR,10,6,1,REG,OTT
2015020779,2016-02-06,2016-02-07T00:00:00Z,BOS,6,BUF,7,2,1,OT,BOS
2015020781,2016-02-06,2016-02-07T00:00:00Z,FLA,13,PIT,5,2,3,OT,PIT
2015020782,2016-02-06,2016-02-07T01:00:00Z,STL,19,MIN,30,4,1,REG,STL
2015020783,2016-02-06,2016-02-07T01:00:00Z,NSH,18,SJS,28,6,2,REG,NSH
2015020784,2016-02-06,2016-02-07T01:00:00Z,DAL,25,CHI,16,1,5,REG,CHI
2015020785,2016-02-06,2016-02-07T03:00:00Z,COL,21,WPG,52,2,4,REG,WPG
2015020786,2016-02-06,2016-02-07T03:00:00Z,VAN,23,CGY,20,1,4,REG,CGY
2015020787,2016-02-07,2016-02-07T17:00:00Z,WSH,15,PHI,4,3,2,REG,WSH
2015020788,2016-02-07,2016-02-07T19:30:00Z,MTL,8,CAR,12,2,1,SO,MTL
2015020789,2016-02-07,2016-02-07T19:30:00Z,NYI,2,EDM,22,8,1,REG,NYI
2015020791,2016-02-08,2016-02-09T00:00:00Z,PIT,5,ANA,24,6,2,REG,PIT
2015020790,2016-02-08,2016-02-09T00:00:00Z,NYR,3,NJD,1,2,1,REG,NYR
2015020793,2016-02-08,2016-02-09T00:30:00Z,DET,17,FLA,13,3,0,REG,DET
2015020792,2016-02-08,2016-02-09T00:30:00Z,OTT,9,TBL,14,5,1,REG,OTT
2015020798,2016-02-09,2016-02-10T00:00:00Z,CBJ,29,NYI,2,2,3,SO,NYI
2015020795,2016-02-09,2016-02-10T00:00:00Z,BUF,7,FLA,13,4,7,REG,FLA
2015020797,2016-02-09,2016-02-10T00:00:00Z,PHI,4,ANA,24,1,4,REG,ANA
2015020794,2016-02-09,2016-02-10T00:00:00Z,BOS,6,LAK,26,2,9,REG,LAK
2015020799,2016-02-09,2016-02-10T00:30:00Z,MTL,8,TBL,14,4,2,REG,MTL
2015020796,2016-02-09,2016-02-10T01:00:00Z,NJD,1,EDM,22,2,1,REG,NJD
2015020802,2016-02-09,2016-02-10T01:00:00Z,MIN,30,DAL,25,3,4,OT,DAL
2015020801,2016-02-09,2016-02-10T01:00:00Z,NSH,18,WSH,15,3,5,REG,WSH
2015020800,2016-02-09,2016-02-10T01:00:00Z,STL,19,WPG,52,1,2,SO,WPG
2015020803,2016-02-09,2016-02-10T01:30:00Z,CHI,16,SJS,28,0,2,REG,SJS
2015020805,2016-02-09,2016-02-10T02:00:00Z,CGY,20,TOR,10,4,3,REG,CGY
2015020804,2016-02-09,2016-02-10T02:00:00Z,COL,21,VAN,23,1,3,REG,VAN
2015020806,2016-02-10,2016-02-11T00:00:00Z,DET,17,OTT,9,3,1,REG,DET
2015020807,2016-02-10,2016-02-11T01:00:00Z,PIT,5,NYR,3,0,3,REG,NYR
2015020808,2016-02-10,2016-02-11T02:30:00Z,ARI,53,VAN,23,1,2,REG,VAN
2015020809,2016-02-11,2016-02-12T00:00:00Z,NYI,2,LAK,26,5,2,REG,NYI
2015020810,2016-02-11,2016-02-12T00:00:00Z,PHI,4,BUF,7,5,1,REG,PHI
2015020811,2016-02-11,2016-02-12T00:00:00Z,CBJ,29,ANA,24,4,3,SO,CBJ
2015020812,2016-02-11,2016-02-12T00:30:00Z,OTT,9,COL,21,3,4,REG,COL
2015020814,2016-02-11,2016-02-12T01:00:00Z,WPG,52,BOS,6,2,6,REG,BOS
2015020813,2016-02-11,2016-02-12T01:00:00Z,MIN,30,WSH,15,3,4,REG,WSH
2015020815,2016-02-11,2016-02-12T01:30:00Z,CHI,16,DAL,25,2,4,REG,DAL
2015020816,2016-02-11,2016-02-12T02:00:00Z,EDM,22,TOR,10,5,2,REG,EDM
2015020817,2016-02-11,2016-02-12T03:30:00Z,SJS,28,CGY,20,5,6,SO,CGY
2015020818,2016-02-12,2016-02-13T00:00:00Z,BUF,7,MTL,8,6,4,REG,BUF
2015020820,2016-02-12,2016-02-13T00:00:00Z,CAR,12,PIT,5,1,2,SO,PIT
2015020819,2016-02-12,2016-02-13T00:00:00Z,NYR,3,LAK,26,4,5,OT,LAK
2015020821,2016-02-12,2016-02-13T00:30:00Z,DET,17,COL,21,2,3,SO,COL
2015020823,2016-02-12,2016-02-13T00:30:00Z,FLA,13,STL,19,3,5,REG,STL
2015020822,2016-02-12,2016-02-13T00:30:00Z,TBL,14,NSH,18,4,3,OT,TBL
2015020824,2016-02-12,2016-02-13T02:00:00Z,ARI,53,CGY,20,4,1,REG,ARI
2015020825,2016-02-13,2016-02-13T18:00:00Z,PHI,4,NJD,1,1,2,OT,NJD
2015020826,2016-02-13,2016-02-13T19:00:00Z,MIN,30,BOS,6,2,4,REG,BOS
2015020827,2016-02-13,2016-02-14T00:00:00Z,FLA,13,NSH,18,0,5,REG,NSH
2015020829,2016-02-13,2016-02-14T00:00:00Z,CBJ,29,OTT,9,4,2,REG,CBJ
2015020828,2016-02-13,2016-02-14T00:00:00Z,CAR,12,NYI,2,6,3,REG,CAR
2015020830,2016-02-13,2016-02-14T00:00:00Z,VAN,23,TOR,10,2,5,REG,TOR
2015020831,2016-02-13,2016-02-14T01:00:00Z,DAL,25,WSH,15,4,3,REG,DAL
2015020832,2016-02-13,2016-02-14T01:30:00Z,CHI,16,ANA,24,2,3,OT,ANA
2015020833,2016-02-13,2016-02-14T03:00:00Z,EDM,22,WPG,52,1,2,SO,WPG
2015020834,2016-02-13,2016-02-14T03:30:00Z,SJS,28,ARI,53,4,1,REG,SJS
2015020836,2016-02-14,2016-02-14T17:30:00Z,NJD,1,LAK,26,1,0,REG,NJD
2015020835,2016-02-14,2016-02-14T17:30:00Z,BUF,7,COL,21,4,1,REG,BUF
2015020837,2016-02-14,2016-02-14T20:30:00Z,DET,17,BOS,6,6,5,REG,DET
2015020838,2016-02-14,2016-02-14T23:00:00Z,TBL,14,STL,19,1,2,REG,STL
2015020839,2016-02-14,2016-02-15T00:30:00Z,NYR,3,PHI,4,3,1,REG,NYR
2015020840,2016-02-15,2016-02-15T18:00:00Z,NYI,2,DET,17,4,1,REG,NYI
2015020841,2016-02-15,2016-02-15T21:00:00Z,CGY,20,ANA,24,4,6,REG,ANA
2015020842,2016-02-15,2016-02-16T00:30:00Z,FLA,13,PIT,5,2,1,SO,FLA
2015020843,2016-02-15,2016-02-16T01:00:00Z,NSH,18,DAL,25,2,3,OT,DAL
2015020844,2016-02-15,2016-02-16T01:30:00Z,CHI,16,TOR,10,7,2,REG,CHI
2015020845,2016-02-15,2016-02-16T02:00:00Z,ARI,53,MTL,8,6,2,REG,ARI
2015020846,2016-02-15,2016-02-16T03:00:00Z,VAN,23,MIN,30,2,5,REG,MIN
2015020848,2016-02-16,2016-02-17T00:00:00Z,WSH,15,LAK,26,3,1,REG,WSH
2015020847,2016-02-16,2016-02-17T00:00:00Z,NJD,1,PHI,4,3,6,REG,PHI
2015020850,2016-02-16,2016-02-17T00:00:00Z,CBJ,29,BOS,6,1,2,OT,BOS
2015020849,2016-02-16,2016-02-17T00:00:00Z,CAR,12,WPG,52,2,1,REG,CAR
2015020852,2016-02-16,2016-02-17T00:30:00Z,TBL,14,SJS,28,2,4,REG,SJS
2015020851,2016-02-16,2016-02-17T00:30:00Z,OTT,9,BUF,7,2,1,SO,OTT
2015020853,2016-02-16,2016-02-17T01:00:00Z,STL,19,DAL,25,2,1,OT,STL
2015020854,2016-02-16,2016-02-17T02:00:00Z,EDM,22,ANA,24,3,5,REG,ANA
2015020855,2016-02-17,2016-02-18T01:00:00Z,NYR,3,CHI,16,3,5,REG,CHI
2015020856,2016-02-17,2016-02-18T01:00:00Z,COL,21,MTL,8,3,2,REG,COL
2015020857,2016-02-17,2016-02-18T03:00:00Z,CGY,20,MIN,30,3,5,REG,MIN
2015020859,2016-02-18,2016-02-19T00:00:00Z,PIT,5,DET,17,6,3,REG,PIT
2015020858,2016-02-18,2016-02-19T00:00:00Z,NYI,2,WSH,15,2,3,OT,WSH
2015020860,2016-02-18,2016-02-19T00:30:00Z,TOR,10,NYR,3,2,4,REG,NYR
2015020861,2016-02-18,2016-02-19T00:30:00Z,OTT,9,CAR,12,4,2,REG,OTT
2015020863,2016-02-18,2016-02-19T00:30:00Z,FLA,13,SJS,28,1,2,SO,SJS
2015020862,2016-02-18,2016-02-19T00:30:00Z,TBL,14,WPG,52,6,5,SO,TBL
2015020865,2016-02-18,2016-02-19T01:00:00Z,NSH,18,BOS,6,2,0,REG,NSH
2015020864,2016-02-18,2016-02-19T01:00:00Z,STL,19,LAK,26,2,1,OT,STL
2015020866,2016-02-18,2016-02-19T02:00:00Z,EDM,22,MIN,30,2,5,REG,MIN
2015020867,2016-02-18,2016-02-19T02:00:00Z,ARI,53,DAL,25,6,3,REG,ARI
2015020868,2016-02-18,2016-02-19T03:00:00Z,VAN,23,ANA,24,2,5,REG,ANA
2015020871,2016-02-19,2016-02-20T00:00:00Z,CBJ,29,BUF,7,0,4,REG,BUF
2015020869,2016-02-19,2016-02-20T00:00:00Z,NJD,1,NYI,2,0,1,REG,NYI
2015020870,2016-02-19,2016-02-20T00:00:00Z,CAR,12,SJS,28,5,2,REG,CAR
2015020872,2016-02-19,2016-02-20T00:30:00Z,MTL,8,PHI,4,3,2,SO,MTL
2015020873,2016-02-19,2016-02-20T02:00:00Z,CGY,20,VAN,23,5,2,REG,CGY
2015020874,2016-02-20,2016-02-20T17:30:00Z,PIT,5,TBL,14,2,4,REG,TBL
2015020878,2016-02-20,2016-02-21T00:00:00Z,WSH,15,NJD,1,4,3,REG,WSH
2015020875,2016-02-20,2016-02-21T00:00:00Z,TOR,10,PHI,4,4,5,OT,PHI
2015020876,2016-02-20,2016-02-21T00:00:00Z,OTT,9,DET,17,3,2,SO,OTT
2015020877,2016-02-20,2016-02-21T00:00:00Z,FLA,13,WPG,52,3,1,REG,FLA
2015020880,2016-02-20,2016-02-21T01:00:00Z,DAL,25,BOS,6,3,7,REG,BOS
2015020879,2016-02-20,2016-02-21T01:00:00Z,NSH,18,LAK,26,1,2,OT,LAK
2015020881,2016-02-20,2016-02-21T02:00:00Z,ARI,53,STL,19,4,6,REG,STL
2015020882,2016-02-20,2016-02-21T03:00:00Z,EDM,22,COL,21,2,3,REG,COL
2015020883,2016-02-21,2016-02-21T17:30:00Z,BUF,7,PIT,5,3,4,REG,PIT
2015020884,2016-02-21,2016-02-21T20:30:00Z,MIN,30,CHI,16,6,1,REG,MIN
2015020887,2016-02-21,2016-02-22T00:00:00Z,ANA,24,CGY,20,5,2,REG,ANA
2015020886,2016-02-21,2016-02-22T00:00:00Z,CAR,12,TBL,14,2,4,REG,TBL
2015020885,2016-02-21,2016-02-22T00:00:00Z,NYR,3,DET,17,1,0,OT,NYR
2015020888,2016-02-21,2016-02-22T03:00:00Z,VAN,23,COL,21,5,1,REG,VAN
2015020890,2016-02-22,2016-02-23T00:00:00Z,WSH,15,ARI,53,3,2,REG,WSH
2015020889,2016-02-22,2016-02-23T00:00:00Z,BOS,6,CBJ,29,4,6,REG,CBJ
2015020891,2016-02-22,2016-02-23T00:30:00Z,MTL,8,NSH,18,1,2,SO,NSH
2015020892,2016-02-22,2016-02-23T01:00:00Z,STL,19,SJS,28,3,6,REG,SJS
2015020894,2016-02-23,2016-02-24T00:00:00Z,CAR,12,PHI,4,3,1,REG,CAR
2015020893,2016-02-23,2016-02-24T00:00:00Z,NJD,1,NYR,3,5,2,REG,NJD
2015020897,2016-02-23,2016-02-24T00:30:00Z,TBL,14,ARI,53,2,1,REG,TBL
2015020895,2016-02-23,2016-02-24T00:30:00Z,TOR,10,NSH,18,2,3,REG,NSH
2015020896,2016-02-23,2016-02-24T00:30:00Z,DET,17,CBJ,29,2,1,SO,DET
2015020898,2016-02-23,2016-02-24T01:00:00Z,MIN,30,NYI,2,1,4,REG,NYI
2015020899,2016-02-23,2016-02-24T01:00:00Z,WPG,52,DAL,25,3,5,REG,DAL
2015020900,2016-02-23,2016-02-24T02:00:00Z,EDM,22,OTT,9,1,4,REG,OTT
2015020901,2016-02-23,2016-02-24T03:30:00Z,LAK,26,CGY,20,2,1,REG,LAK
2015020902,2016-02-24,2016-02-25T00:00:00Z,WSH,15,MTL,8,3,4,REG,MTL
2015020903,2016-02-24,2016-02-25T00:30:00Z,BOS,6,PIT,5,5,1,REG,BOS
2015020904,2016-02-24,2016-02-25T03:00:00Z,COL,21,SJS,28,4,3,SO,COL
2015020905,2016-02-24,2016-02-25T03:30:00Z,ANA,24,BUF,7,1,0,REG,ANA
2015020906,2016-02-25,2016-02-26T00:00:00Z,PHI,4,MIN,30,3,2,REG,PHI
2015020907,2016-02-25,2016-02-26T00:00:00Z,CBJ,29,NJD,1,6,1,REG,CBJ
2015020908,2016-02-25,2016-02-26T00:30:00Z,TOR,10,CAR,12,3,1,REG,TOR
2015020909,2016-02-25,2016-02-26T00:30:00Z,FLA,13,ARI,53,3,2,REG,FLA
2015020910,2016-02-25,2016-02-26T01:00:00Z,STL,19,NYR,3,1,2,REG,NYR
2015020911,2016-02-25,2016-02-26T01:00:00Z,CHI,16,NSH,18,1,3,REG,NSH
2015020912,2016-02-25,2016-02-26T01:30:00Z,DAL,25,WPG,52,3,6,REG,WPG
2015020913,2016-02-25,2016-02-26T02:00:00Z,CGY,20,NYI,2,1,2,OT,NYI
2015020914,2016-02-25,2016-02-26T03:00:00Z,VAN,23,OTT,9,5,3,REG,VAN
2015020915,2016-02-25,2016-02-26T03:30:00Z,LAK,26,EDM,22,2,1,REG,LAK
2015020918,2016-02-26,2016-02-27T00:00:00Z,CAR,12,BOS,6,1,4,REG,BOS
2015020917,2016-02-26,2016-02-27T00:00:00Z,WSH,15,MIN,30,3,2,REG,WSH
2015020916,2016-02-26,2016-02-27T00:00:00Z,NJD,1,TBL,14,0,4,REG,TBL
2015020919,2016-02-26,2016-02-27T03:00:00Z,ANA,24,EDM,22,2,1,OT,ANA
2015020920,2016-02-26,2016-02-27T03:30:00Z,SJS,28,BUF,7,1,3,REG,BUF
2015020921,2016-02-27,2016-02-27T18:00:00Z,PHI,4,ARI,53,4,2,REG,PHI
2015020922,2016-02-27,2016-02-27T20:00:00Z,PIT,5,WPG,52,4,1,REG,PIT
2015020924,2016-02-27,2016-02-27T20:00:00Z,NSH,18,STL,19,5,0,REG,NSH
2015020923,2016-02-27,2016-02-27T20:00:00Z,CBJ,29,FLA,13,4,3,SO,CBJ
2015020925,2016-02-27,2016-02-27T21:00:00Z,DAL,25,NYR,3,2,3,REG,NYR
2015020926,2016-02-27,2016-02-28T00:00:00Z,MTL,8,TOR,10,4,1,REG,MTL
2015020927,2016-02-27,2016-02-28T01:00:00Z,COL,21,DET,17,3,5,REG,DET
2015020928,2016-02-27,2016-02-28T03:00:00Z,CGY,20,OTT,9,4,6,REG,OTT
2015020929,2016-02-27,2016-02-28T04:00:00Z,LAK,26,BUF,7,2,0,REG,LAK
2015020930,2016-02-28,2016-02-28T17:30:00Z,CHI,16,WSH,15,3,2,REG,CHI
2015020932,2016-02-28,2016-02-28T20:00:00Z,MIN,30,FLA,13,3,1,REG,MIN
2015020931,2016-02-28,2016-02-28T20:00:00Z,CAR,12,STL,19,2,5,REG,STL
2015020933,2016-02-28,2016-02-28T23:30:00Z,BOS,6,TBL,14,1,4,REG,TBL
2015020934,2016-02-28,2016-02-29T00:00:00Z,VAN,23,SJS,28,1,4,REG,SJS
2015020935,2016-02-28,2016-02-29T02:00:00Z,ANA,24,LAK,26,4,2,REG,ANA
2015020936,2016-02-28,2016-02-29T02:30:00Z,EDM,22,NYI,2,3,1,REG,EDM
2015020939,2016-02-29,2016-03-01T00:00:00Z,PIT,5,ARI,53,6,0,REG,PIT
2015020938,2016-02-29,2016-03-01T00:00:00Z,PHI,4,CGY,20,5,3,REG,PHI
2015020937,2016-02-29,2016-03-01T00:00:00Z,NYR,3,CBJ,29,2,1,REG,NYR
2015020940,2016-02-29,2016-03-01T00:30:00Z,TOR,10,TBL,14,1,2,REG,TBL
2015020941,2016-02-29,2016-03-01T01:30:00Z,DAL,25,DET,17,2,3,OT,DET
2015020942,2016-02-29,2016-03-01T03:30:00Z,SJS,28,MTL,8,6,2,REG,SJS
2015020943,2016-03-01,2016-03-02T00:00:00Z,BOS,6,CGY,20,2,1,REG,BOS
2015020945,2016-03-01,2016-03-02T00:00:00Z,NJD,1,CAR,12,1,3,REG,CAR
2015020946,2016-03-01,2016-03-02T00:30:00Z,OTT,9,STL,19,3,4,SO,STL
2015020944,2016-03-01,2016-03-02T00:30:00Z,BUF,7,EDM,22,1,2,OT,EDM
2015020720,2016-03-01,2016-03-02T00:30:00Z,WSH,15,PIT,5,3,2,REG,WSH
2015020949,2016-03-01,2016-03-02T01:00:00Z,WPG,52,FLA,13,2,3,REG,FLA
2015020948,2016-03-01,2016-03-02T01:00:00Z,MIN,30,COL,21,6,3,REG,MIN
2015020947,2016-03-01,2016-03-02T01:00:00Z,NSH,18,DAL,25,5,3,REG,NSH
2015020950,2016-03-01,2016-03-02T03:00:00Z,VAN,23,NYI,2,2,3,REG,NYI
2015020951,2016-03-02,2016-03-03T00:00:00Z,WSH,15,TOR,10,3,2,REG,WSH
2015020952,2016-03-02,2016-03-03T01:00:00Z,DET,17,CHI,16,2,5,REG,CHI
2015020953,2016-03-02,2016-03-03T03:00:00Z,ANA,24,MTL,8,3,2,SO,ANA
2015020954,2016-03-03,2016-03-04T00:00:00Z,BOS,6,CHI,16,4,2,REG,BOS
2015020956,2016-03-03,2016-03-04T00:00:00Z,PHI,4,EDM,22,0,4,REG,EDM
2015020957,2016-03-03,2016-03-04T00:00:00Z,PIT,5,NYR,3,4,1,REG,PIT
2015020955,2016-03-03,2016-03-04T00:00:00Z,BUF,7,CGY,20,6,3,REG,BUF
2015020959,2016-03-03,2016-03-04T00:30:00Z,OTT,9,TBL,14,1,4,REG,TBL
2015020958,2016-03-03,2016-03-04T00:30:00Z,TOR,10,MIN,30,1,2,REG,MIN
2015020961,2016-03-03,2016-03-04T01:00:00Z,WPG,52,NYI,2,3,4,OT,NYI
2015020960,2016-03-03,2016-03-04T01:00:00Z,NSH,18,NJD,1,4,5,OT,NJD
2015020962,2016-03-03,2016-03-04T02:00:00Z,COL,21,FLA,13,3,2,REG,COL
2015020963,2016-03-03,2016-03-04T02:00:00Z,ARI,53,ANA,24,1,5,REG,ANA
2015020964,2016-03-03,2016-03-04T03:00:00Z,VAN,23,SJS,28,2,3,REG,SJS
2015020965,2016-03-03,2016-03-04T03:30:00Z,LAK,26,MTL,8,3,2,REG,LAK
2015020967,2016-03-04,2016-03-05T00:00:00Z,CBJ,29,EDM,22,6,3,REG,CBJ
2015020966,2016-03-04,2016-03-05T00:00:00Z,WSH,15,NYR,3,2,3,REG,NYR
2015020968,2016-03-04,2016-03-05T01:30:00Z,DAL,25,NJD,1,4,2,REG,DAL
2015020969,2016-03-05,2016-03-05T18:00:00Z,BUF,7,MIN,30,2,3,SO,MIN
2015020971,2016-03-05,2016-03-05T20:00:00Z,COL,21,NSH,18,2,5,REG,NSH
2015020970,2016-03-05,2016-03-05T20:00:00Z,PIT,5,CGY,20,2,4,REG,CGY
2015020972,2016-03-05,2016-03-05T21:00:00Z,LAK,26,ANA,24,2,3,REG,ANA
2015020975,2016-03-05,2016-03-06T00:00:00Z,TBL,14,CAR,12,4,3,OT,TBL
2015020974,2016-03-05,2016-03-06T00:00:00Z,TOR,10,OTT,9,2,3,REG,OTT
2015020977,2016-03-05,2016-03-06T00:00:00Z,WPG,52,MTL,8,4,2,REG,WPG
2015020973,2016-03-05,2016-03-06T00:00:00Z,BOS,6,WSH,15,1,2,OT,WSH
2015020976,2016-03-05,2016-03-06T00:00:00Z,PHI,4,CBJ,29,6,0,REG,PHI
2015020978,2016-03-05,2016-03-06T02:00:00Z,ARI,53,FLA,13,5,1,REG,ARI
2015020979,2016-03-05,2016-03-06T03:00:00Z,SJS,28,VAN,23,2,4,REG,VAN
2015020980,2016-03-06,2016-03-06T22:00:00Z,OTT,9,DAL,25,1,2,REG,DAL
2015020982,2016-03-06,2016-03-06T22:00:00Z,NYR,3,NYI,2,4,6,REG,NYI
2015020981,2016-03-06,2016-03-06T22:00:00Z,NJD,1,PIT,5,1,6,REG,PIT
2015020983,2016-03-06,2016-03-06T22:00:00Z,CHI,16,DET,17,4,1,REG,CHI
2015020984,2016-03-06,2016-03-07T00:00:00Z,WPG,52,EDM,22,1,2,REG,EDM
2015020985,2016-03-06,2016-03-07T01:00:00Z,MIN,30,STL,19,2,4,REG,STL
2015020986,2016-03-07,2016-03-08T00:00:00Z,PHI,4,TBL,14,4,2,REG,PHI
2015020988,2016-03-07,2016-03-08T00:30:00Z,FLA,13,BOS,6,4,5,OT,BOS
2015020987,2016-03-07,2016-03-08T00:30:00Z,TOR,10,BUF,7,3,4,SO,BUF
2015020989,2016-03-07,2016-03-08T02:00:00Z,COL,21,ARI,53,3,1,REG,COL
2015020990,2016-03-07,2016-03-08T02:00:00Z,CGY,20,SJS,28,1,2,OT,SJS
2015020991,2016-03-07,2016-03-08T03:00:00Z,ANA,24,WSH,15,1,2,SO,WSH
2015020992,2016-03-07,2016-03-08T03:30:00Z,LAK,26,VAN,23,5,1,REG,LAK
2015020995,2016-03-08,2016-03-09T00:00:00Z,CAR,12,OTT,9,4,3,SO,CAR
2015020996,2016-03-08,2016-03-09T00:00:00Z,CBJ,29,DET,17,5,3,REG,CBJ
2015020993,2016-03-08,2016-03-09T00:00:00Z,BUF,7,NYR,3,2,4,REG,NYR
2015020994,2016-03-08,2016-03-09T00:30:00Z,NYI,2,PIT,5,2,1,REG,NYI
2015020997,2016-03-08,2016-03-09T00:30:00Z,MTL,8,DAL,25,4,3,OT,MTL
2015020998,2016-03-08,2016-03-09T00:30:00Z,TBL,14,BOS,6,0,1,OT,BOS
2015020999,2016-03-08,2016-03-09T01:00:00Z,WPG,52,NSH,18,2,4,REG,NSH
2015021000,2016-03-08,2016-03-09T02:00:00Z,EDM,22,SJS,28,0,3,REG,SJS
2015021001,2016-03-09,2016-03-10T00:00:00Z,TOR,10,NYI,2,4,3,SO,TOR
2015021002,2016-03-09,2016-03-10T01:00:00Z,STL,19,CHI,16,3,2,SO,STL
2015021003,2016-03-09,2016-03-10T02:30:00Z,CGY,20,NSH,18,3,2,OT,CGY
2015021004,2016-03-09,2016-03-10T03:00:00Z,COL,21,ANA,24,3,0,REG,COL
2015021005,2016-03-09,2016-03-10T03:00:00Z,VAN,23,ARI,53,3,2,OT,VAN
2015021006,2016-03-09,2016-03-10T03:30:00Z,LAK,26,WSH,15,4,3,OT,LAK
2015021007,2016-03-10,2016-03-11T00:00:00Z,BOS,6,CAR,12,2,3,OT,CAR
2015021008,2016-03-10,2016-03-11T00:30:00Z,MTL,8,BUF,7,3,2,REG,MTL
2015021009,2016-03-10,2016-03-11T00:30:00Z,DET,17,WPG,52,3,2,REG,DET
2015021010,2016-03-10,2016-03-11T00:30:00Z,FLA,13,OTT,9,6,2,REG,FLA
2015021011,2016-03-10,2016-03-11T01:00:00Z,MIN,30,EDM,22,1,2,REG,EDM
2015021012,2016-03-10,2016-03-11T03:30:00Z,SJS,28,NJD,1,0,3,REG,NJD
2015021013,2016-03-11,2016-03-12T00:00:00Z,CBJ,29,PIT,5,2,3,REG,PIT
2015021014,2016-03-11,2016-03-12T00:30:00Z,TBL,14,PHI,4,1,3,REG,PHI
2015021015,2016-03-11,2016-03-12T01:00:00Z,STL,19,ANA,24,5,2,REG,STL
2015021016,2016-03-11,2016-03-12T01:30:00Z,DAL,25,CHI,16,5,2,REG,DAL
2015021017,2016-03-11,2016-03-12T02:00:00Z,CGY,20,ARI,53,1,4,REG,ARI
2015021020,2016-03-12,2016-03-12T18:00:00Z,BUF,7,CAR,12,3,2,OT,BUF
2015021018,2016-03-12,2016-03-12T18:00:00Z,BOS,6,NYI,2,3,1,REG,BOS
2015021019,2016-03-12,2016-03-12T19:00:00Z,DET,17,NYR,3,3,2,OT,DET
2015021023,2016-03-12,2016-03-13T00:00:00Z,FLA,13,PHI,4,5,4,SO,FLA
2015021021,2016-03-12,2016-03-13T00:00:00Z,MTL,8,MIN,30,1,4,REG,MIN
2015021022,2016-03-12,2016-03-13T00:00:00Z,OTT,9,TOR,10,4,0,REG,OTT
2015021024,2016-03-12,2016-03-13T00:00:00Z,WPG,52,COL,21,3,2,REG,WPG
2015021025,2016-03-12,2016-03-13T02:00:00Z,DAL,25,STL,19,4,5,OT,STL
2015021026,2016-03-12,2016-03-13T03:00:00Z,EDM,22,ARI,53,0,4,REG,ARI
2015021027,2016-03-12,2016-03-13T03:00:00Z,VAN,23,NSH,18,4,2,REG,VAN
2015021029,2016-03-12,2016-03-13T03:30:00Z,SJS,28,WSH,15,5,2,REG,SJS
2015021028,2016-03-12,2016-03-13T03:30:00Z,LAK,26,NJD,1,1,2,OT,NJD
2015021030,2016-03-13,2016-03-13T16:30:00Z,NYR,3,PIT,5,3,5,REG,PIT
2015021031,2016-03-13,2016-03-13T19:00:00Z,CBJ,29,TBL,14,0,4,REG,TBL
2015021032,2016-03-13,2016-03-13T23:30:00Z,DET,17,TOR,10,0,1,REG,TOR
2015021033,2016-03-14,2016-03-14T23:00:00Z,NYI,2,FLA,13,3,2,REG,NYI
2015021034,2016-03-14,2016-03-15T00:00:00Z,CHI,16,LAK,26,0,5,REG,LAK
2015021035,2016-03-14,2016-03-15T01:00:00Z,CGY,20,STL,19,7,4,REG,CGY
2015021036,2016-03-14,2016-03-15T01:00:00Z,EDM,22,NSH,18,2,3,REG,NSH
2015021037,2016-03-14,2016-03-15T02:00:00Z,VAN,23,WPG,52,2,5,REG,WPG
2015021038,2016-03-14,2016-03-15T02:00:00Z,ANA,24,NJD,1,7,1,REG,ANA
2015021041,2016-03-15,2016-03-15T23:00:00Z,WSH,15,CAR,12,2,1,OT,WSH
2015021040,2016-03-15,2016-03-15T23:00:00Z,PIT,5,NYI,2,2,1,SO,PIT
2015021043,2016-03-15,2016-03-15T23:30:00Z,MTL,8,FLA,13,1,4,REG,FLA
2015021044,2016-03-15,2016-03-15T23:30:00Z,OTT,9,MIN,30,3,2,OT,OTT
2015021042,2016-03-15,2016-03-15T23:30:00Z,TOR,10,TBL,14,4,1,REG,TOR
2015021039,2016-03-15,2016-03-15T23:30:00Z,PHI,4,DET,17,4,3,REG,PHI
2015021045,2016-03-15,2016-03-16T00:30:00Z,DAL,25,LAK,26,2,5,REG,LAK
2015021046,2016-03-15,2016-03-16T02:00:00Z,SJS,28,BOS,6,3,2,REG,SJS
2015021047,2016-03-16,2016-03-16T23:00:00Z,BUF,7,MTL,8,2,3,OT,MTL
2015021048,2016-03-16,2016-03-17T00:00:00Z,CHI,16,PHI,4,2,3,REG,PHI
2015021049,2016-03-16,2016-03-17T01:30:00Z,EDM,22,STL,19,6,4,REG,EDM
2015021050,2016-03-16,2016-03-17T02:00:00Z,CGY,20,WPG,52,4,1,REG,CGY
2015021051,2016-03-16,2016-03-17T02:00:00Z,VAN,23,COL,21,1,3,REG,COL
2015021052,2016-03-16,2016-03-17T02:30:00Z,ANA,24,NYR,3,1,2,REG,NYR
2015021055,2016-03-17,2016-03-17T23:00:00Z,CBJ,29,DET,17,1,3,REG,DET
2015021053,2016-03-17,2016-03-17T23:00:00Z,NJD,1,MIN,30,7,4,REG,NJD
2015021054,2016-03-17,2016-03-17T23:00:00Z,PIT,5,CAR,12,4,2,REG,PIT
2015021056,2016-03-17,2016-03-17T23:30:00Z,TOR,10,FLA,13,1,4,REG,FLA
2015021057,2016-03-17,2016-03-18T00:00:00Z,NSH,18,NYI,2,4,2,REG,NSH
2015021058,2016-03-17,2016-03-18T00:30:00Z,DAL,25,TBL,14,4,3,REG,DAL
2015021059,2016-03-17,2016-03-18T02:00:00Z,ARI,53,SJS,28,3,1,REG,ARI
2015021060,2016-03-17,2016-03-18T02:30:00Z,LAK,26,NYR,3,4,3,OT,LAK
2015021062,2016-03-18,2016-03-18T23:00:00Z,WSH,15,NSH,18,4,1,REG,WSH
2015021061,2016-03-18,2016-03-18T23:00:00Z,BUF,7,OTT,9,3,1,REG,BUF
2015021063,2016-03-18,2016-03-19T00:00:00Z,WPG,52,CHI,16,0,4,REG,CHI
2015021065,2016-03-18,2016-03-19T01:00:00Z,EDM,22,VAN,23,2,0,REG,EDM
2015021064,2016-03-18,2016-03-19T01:00:00Z,CGY,20,COL,21,3,4,SO,COL
2015021066,2016-03-18,2016-03-19T02:00:00Z,ANA,24,BOS,6,4,0,REG,ANA
2015021067,2016-03-19,2016-03-19T17:00:00Z,PHI,4,PIT,5,1,4,REG,PIT
2015021068,2016-03-19,2016-03-19T18:00:00Z,MIN,30,CAR,12,3,2,SO,MIN
2015021069,2016-03-19,2016-03-19T20:00:00Z,SJS,28,NYR,3,4,1,REG,SJS
2015021071,2016-03-19,2016-03-19T23:00:00Z,OTT,9,MTL,8,5,0,REG,OTT
2015021072,2016-03-19,2016-03-19T23:00:00Z,FLA,13,DET,17,3,5,REG,DET
2015021073,2016-03-19,2016-03-19T23:00:00Z,CBJ,29,NJD,1,6,3,REG,CBJ
2015021070,2016-03-19,2016-03-19T23:00:00Z,TOR,10,BUF,7,4,1,REG,TOR
2015021074,2016-03-19,2016-03-20T00:00:00Z,DAL,25,NYI,2,3,0,REG,DAL
2015021076,2016-03-19,2016-03-20T02:00:00Z,ARI,53,TBL,14,0,2,REG,TBL
2015021075,2016-03-19,2016-03-20T02:00:00Z,VAN,23,STL,19,0,3,REG,STL
2015021077,2016-03-19,2016-03-20T02:30:00Z,LAK,26,BOS,6,2,1,REG,LAK
2015021078,2016-03-20,2016-03-20T19:00:00Z,WPG,52,ANA,24,2,3,OT,ANA
2015021079,2016-03-20,2016-03-20T21:00:00Z,NJD,1,CBJ,29,2,1,REG,NJD
2015021080,2016-03-20,2016-03-20T22:00:00Z,PIT,5,WSH,15,6,2,REG,PIT
2015021081,2016-03-20,2016-03-20T23:00:00Z,MTL,8,CGY,20,1,4,REG,CGY
2015021082,2016-03-20,2016-03-21T00:30:00Z,CHI,16,MIN,30,2,3,SO,MIN
2015021083,2016-03-20,2016-03-21T01:30:00Z,EDM,22,COL,21,2,3,REG,COL
2015021084,2016-03-20,2016-03-21T02:00:00Z,SJS,28,ARI,53,3,0,REG,SJS
2015021086,2016-03-21,2016-03-21T23:00:00Z,NYR,3,FLA,13,4,2,REG,NYR
2015021085,2016-03-21,2016-03-21T23:30:00Z,NYI,2,PHI,4,1,4,REG,PHI
2015021087,2016-03-21,2016-03-21T23:30:00Z,TOR,10,CGY,20,5,2,REG,TOR
2015021088,2016-03-21,2016-03-22T00:00:00Z,NSH,18,LAK,26,5,2,REG,NSH
2015021090,2016-03-22,2016-03-22T23:00:00Z,CBJ,29,PHI,4,3,2,SO,CBJ
2015021089,2016-03-22,2016-03-22T23:00:00Z,CAR,12,BUF,7,2,3,REG,BUF
2015021092,2016-03-22,2016-03-22T23:30:00Z,OTT,9,WSH,15,2,4,REG,WSH
2015021093,2016-03-22,2016-03-22T23:30:00Z,TBL,14,DET,17,6,2,REG,TBL
2015021091,2016-03-22,2016-03-22T23:30:00Z,MTL,8,ANA,24,4,3,REG,MTL
2015021095,2016-03-22,2016-03-23T00:00:00Z,WPG,52,VAN,23,2,0,REG,WPG
2015021096,2016-03-22,2016-03-23T00:30:00Z,CHI,16,DAL,25,2,6,REG,DAL
2015021094,2016-03-22,2016-03-23T00:30:00Z,MIN,30,LAK,26,2,1,REG,MIN
2015021097,2016-03-22,2016-03-23T02:00:00Z,ARI,53,EDM,22,4,2,REG,ARI
2015021098,2016-03-22,2016-03-23T02:30:00Z,SJS,28,STL,19,0,1,REG,STL
2015021099,2016-03-23,2016-03-23T23:00:00Z,NYI,2,OTT,9,3,1,REG,NYI
2015021100,2016-03-23,2016-03-24T00:00:00Z,NYR,3,BOS,6,5,2,REG,NYR
2015021103,2016-03-24,2016-03-24T23:00:00Z,CBJ,29,CAR,12,2,3,REG,CAR
2015021102,2016-03-24,2016-03-24T23:00:00Z,PIT,5,NJD,1,0,3,REG,NJD
2015021101,2016-03-24,2016-03-24T23:00:00Z,BOS,6,FLA,13,1,4,REG,FLA
2015021105,2016-03-24,2016-03-24T23:30:00Z,DET,17,MTL,8,4,3,REG,DET
2015021104,2016-03-24,2016-03-24T23:30:00Z,TOR,10,ANA,24,6,5,OT,TOR
2015021108,2016-03-24,2016-03-25T00:00:00Z,WPG,52,LAK,26,4,1,REG,WPG
2015021107,2016-03-24,2016-03-25T00:00:00Z,MIN,30,CGY,20,6,2,REG,MIN
2015021106,2016-03-24,2016-03-25T00:00:00Z,NSH,18,VAN,23,3,2,SO,NSH
2015021109,2016-03-24,2016-03-25T01:00:00Z,COL,21,PHI,4,2,4,REG,PHI
2015021110,2016-03-24,2016-03-25T02:00:00Z,ARI,53,DAL,25,3,1,REG,ARI
2015021111,2016-03-24,2016-03-25T02:30:00Z,SJS,28,EDM,22,3,6,REG,EDM
2015021112,2016-03-25,2016-03-25T23:00:00Z,NJD,1,WSH,15,0,1,OT,WSH
2015021113,2016-03-25,2016-03-25T23:30:00Z,TBL,14,NYI,2,7,4,REG,TBL
2015021114,2016-03-25,2016-03-26T00:00:00Z,STL,19,VAN,23,4,0,REG,STL
2015021116,2016-03-26,2016-03-26T17:00:00Z,BUF,7,WPG,52,3,2,REG,BUF
2015021115,2016-03-26,2016-03-26T18:00:00Z,DET,17,PIT,5,2,7,REG,PIT
2015021117,2016-03-26,2016-03-26T19:00:00Z,COL,21,MIN,30,0,4,REG,MIN
2015021118,2016-03-26,2016-03-26T20:00:00Z,SJS,28,DAL,25,2,4,REG,DAL
2015021119,2016-03-26,2016-03-26T23:00:00Z,TOR,10,BOS,6,1,3,REG,BOS
2015021121,2016-03-26,2016-03-26T23:00:00Z,OTT,9,ANA,24,3,4,OT,ANA
2015021120,2016-03-26,2016-03-26T23:00:00Z,MTL,8,NYR,3,2,5,REG,NYR
2015021124,2016-03-26,2016-03-26T23:00:00Z,CAR,12,NYI,2,3,4,OT,NYI
2015021123,2016-03-26,2016-03-26T23:00:00Z,WSH,15,STL,19,0,4,REG,STL
2015021122,2016-03-26,2016-03-26T23:00:00Z,TBL,14,FLA,13,2,5,REG,FLA
2015021125,2016-03-26,2016-03-27T00:00:00Z,NSH,18,CBJ,29,5,1,REG,NSH
2015021128,2016-03-26,2016-03-27T02:00:00Z,LAK,26,EDM,22,6,4,REG,LAK
2015021126,2016-03-26,2016-03-27T02:00:00Z,CGY,20,CHI,16,1,4,REG,CHI
2015021127,2016-03-26,2016-03-27T02:00:00Z,ARI,53,PHI,4,2,1,REG,ARI
2015021129,2016-03-27,2016-03-27T21:00:00Z,CAR,12,NJD,1,3,2,REG,CAR
2015021130,2016-03-27,2016-03-27T23:30:00Z,NYR,3,PIT,5,2,3,OT,PIT
2015021131,2016-03-27,2016-03-28T00:00:00Z,VAN,23,CHI,16,2,3,REG,CHI
2015021132,2016-03-28,2016-03-28T23:00:00Z,PHI,4,WPG,52,3,2,OT,PHI
2015021133,2016-03-28,2016-03-28T23:00:00Z,WSH,15,CBJ,29,4,1,REG,WSH
2015021134,2016-03-28,2016-03-28T23:30:00Z,DET,17,BUF,7,3,2,REG,DET
2015021135,2016-03-28,2016-03-28T23:30:00Z,TBL,14,TOR,10,3,0,REG,TBL
2015021136,2016-03-28,2016-03-29T00:00:00Z,NSH,18,COL,21,3,4,REG,COL
2015021137,2016-03-28,2016-03-29T01:00:00Z,EDM,22,ANA,24,1,2,REG,ANA
2015021139,2016-03-28,2016-03-29T02:00:00Z,SJS,28,LAK,26,5,2,REG,SJS
2015021138,2016-03-28,2016-03-29T02:00:00Z,ARI,53,CGY,20,2,5,REG,CGY
2015021141,2016-03-29,2016-03-29T23:00:00Z,NYI,2,CAR,12,2,1,SO,NYI
2015021140,2016-03-29,2016-03-29T23:00:00Z,NJD,1,BOS,6,2,1,REG,NJD
2015021142,2016-03-29,2016-03-29T23:00:00Z,PIT,5,BUF,7,5,4,SO,PIT
2015021143,2016-03-29,2016-03-29T23:30:00Z,MTL,8,DET,17,4,3,REG,MTL
2015021144,2016-03-29,2016-03-29T23:30:00Z,FLA,13,TOR,10,2,5,REG,TOR
2015021146,2016-03-29,2016-03-30T00:00:00Z,MIN,30,CHI,16,4,1,REG,MIN
2015021147,2016-03-29,2016-03-30T00:30:00Z,DAL,25,NSH,18,5,2,REG,DAL
2015021145,2016-03-29,2016-03-30T00:30:00Z,STL,19,COL,21,3,1,REG,STL
2015021148,2016-03-29,2016-03-30T02:00:00Z,VAN,23,SJS,28,1,4,REG,SJS
2015021149,2016-03-30,2016-03-30T23:30:00Z,WPG,52,OTT,9,1,2,REG,OTT
2015021150,2016-03-30,2016-03-31T00:00:00Z,PHI,4,WSH,15,2,1,SO,PHI
2015021151,2016-03-30,2016-03-31T02:00:00Z,ANA,24,CGY,20,8,3,REG,ANA
2015021154,2016-03-31,2016-03-31T23:00:00Z,PIT,5,NSH,18,5,2,REG,PIT
2015021155,2016-03-31,2016-03-31T23:00:00Z,CAR,12,NYR,3,4,3,REG,CAR
2015021153,2016-03-31,2016-03-31T23:00:00Z,NYI,2,CBJ,29,4,3,REG,NYI
2015021152,2016-03-31,2016-03-31T23:00:00Z,BUF,7,TOR,10,4,1,REG,BUF
2015021156,2016-03-31,2016-03-31T23:30:00Z,TBL,14,MTL,8,0,3,REG,MTL
2015021157,2016-03-31,2016-03-31T23:30:00Z,FLA,13,NJD,1,3,2,REG,FLA
2015021158,2016-03-31,2016-04-01T00:00:00Z,MIN,30,OTT,9,2,3,REG,OTT
2015021159,2016-03-31,2016-04-01T00:30:00Z,DAL,25,ARI,53,4,1,REG,DAL
2015021161,2016-03-31,2016-04-01T02:30:00Z,SJS,28,VAN,23,2,4,REG,VAN
2015021160,2016-03-31,2016-04-01T02:30:00Z,LAK,26,CGY,20,3,0,REG,LAK
2015021162,2016-04-01,2016-04-01T23:30:00Z,DET,17,MIN,30,3,2,REG,DET
2015021163,2016-04-01,2016-04-02T00:00:00Z,STL,19,BOS,6,5,6,REG,BOS
2015021164,2016-04-01,2016-04-02T00:00:00Z,WPG,52,CHI,16,4,5,OT,CHI
2015021165,2016-04-01,2016-04-02T01:00:00Z,COL,21,WSH,15,2,4,REG,WSH
2015021166,2016-04-01,2016-04-02T02:00:00Z,ANA,24,VAN,23,2,3,REG,VAN
2015021168,2016-04-02,2016-04-02T17:00:00Z,PHI,4,OTT,9,3,2,REG,PHI
2015021167,2016-04-02,2016-04-02T17:00:00Z,NYI,2,PIT,5,0,5,REG,PIT
2015021169,2016-04-02,2016-04-02T20:00:00Z,LAK,26,DAL,25,2,3,REG,DAL
2015021172,2016-04-02,2016-04-02T23:00:00Z,FLA,13,MTL,8,4,3,REG,FLA
2015021171,2016-04-02,2016-04-02T23:00:00Z,TBL,14,NJD,1,3,1,REG,TBL
2015021174,2016-04-02,2016-04-02T23:00:00Z,CAR,12,CBJ,29,1,5,REG,CBJ
2015021170,2016-04-02,2016-04-02T23:00:00Z,TOR,10,DET,17,2,3,REG,DET
2015021173,2016-04-02,2016-04-02T23:00:00Z,NYR,3,BUF,7,3,4,REG,BUF
2015021175,2016-04-02,2016-04-03T00:00:00Z,NSH,18,SJS,28,2,3,SO,SJS
2015021176,2016-04-02,2016-04-03T02:00:00Z,EDM,22,CGY,20,0,5,REG,CGY
2015021177,2016-04-02,2016-04-03T02:00:00Z,ARI,53,WSH,15,3,0,REG,ARI
2015021178,2016-04-03,2016-04-03T16:30:00Z,CHI,16,BOS,6,6,4,REG,CHI
2015021179,2016-04-03,2016-04-03T21:00:00Z,PIT,5,PHI,4,6,2,REG,PIT
2015021181,2016-04-03,2016-04-04T00:00:00Z,COL,21,STL,19,1,5,REG,STL
2015021180,2016-04-03,2016-04-04T00:00:00Z,WPG,52,MIN,30,5,1,REG,WPG
2015021182,2016-04-03,2016-04-04T01:00:00Z,ANA,24,DAL,25,3,1,REG,ANA
2015021183,2016-04-04,2016-04-04T23:00:00Z,NYI,2,TBL,14,5,2,REG,NYI
2015021184,2016-04-04,2016-04-04T23:00:00Z,CBJ,29,NYR,3,2,4,REG,NYR
2015021185,2016-04-04,2016-04-04T23:30:00Z,TOR,10,FLA,13,3,4,REG,FLA
2015021186,2016-04-04,2016-04-05T00:00:00Z,STL,19,ARI,53,5,2,REG,STL
2015021187,2016-04-04,2016-04-05T02:00:00Z,VAN,23,LAK,26,3,2,REG,VAN
2015021191,2016-04-05,2016-04-05T23:00:00Z,WSH,15,NYI,2,3,4,OT,NYI
2015021189,2016-04-05,2016-04-05T23:00:00Z,NJD,1,BUF,7,1,3,REG,BUF
2015021188,2016-04-05,2016-04-05T23:00:00Z,BOS,6,CAR,12,1,2,SO,CAR
2015021192,2016-04-05,2016-04-05T23:30:00Z,MTL,8,FLA,13,1,4,REG,FLA
2015021193,2016-04-05,2016-04-05T23:30:00Z,OTT,9,PIT,5,3,5,REG,PIT
2015021190,2016-04-05,2016-04-05T23:30:00Z,NYR,3,TBL,14,3,2,REG,NYR
2015021195,2016-04-05,2016-04-06T00:00:00Z,MIN,30,SJS,28,0,3,REG,SJS
2015021194,2016-04-05,2016-04-06T00:00:00Z,NSH,18,COL,21,4,3,REG,NSH
2015021196,2016-04-05,2016-04-06T00:30:00Z,CHI,16,ARI,53,6,2,REG,CHI
2015021197,2016-04-05,2016-04-06T01:00:00Z,CGY,20,LAK,26,4,5,OT,LAK
2015021198,2016-04-05,2016-04-06T02:00:00Z,ANA,24,WPG,52,1,2,OT,WPG
2015021199,2016-04-06,2016-04-06T23:00:00Z,TOR,10,CBJ,29,1,5,REG,CBJ
2015021201,2016-04-06,2016-04-06T23:00:00Z,EDM,22,VAN,23,6,2,REG,EDM
2015021200,2016-04-06,2016-04-07T00:00:00Z,DET,17,PHI,4,3,0,REG,DET
2015021207,2016-04-07,2016-04-07T23:00:00Z,CAR,12,MTL,8,2,4,REG,MTL
2015021204,2016-04-07,2016-04-07T23:00:00Z,NYR,3,NYI,2,1,4,REG,NYI
2015021206,2016-04-07,2016-04-07T23:00:00Z,WSH,15,PIT,5,3,4,OT,PIT
2015021202,2016-04-07,2016-04-07T23:00:00Z,BOS,6,DET,17,5,2,REG,BOS
2015021203,2016-04-07,2016-04-07T23:00:00Z,NJD,1,TBL,14,2,4,REG,TBL
2015021205,2016-04-07,2016-04-07T23:00:00Z,PHI,4,TOR,10,3,4,OT,TOR
2015021208,2016-04-07,2016-04-07T23:30:00Z,OTT,9,FLA,13,3,1,REG,OTT
2015021209,2016-04-07,2016-04-08T00:00:00Z,NSH,18,ARI,53,3,2,OT,NSH
2015021211,2016-04-07,2016-04-08T00:30:00Z,DAL,25,COL,21,4,2,REG,DAL
2015021210,2016-04-07,2016-04-08T00:30:00Z,CHI,16,STL,19,1,2,OT,STL
2015021212,2016-04-07,2016-04-08T01:00:00Z,CGY,20,VAN,23,7,3,REG,CGY
2015021213,2016-04-07,2016-04-08T02:30:00Z,LAK,26,ANA,24,2,1,REG,LAK
2015021214,2016-04-07,2016-04-08T02:30:00Z,SJS,28,WPG,52,4,5,REG,WPG
2015021215,2016-04-08,2016-04-08T23:00:00Z,BUF,7,CBJ,29,1,4,REG,CBJ
2015021216,2016-04-09,2016-04-09T16:30:00Z,BOS,6,OTT,9,1,6,REG,OTT
2015021217,2016-04-09,2016-04-09T16:30:00Z,NYR,3,DET,17,3,2,REG,NYR
2015021218,2016-04-09,2016-04-09T19:00:00Z,PHI,4,PIT,5,3,1,REG,PHI
2015021219,2016-04-09,2016-04-09T21:30:00Z,COL,21,ANA,24,3,5,REG,ANA
2015021221,2016-04-09,2016-04-09T23:00:00Z,FLA,13,CAR,12,5,2,REG,FLA
2015021224,2016-04-09,2016-04-09T23:00:00Z,MIN,30,CGY,20,1,2,REG,CGY
2015021223,2016-04-09,2016-04-09T23:00:00Z,CBJ,29,CHI,16,5,4,OT,CBJ
2015021220,2016-04-09,2016-04-09T23:00:00Z,MTL,8,TBL,14,5,2,REG,MTL
2015021222,2016-04-09,2016-04-09T23:00:00Z,NJD,1,TOR,10,5,1,REG,NJD
2015021225,2016-04-09,2016-04-09T23:30:00Z,NYI,2,BUF,7,3,4,OT,BUF
2015021226,2016-04-09,2016-04-10T00:00:00Z,STL,19,WSH,15,1,5,REG,WSH
2015021227,2016-04-09,2016-04-10T00:00:00Z,DAL,25,NSH,18,3,2,REG,DAL
2015021228,2016-04-09,2016-04-10T02:00:00Z,VAN,23,EDM,22,4,3,SO,VAN
2015021229,2016-04-09,2016-04-10T02:00:00Z,LAK,26,WPG,52,3,4,SO,WPG
2015021230,2016-04-09,2016-04-10T02:30:00Z,SJS,28,ARI,53,1,0,REG,SJS
2015020716,2016-04-10,2016-04-10T23:00:00Z,NYI,2,PHI,4,2,5,REG,PHI
2015020704,2016-04-10,2016-04-10T23:30:00Z,WSH,15,ANA,24,0,2,REG,ANA
2015030121,2016-04-13,2016-04-13T23:00:00Z,TBL,14,DET,17,3,2,REG,TBL
2015030141,2016-04-13,2016-04-14T00:00:00Z,PIT,5,NYR,3,5,2,REG,PIT
2015030161,2016-04-13,2016-04-14T01:30:00Z,STL,19,CHI,16,1,0,OT,STL
2015030131,2016-04-14,2016-04-14T23:00:00Z,WSH,15,PHI,4,2,0,REG,WSH
2015030111,2016-04-14,2016-04-15T00:00:00Z,FLA,13,NYI,2,4,5,REG,NYI
2015030151,2016-04-14,2016-04-15T01:30:00Z,DAL,25,MIN,30,4,0,REG,DAL
2015030181,2016-04-14,2016-04-15T02:30:00Z,LAK,26,SJS,28,3,4,REG,SJS
2015030122,2016-04-15,2016-04-15T23:00:00Z,TBL,14,DET,17,5,2,REG,TBL
2015030112,2016-04-15,2016-04-15T23:30:00Z,FLA,13,NYI,2,3,1,REG,FLA
2015030162,2016-04-15,2016-04-16T00:00:00Z,STL,19,CHI,16,2,3,REG,CHI
2015030171,2016-04-15,2016-04-16T02:30:00Z,ANA,24,NSH,18,2,3,REG,NSH
2015030142,2016-04-16,2016-04-16T19:00:00Z,PIT,5,NYR,3,2,4,REG,NYR
2015030132,2016-04-16,2016-04-16T23:00:00Z,WSH,15,PHI,4,4,1,REG,WSH
2015030152,2016-04-16,2016-04-17T00:00:00Z,DAL,25,MIN,30,2,1,REG,DAL
2015030182,2016-04-16,2016-04-17T02:30:00Z,LAK,26,SJS,28,1,2,REG,SJS
2015030163,2016-04-17,2016-04-17T19:00:00Z,CHI,16,STL,19,2,3,REG,STL
2015030123,2016-04-17,2016-04-17T23:00:00Z,DET,17,TBL,14,2,0,REG,DET
2015030113,2016-04-17,2016-04-18T00:00:00Z,NYI,2,FLA,13,4,3,OT,NYI
2015030172,2016-04-17,2016-04-18T02:30:00Z,ANA,24,NSH,18,2,3,REG,NSH
2015030133,2016-04-18,2016-04-18T23:00:00Z,PHI,4,WSH,15,1,6,REG,WSH
2015030153,2016-04-18,2016-04-19T00:30:00Z,MIN,30,DAL,25,5,3,REG,MIN
2015030183,2016-04-18,2016-04-19T02:30:00Z,SJS,28,LAK,26,1,2,OT,LAK
2015030143,2016-04-19,2016-04-19T23:00:00Z,NYR,3,PIT,5,1,3,REG,PIT
2015030124,2016-04-19,2016-04-19T23:00:00Z,DET,17,TBL,14,2,3,REG,TBL
2015030173,2016-04-19,2016-04-20T01:30:00Z,NSH,18,ANA,24,0,3,REG,ANA
2015030164,2016-04-19,2016-04-20T01:30:00Z,CHI,16,STL,19,3,4,REG,STL
2015030134,2016-04-20,2016-04-20T23:00:00Z,PHI,4,WSH,15,2,1,REG,PHI
2015030114,2016-04-20,2016-04-21T00:00:00Z,NYI,2,FLA,13,1,2,REG,FLA
2015030154,2016-04-20,2016-04-21T01:30:00Z,MIN,30,DAL,25,2,3,REG,DAL
2015030184,2016-04-20,2016-04-21T02:30:00Z,SJS,28,LAK,26,3,2,REG,SJS
2015030144,2016-04-21,2016-04-21T23:00:00Z,NYR,3,PIT,5,0,5,REG,PIT
2015030125,2016-04-21,2016-04-21T23:00:00Z,TBL,14,DET,17,1,0,REG,TBL
2015030174,2016-04-21,2016-04-22T00:00:00Z,NSH,18,ANA,24,1,4,REG,ANA
2015030165,2016-04-21,2016-04-22T01:30:00Z,STL,19,CHI,16,3,4,OT,CHI
2015030135,2016-04-22,2016-04-22T23:00:00Z,WSH,15,PHI,4,0,2,REG,PHI
2015030115,2016-04-22,2016-04-23T00:00:00Z,FLA,13,NYI,2,1,2,OT,NYI
2015030155,2016-04-22,2016-04-23T01:30:00Z,DAL,25,MIN,30,4,5,OT,MIN
2015030185,2016-04-22,2016-04-23T02:30:00Z,LAK,26,SJS,28,3,6,REG,SJS
2015030145,2016-04-23,2016-04-23T19:00:00Z,PIT,5,NYR,3,6,3,REG,PIT
2015030175,2016-04-23,2016-04-23T22:00:00Z,ANA,24,NSH,18,5,2,REG,ANA
2015030166,2016-04-23,2016-04-24T00:00:00Z,CHI,16,STL,19,6,3,REG,CHI
2015030136,2016-04-24,2016-04-24T16:00:00Z,PHI,4,WSH,15,0,1,REG,WSH
2015030156,2016-04-24,2016-04-24T19:00:00Z,MIN,30,DAL,25,4,5,REG,DAL
2015030116,2016-04-24,2016-04-24T23:00:00Z,NYI,2,FLA,13,2,1,OT,NYI
2015030176,2016-04-25,2016-04-26T00:00:00Z,NSH,18,ANA,24,3,1,REG,NSH
2015030167,2016-04-25,2016-04-26T00:30:00Z,STL,19,CHI,16,3,2,REG,STL
2015030211,2016-04-27,2016-04-27T23:00:00Z,TBL,14,NYI,2,3,5,REG,NYI
2015030177,2016-04-27,2016-04-28T02:00:00Z,ANA,24,NSH,18,1,2,REG,NSH
2015030221,2016-04-28,2016-04-29T00:00:00Z,WSH,15,PIT,5,4,3,OT,WSH
2015030231,2016-04-29,2016-04-30T00:00:00Z,DAL,25,STL,19,2,1,REG,DAL
2015030241,2016-04-29,2016-04-30T02:30:00Z,SJS,28,NSH,18,5,2,REG,SJS
2015030212,2016-04-30,2016-04-30T19:00:00Z,TBL,14,NYI,2,4,1,REG,TBL
2015030222,2016-04-30,2016-05-01T00:00:00Z,WSH,15,PIT,5,1,2,REG,PIT
2015030232,2016-05-01,2016-05-01T19:00:00Z,DAL,25,STL,19,3,4,OT,STL
2015030242,2016-05-01,2016-05-02T00:00:00Z,SJS,28,NSH,18,3,2,REG,SJS
2015030223,2016-05-02,2016-05-03T00:00:00Z,PIT,5,WSH,15,3,2,REG,PIT
2015030213,2016-05-03,2016-05-03T23:00:00Z,NYI,2,TBL,14,4,5,OT,TBL
2015030243,2016-05-03,2016-05-04T01:00:00Z,NSH,18,SJS,28,4,1,REG,NSH
2015030233,2016-05-03,2016-05-04T01:30:00Z,STL,19,DAL,25,6,1,REG,STL
2015030224,2016-05-04,2016-05-05T00:00:00Z,PIT,5,WSH,15,3,2,OT,PIT
2015030234,2016-05-05,2016-05-06T00:00:00Z,STL,19,DAL,25,2,3,OT,DAL
2015030244,2016-05-05,2016-05-06T01:00:00Z,NSH,18,SJS,28,4,3,OT,NSH
2015030214,2016-05-06,2016-05-06T23:00:00Z,NYI,2,TBL,14,1,2,OT,TBL
2015030235,2016-05-07,2016-05-07T17:00:00Z,DAL,25,STL,19,1,4,REG,STL
2015030225,2016-05-07,2016-05-07T23:15:00Z,WSH,15,PIT,5,3,1,REG,WSH
2015030245,2016-05-07,2016-05-08T02:00:00Z,SJS,28,NSH,18,5,1,REG,SJS
2015030215,2016-05-08,2016-05-08T19:00:00Z,TBL,14,NYI,2,4,0,REG,TBL
2015030236,2016-05-09,2016-05-10T00:00:00Z,STL,19,DAL,25,2,3,REG,DAL
2015030246,2016-05-09,2016-05-10T01:00:00Z,NSH,18,SJS,28,4,3,OT,NSH
2015030226,2016-05-10,2016-05-11T00:00:00Z,PIT,5,WSH,15,4,3,OT,PIT
2015030237,2016-05-11,2016-05-12T00:00:00Z,DAL,25,STL,19,1,6,REG,STL
2015030247,2016-05-12,2016-05-13T01:00:00Z,SJS,28,NSH,18,5,0,REG,SJS
2015030311,2016-05-13,2016-05-14T00:00:00Z,PIT,5,TBL,14,1,3,REG,TBL
2015030321,2016-05-15,2016-05-16T00:00:00Z,STL,19,SJS,28,2,1,REG,STL
2015030312,2016-05-16,2016-05-17T00:00:00Z,PIT,5,TBL,14,3,2,OT,PIT
2015030322,2016-05-17,2016-05-18T00:00:00Z,STL,19,SJS,28,0,4,REG,SJS
2015030313,2016-05-18,2016-05-19T00:00:00Z,TBL,14,PIT,5,2,4,REG,PIT
2015030323,2016-05-19,2016-05-20T01:00:00Z,SJS,28,STL,19,3,0,REG,SJS
2015030314,2016-05-20,2016-05-21T00:00:00Z,TBL,14,PIT,5,4,3,REG,TBL
2015030324,2016-05-21,2016-05-21T23:15:00Z,SJS,28,STL,19,3,6,REG,STL
2015030315,2016-05-22,2016-05-23T00:00:00Z,PIT,5,TBL,14,3,4,OT,TBL
2015030325,2016-05-23,2016-05-24T00:00:00Z,STL,19,SJS,28,3,6,REG,SJS
2015030316,2016-05-24,2016-05-25T00:00:00Z,TBL,14,PIT,5,2,5,REG,PIT
2015030326,2016-05-25,2016-05-26T01:00:00Z,SJS,28,STL,19,5,2,REG,SJS
2015030317,2016-05-26,2016-05-27T00:00:00Z,PIT,5,TBL,14,2,1,REG,PIT
2015030411,2016-05-30,2016-05-31T00:00:00Z,PIT,5,SJS,28,3,2,REG,PIT
2015030412,2016-06-01,2016-06-02T00:00:00Z,PIT,5,SJS,28,2,1,OT,PIT
2015030413,2016-06-04,2016-06-05T00:00:00Z,SJS,28,PIT,5,3,2,OT,SJS
2015030414,2016-06-06,2016-06-07T00:00:00Z,SJS,28,PIT,5,1,3,REG,PIT
2015030415,2016-06-09,2016-06-10T00:00:00Z,PIT,5,SJS,28,2,4,REG,SJS
2015030416,2016-06-12,2016-06-13T00:00:00Z,SJS,28,PIT,5,1,3,REG,PIT
