gameIdx,team_tri,gameid,teamloc,goals,win,seasonIdx,gameDate,gameEnd
NJD_BUF_2024-10-04,NJD,2024020001,away,4,1,2,2024-10-04,REG
NJD_BUF_2024-10-04,BUF,2024020001,home,1,0,2,2024-10-04,REG
BUF_NJD_2024-10-05,BUF,2024020002,away,1,0,2,2024-10-05,REG
BUF_NJD_2024-10-05,NJD,2024020002,home,3,1,2,2024-10-05,REG
STL_SEA_2024-10-08,STL,2024020003,away,3,1,2,2024-10-08,REG
STL_SEA_2024-10-08,SEA,2024020003,home,2,0,2,2024-10-08,REG
BOS_FLA_2024-10-08,BOS,2024020004,away,4,0,2,2024-10-08,REG
BOS_FLA_2024-10-08,FLA,2024020004,home,6,1,2,2024-10-08,REG
CHI_UTA_2024-10-08,CHI,2024020005,away,2,0,2,2024-10-08,REG
CHI_UTA_2024-10-08,UTA,2024020005,home,5,1,2,2024-10-08,REG
TOR_MTL_2024-10-09,TOR,2024020006,away,0,0,2,2024-10-09,REG
TOR_MTL_2024-10-09,MTL,2024020006,home,1,1,2,2024-10-09,REG
NYR_PIT_2024-10-09,NYR,2024020007,away,6,1,2,2024-10-09,REG
NYR_PIT_2024-10-09,PIT,2024020007,home,0,0,2,2024-10-09,REG
COL_VGK_2024-10-09,COL,2024020010,away,4,0,2,2024-10-09,REG
COL_VGK_2024-10-09,VGK,2024020010,home,8,1,2,2024-10-09,REG
CGY_VAN_2024-10-09,CGY,2024020009,away,6,1,2,2024-10-09,OT
CGY_VAN_2024-10-09,VAN,2024020009,home,5,0,2,2024-10-09,OT
WPG_EDM_2024-10-09,WPG,2024020008,away,6,1,2,2024-10-09,REG
WPG_EDM_2024-10-09,EDM,2024020008,home,0,0,2,2024-10-09,REG
MTL_BOS_2024-10-10,MTL,2024020011,away,4,0,2,2024-10-10,REG
MTL_BOS_2024-10-10,BOS,2024020011,home,6,1,2,2024-10-10,REG
TOR_NJD_2024-10-10,TOR,2024020015,away,4,1,2,2024-10-10,REG
TOR_NJD_2024-10-10,NJD,2024020015,home,2,0,2,2024-10-10,REG
LAK_BUF_2024-10-10,LAK,2024020012,away,3,1,2,2024-10-10,REG
LAK_BUF_2024-10-10,BUF,2024020012,home,1,0,2,2024-10-10,REG
FLA_OTT_2024-10-10,FLA,2024020013,away,1,0,2,2024-10-10,REG
FLA_OTT_2024-10-10,OTT,2024020013,home,3,1,2,2024-10-10,REG
UTA_NYI_2024-10-10,UTA,2024020016,away,5,1,2,2024-10-10,OT
UTA_NYI_2024-10-10,NYI,2024020016,home,4,0,2,2024-10-10,OT
DAL_NSH_2024-10-10,DAL,2024020017,away,4,1,2,2024-10-10,REG
DAL_NSH_2024-10-10,NSH,2024020017,home,3,0,2,2024-10-10,REG
PIT_DET_2024-10-10,PIT,2024020014,away,6,1,2,2024-10-10,REG
PIT_DET_2024-10-10,DET,2024020014,home,3,0,2,2024-10-10,REG
CBJ_MIN_2024-10-10,CBJ,2024020018,away,2,0,2,2024-10-10,REG
CBJ_MIN_2024-10-10,MIN,2024020018,home,3,1,2,2024-10-10,REG
STL_SJS_2024-10-10,STL,2024020019,away,5,1,2,2024-10-10,OT
STL_SJS_2024-10-10,SJS,2024020019,home,4,0,2,2024-10-10,OT
TBL_CAR_2024-10-11,TBL,2024020020,away,4,1,2,2024-10-11,REG
TBL_CAR_2024-10-11,CAR,2024020020,home,1,0,2,2024-10-11,REG
CHI_WPG_2024-10-11,CHI,2024020021,away,1,0,2,2024-10-11,OT
CHI_WPG_2024-10-11,WPG,2024020021,home,2,1,2,2024-10-11,OT
STL_VGK_2024-10-11,STL,2024020023,away,3,0,2,2024-10-11,REG
STL_VGK_2024-10-11,VGK,2024020023,home,4,1,2,2024-10-11,REG
PHI_VAN_2024-10-11,PHI,2024020022,away,3,1,2,2024-10-11,SO
PHI_VAN_2024-10-11,VAN,2024020022,home,2,0,2,2024-10-11,SO
LAK_BOS_2024-10-12,LAK,2024020024,away,1,0,2,2024-10-12,OT
LAK_BOS_2024-10-12,BOS,2024020024,home,2,1,2,2024-10-12,OT
NJD_WSH_2024-10-12,NJD,2024020031,away,5,1,2,2024-10-12,REG
NJD_WSH_2024-10-12,WSH,2024020031,home,3,0,2,2024-10-12,REG
PIT_TOR_2024-10-12,PIT,2024020026,away,2,0,2,2024-10-12,REG
PIT_TOR_2024-10-12,TOR,2024020026,home,4,1,2,2024-10-12,REG
OTT_MTL_2024-10-12,OTT,2024020027,away,1,0,2,2024-10-12,REG
OTT_MTL_2024-10-12,MTL,2024020027,home,4,1,2,2024-10-12,REG
UTA_NYR_2024-10-12,UTA,2024020030,away,6,1,2,2024-10-12,OT
UTA_NYR_2024-10-12,NYR,2024020030,home,5,0,2,2024-10-12,OT
NSH_DET_2024-10-12,NSH,2024020028,away,0,0,2,2024-10-12,REG
NSH_DET_2024-10-12,DET,2024020028,home,3,1,2,2024-10-12,REG
FLA_BUF_2024-10-12,FLA,2024020025,away,2,0,2,2024-10-12,REG
FLA_BUF_2024-10-12,BUF,2024020025,home,5,1,2,2024-10-12,REG
SEA_MIN_2024-10-12,SEA,2024020033,away,5,1,2,2024-10-12,SO
SEA_MIN_2024-10-12,MIN,2024020033,home,4,0,2,2024-10-12,SO
NYI_DAL_2024-10-12,NYI,2024020032,away,0,0,2,2024-10-12,REG
NYI_DAL_2024-10-12,DAL,2024020032,home,3,1,2,2024-10-12,REG
CBJ_COL_2024-10-12,CBJ,2024020034,away,6,1,2,2024-10-12,REG
CBJ_COL_2024-10-12,COL,2024020034,home,4,0,2,2024-10-12,REG
PHI_CGY_2024-10-12,PHI,2024020035,away,3,0,2,2024-10-12,REG
PHI_CGY_2024-10-12,CGY,2024020035,home,6,1,2,2024-10-12,REG
ANA_SJS_2024-10-12,ANA,2024020037,away,2,1,2,2024-10-12,REG
ANA_SJS_2024-10-12,SJS,2024020037,home,0,0,2,2024-10-12,REG
CHI_EDM_2024-10-12,CHI,2024020036,away,5,1,2,2024-10-12,REG
CHI_EDM_2024-10-12,EDM,2024020036,home,2,0,2,2024-10-12,REG
MIN_WPG_2024-10-13,MIN,2024020038,away,1,0,2,2024-10-13,OT
MIN_WPG_2024-10-13,WPG,2024020038,home,2,1,2,2024-10-13,OT
SEA_DAL_2024-10-13,SEA,2024020039,away,0,0,2,2024-10-13,REG
SEA_DAL_2024-10-13,DAL,2024020039,home,2,1,2,2024-10-13,REG
CGY_EDM_2024-10-13,CGY,2024020040,away,4,1,2,2024-10-13,REG
CGY_EDM_2024-10-13,EDM,2024020040,home,1,0,2,2024-10-13,REG
ANA_VGK_2024-10-13,ANA,2024020041,away,1,0,2,2024-10-13,REG
ANA_VGK_2024-10-13,VGK,2024020041,home,3,1,2,2024-10-13,REG
UTA_NJD_2024-10-14,UTA,2024020044,away,0,0,2,2024-10-14,REG
UTA_NJD_2024-10-14,NJD,2024020044,home,3,1,2,2024-10-14,REG
FLA_BOS_2024-10-14,FLA,2024020042,away,4,1,2,2024-10-14,REG
FLA_BOS_2024-10-14,BOS,2024020042,home,3,0,2,2024-10-14,REG
LAK_OTT_2024-10-14,LAK,2024020043,away,7,0,2,2024-10-14,OT
LAK_OTT_2024-10-14,OTT,2024020043,home,8,1,2,2024-10-14,OT
DET_NYR_2024-10-14,DET,2024020045,away,1,0,2,2024-10-14,REG
DET_NYR_2024-10-14,NYR,2024020045,home,4,1,2,2024-10-14,REG
PIT_MTL_2024-10-14,PIT,2024020046,away,6,1,2,2024-10-14,REG
PIT_MTL_2024-10-14,MTL,2024020046,home,3,0,2,2024-10-14,REG
NYI_COL_2024-10-14,NYI,2024020047,away,6,1,2,2024-10-14,REG
NYI_COL_2024-10-14,COL,2024020047,home,2,0,2,2024-10-14,REG
VAN_TBL_2024-10-15,VAN,2024020048,away,1,0,2,2024-10-15,REG
VAN_TBL_2024-10-15,TBL,2024020048,home,4,1,2,2024-10-15,REG
NJD_CAR_2024-10-15,NJD,2024020050,away,2,0,2,2024-10-15,REG
NJD_CAR_2024-10-15,CAR,2024020050,home,4,1,2,2024-10-15,REG
VGK_WSH_2024-10-15,VGK,2024020049,away,2,0,2,2024-10-15,REG
VGK_WSH_2024-10-15,WSH,2024020049,home,4,1,2,2024-10-15,REG
FLA_CBJ_2024-10-15,FLA,2024020051,away,4,1,2,2024-10-15,REG
FLA_CBJ_2024-10-15,CBJ,2024020051,home,3,0,2,2024-10-15,REG
MIN_STL_2024-10-15,MIN,2024020052,away,4,1,2,2024-10-15,REG
MIN_STL_2024-10-15,STL,2024020052,home,1,0,2,2024-10-15,REG
SEA_NSH_2024-10-15,SEA,2024020053,away,7,1,2,2024-10-15,REG
SEA_NSH_2024-10-15,NSH,2024020053,home,3,0,2,2024-10-15,REG
SJS_DAL_2024-10-15,SJS,2024020054,away,2,0,2,2024-10-15,SO
SJS_DAL_2024-10-15,DAL,2024020054,home,3,1,2,2024-10-15,SO
CHI_CGY_2024-10-15,CHI,2024020055,away,1,0,2,2024-10-15,REG
CHI_CGY_2024-10-15,CGY,2024020055,home,3,1,2,2024-10-15,REG
PHI_EDM_2024-10-15,PHI,2024020056,away,3,0,2,2024-10-15,OT
PHI_EDM_2024-10-15,EDM,2024020056,home,4,1,2,2024-10-15,OT
BUF_PIT_2024-10-16,BUF,2024020057,away,5,0,2,2024-10-16,OT
BUF_PIT_2024-10-16,PIT,2024020057,home,6,1,2,2024-10-16,OT
LAK_TOR_2024-10-16,LAK,2024020058,away,2,0,2,2024-10-16,REG
LAK_TOR_2024-10-16,TOR,2024020058,home,6,1,2,2024-10-16,REG
BOS_COL_2024-10-16,BOS,2024020059,away,5,1,2,2024-10-16,REG
BOS_COL_2024-10-16,COL,2024020059,home,3,0,2,2024-10-16,REG
UTA_ANA_2024-10-16,UTA,2024020060,away,4,0,2,2024-10-16,OT
UTA_ANA_2024-10-16,ANA,2024020060,home,5,1,2,2024-10-16,OT
LAK_MTL_2024-10-17,LAK,2024020061,away,4,1,2,2024-10-17,REG
LAK_MTL_2024-10-17,MTL,2024020061,home,1,0,2,2024-10-17,REG
VGK_TBL_2024-10-17,VGK,2024020064,away,3,0,2,2024-10-17,REG
VGK_TBL_2024-10-17,TBL,2024020064,home,4,1,2,2024-10-17,REG
NJD_OTT_2024-10-17,NJD,2024020062,away,3,1,2,2024-10-17,REG
NJD_OTT_2024-10-17,OTT,2024020062,home,1,0,2,2024-10-17,REG
VAN_FLA_2024-10-17,VAN,2024020065,away,3,1,2,2024-10-17,OT
VAN_FLA_2024-10-17,FLA,2024020065,home,2,0,2,2024-10-17,OT
BUF_CBJ_2024-10-17,BUF,2024020067,away,4,0,2,2024-10-17,REG
BUF_CBJ_2024-10-17,CBJ,2024020067,home,6,1,2,2024-10-17,REG
DAL_WSH_2024-10-17,DAL,2024020066,away,2,0,2,2024-10-17,REG
DAL_WSH_2024-10-17,WSH,2024020066,home,3,1,2,2024-10-17,REG
NYR_DET_2024-10-17,NYR,2024020063,away,5,1,2,2024-10-17,REG
NYR_DET_2024-10-17,DET,2024020063,home,2,0,2,2024-10-17,REG
NYI_STL_2024-10-17,NYI,2024020068,away,0,0,2,2024-10-17,OT
NYI_STL_2024-10-17,STL,2024020068,home,1,1,2,2024-10-17,OT
EDM_NSH_2024-10-17,EDM,2024020069,away,4,1,2,2024-10-17,REG
EDM_NSH_2024-10-17,NSH,2024020069,home,2,0,2,2024-10-17,REG
SJS_CHI_2024-10-17,SJS,2024020070,away,2,0,2,2024-10-17,REG
SJS_CHI_2024-10-17,CHI,2024020070,home,4,1,2,2024-10-17,REG
PHI_SEA_2024-10-17,PHI,2024020071,away,4,0,2,2024-10-17,REG
PHI_SEA_2024-10-17,SEA,2024020071,home,6,1,2,2024-10-17,REG
CAR_PIT_2024-10-18,CAR,2024020072,away,4,1,2,2024-10-18,REG
CAR_PIT_2024-10-18,PIT,2024020072,home,1,0,2,2024-10-18,REG
SJS_WPG_2024-10-18,SJS,2024020073,away,3,0,2,2024-10-18,REG
SJS_WPG_2024-10-18,WPG,2024020073,home,8,1,2,2024-10-18,REG
ANA_COL_2024-10-18,ANA,2024020074,away,3,0,2,2024-10-18,OT
ANA_COL_2024-10-18,COL,2024020074,home,4,1,2,2024-10-18,OT
TBL_OTT_2024-10-19,TBL,2024020075,away,4,0,2,2024-10-19,REG
TBL_OTT_2024-10-19,OTT,2024020075,home,5,1,2,2024-10-19,REG
DET_NSH_2024-10-19,DET,2024020076,away,5,1,2,2024-10-19,REG
DET_NSH_2024-10-19,NSH,2024020076,home,2,0,2,2024-10-19,REG
EDM_DAL_2024-10-19,EDM,2024020077,away,1,0,2,2024-10-19,REG
EDM_DAL_2024-10-19,DAL,2024020077,home,4,1,2,2024-10-19,REG
VGK_FLA_2024-10-19,VGK,2024020078,away,3,0,2,2024-10-19,OT
VGK_FLA_2024-10-19,FLA,2024020078,home,4,1,2,2024-10-19,OT
WSH_NJD_2024-10-19,WSH,2024020080,away,6,1,2,2024-10-19,OT
WSH_NJD_2024-10-19,NJD,2024020080,home,5,0,2,2024-10-19,OT
MTL_NYI_2024-10-19,MTL,2024020081,away,3,0,2,2024-10-19,SO
MTL_NYI_2024-10-19,NYI,2024020081,home,4,1,2,2024-10-19,SO
MIN_CBJ_2024-10-19,MIN,2024020083,away,3,1,2,2024-10-19,REG
MIN_CBJ_2024-10-19,CBJ,2024020083,home,1,0,2,2024-10-19,REG
NYR_TOR_2024-10-19,NYR,2024020079,away,4,1,2,2024-10-19,REG
NYR_TOR_2024-10-19,TOR,2024020079,home,1,0,2,2024-10-19,REG
CAR_STL_2024-10-19,CAR,2024020084,away,3,0,2,2024-10-19,REG
CAR_STL_2024-10-19,STL,2024020084,home,4,1,2,2024-10-19,REG
VAN_PHI_2024-10-19,VAN,2024020082,away,3,1,2,2024-10-19,REG
VAN_PHI_2024-10-19,PHI,2024020082,home,0,0,2,2024-10-19,REG
BUF_CHI_2024-10-19,BUF,2024020085,away,4,1,2,2024-10-19,REG
BUF_CHI_2024-10-19,CHI,2024020085,home,2,0,2,2024-10-19,REG
BOS_UTA_2024-10-19,BOS,2024020086,away,1,0,2,2024-10-19,OT
BOS_UTA_2024-10-19,UTA,2024020086,home,2,1,2,2024-10-19,OT
CGY_SEA_2024-10-19,CGY,2024020087,away,1,0,2,2024-10-19,OT
CGY_SEA_2024-10-19,SEA,2024020087,home,2,1,2,2024-10-19,OT
PIT_WPG_2024-10-20,PIT,2024020088,away,3,0,2,2024-10-20,REG
PIT_WPG_2024-10-20,WPG,2024020088,home,6,1,2,2024-10-20,REG
LAK_ANA_2024-10-20,LAK,2024020090,away,4,1,2,2024-10-20,REG
LAK_ANA_2024-10-20,ANA,2024020090,home,1,0,2,2024-10-20,REG
COL_SJS_2024-10-20,COL,2024020089,away,4,1,2,2024-10-20,REG
COL_SJS_2024-10-20,SJS,2024020089,home,1,0,2,2024-10-20,REG
TBL_TOR_2024-10-21,TBL,2024020091,away,2,0,2,2024-10-21,REG
TBL_TOR_2024-10-21,TOR,2024020091,home,5,1,2,2024-10-21,REG
WSH_PHI_2024-10-22,WSH,2024020092,away,4,1,2,2024-10-22,REG
WSH_PHI_2024-10-22,PHI,2024020092,home,1,0,2,2024-10-22,REG
MIN_FLA_2024-10-22,MIN,2024020093,away,5,1,2,2024-10-22,REG
MIN_FLA_2024-10-22,FLA,2024020093,home,1,0,2,2024-10-22,REG
TBL_NJD_2024-10-22,TBL,2024020094,away,8,1,2,2024-10-22,REG
TBL_NJD_2024-10-22,NJD,2024020094,home,5,0,2,2024-10-22,REG
DAL_BUF_2024-10-22,DAL,2024020095,away,2,0,2,2024-10-22,REG
DAL_BUF_2024-10-22,BUF,2024020095,home,4,1,2,2024-10-22,REG
NYR_MTL_2024-10-22,NYR,2024020096,away,7,1,2,2024-10-22,REG
NYR_MTL_2024-10-22,MTL,2024020096,home,2,0,2,2024-10-22,REG
TOR_CBJ_2024-10-22,TOR,2024020097,away,2,0,2,2024-10-22,REG
TOR_CBJ_2024-10-22,CBJ,2024020097,home,6,1,2,2024-10-22,REG
DET_NYI_2024-10-22,DET,2024020098,away,1,1,2,2024-10-22,REG
DET_NYI_2024-10-22,NYI,2024020098,home,0,0,2,2024-10-22,REG
WPG_STL_2024-10-22,WPG,2024020099,away,3,1,2,2024-10-22,REG
WPG_STL_2024-10-22,STL,2024020099,home,2,0,2,2024-10-22,REG
VAN_CHI_2024-10-22,VAN,2024020100,away,6,1,2,2024-10-22,REG
VAN_CHI_2024-10-22,CHI,2024020100,home,3,0,2,2024-10-22,REG
COL_SEA_2024-10-22,COL,2024020106,away,3,1,2,2024-10-22,REG
COL_SEA_2024-10-22,SEA,2024020106,home,2,0,2,2024-10-22,REG
BOS_NSH_2024-10-22,BOS,2024020101,away,0,0,2,2024-10-22,REG
BOS_NSH_2024-10-22,NSH,2024020101,home,4,1,2,2024-10-22,REG
CAR_EDM_2024-10-22,CAR,2024020103,away,3,1,2,2024-10-22,OT
CAR_EDM_2024-10-22,EDM,2024020103,home,2,0,2,2024-10-22,OT
OTT_UTA_2024-10-22,OTT,2024020104,away,4,1,2,2024-10-22,REG
OTT_UTA_2024-10-22,UTA,2024020104,home,0,0,2,2024-10-22,REG
PIT_CGY_2024-10-22,PIT,2024020102,away,3,0,2,2024-10-22,SO
PIT_CGY_2024-10-22,CGY,2024020102,home,4,1,2,2024-10-22,SO
SJS_ANA_2024-10-22,SJS,2024020105,away,1,0,2,2024-10-22,REG
SJS_ANA_2024-10-22,ANA,2024020105,home,3,1,2,2024-10-22,REG
LAK_VGK_2024-10-22,LAK,2024020107,away,1,0,2,2024-10-22,REG
LAK_VGK_2024-10-22,VGK,2024020107,home,6,1,2,2024-10-22,REG
PHI_WSH_2024-10-23,PHI,2024020108,away,3,0,2,2024-10-23,REG
PHI_WSH_2024-10-23,WSH,2024020108,home,6,1,2,2024-10-23,REG
NJD_DET_2024-10-24,NJD,2024020111,away,3,0,2,2024-10-24,REG
NJD_DET_2024-10-24,DET,2024020111,home,5,1,2,2024-10-24,REG
FLA_NYR_2024-10-24,FLA,2024020113,away,3,1,2,2024-10-24,REG
FLA_NYR_2024-10-24,NYR,2024020113,home,1,0,2,2024-10-24,REG
MIN_TBL_2024-10-24,MIN,2024020112,away,4,1,2,2024-10-24,REG
MIN_TBL_2024-10-24,TBL,2024020112,home,2,0,2,2024-10-24,REG
STL_TOR_2024-10-24,STL,2024020110,away,5,1,2,2024-10-24,REG
STL_TOR_2024-10-24,TOR,2024020110,home,1,0,2,2024-10-24,REG
DAL_BOS_2024-10-24,DAL,2024020109,away,5,1,2,2024-10-24,REG
DAL_BOS_2024-10-24,BOS,2024020109,home,2,0,2,2024-10-24,REG
COL_UTA_2024-10-24,COL,2024020115,away,5,1,2,2024-10-24,REG
COL_UTA_2024-10-24,UTA,2024020115,home,1,0,2,2024-10-24,REG
CAR_CGY_2024-10-24,CAR,2024020114,away,4,1,2,2024-10-24,REG
CAR_CGY_2024-10-24,CGY,2024020114,home,2,0,2,2024-10-24,REG
WPG_SEA_2024-10-24,WPG,2024020116,away,4,1,2,2024-10-24,OT
WPG_SEA_2024-10-24,SEA,2024020116,home,3,0,2,2024-10-24,OT
SJS_LAK_2024-10-24,SJS,2024020117,away,2,0,2,2024-10-24,REG
SJS_LAK_2024-10-24,LAK,2024020117,home,3,1,2,2024-10-24,REG
OTT_VGK_2024-10-25,OTT,2024020118,away,4,0,2,2024-10-25,REG
OTT_VGK_2024-10-25,VGK,2024020118,home,6,1,2,2024-10-25,REG
NYI_NJD_2024-10-25,NYI,2024020119,away,4,1,2,2024-10-25,OT
NYI_NJD_2024-10-25,NJD,2024020119,home,3,0,2,2024-10-25,OT
NSH_CHI_2024-10-25,NSH,2024020120,away,3,1,2,2024-10-25,REG
NSH_CHI_2024-10-25,CHI,2024020120,home,2,0,2,2024-10-25,REG
PIT_EDM_2024-10-25,PIT,2024020121,away,0,0,2,2024-10-25,REG
PIT_EDM_2024-10-25,EDM,2024020121,home,4,1,2,2024-10-25,REG
DET_BUF_2024-10-26,DET,2024020122,away,3,0,2,2024-10-26,REG
DET_BUF_2024-10-26,BUF,2024020122,home,5,1,2,2024-10-26,REG
MIN_PHI_2024-10-26,MIN,2024020123,away,5,0,2,2024-10-26,REG
MIN_PHI_2024-10-26,PHI,2024020123,home,7,1,2,2024-10-26,REG
UTA_LAK_2024-10-26,UTA,2024020124,away,2,0,2,2024-10-26,REG
UTA_LAK_2024-10-26,LAK,2024020124,home,3,1,2,2024-10-26,REG
WPG_CGY_2024-10-26,WPG,2024020129,away,5,1,2,2024-10-26,REG
WPG_CGY_2024-10-26,CGY,2024020129,home,3,0,2,2024-10-26,REG
TOR_BOS_2024-10-26,TOR,2024020125,away,3,0,2,2024-10-26,OT
TOR_BOS_2024-10-26,BOS,2024020125,home,4,1,2,2024-10-26,OT
ANA_NYR_2024-10-26,ANA,2024020128,away,1,0,2,2024-10-26,REG
ANA_NYR_2024-10-26,NYR,2024020128,home,2,1,2,2024-10-26,REG
WSH_TBL_2024-10-26,WSH,2024020127,away,0,0,2,2024-10-26,REG
WSH_TBL_2024-10-26,TBL,2024020127,home,3,1,2,2024-10-26,REG
STL_MTL_2024-10-26,STL,2024020126,away,2,0,2,2024-10-26,REG
STL_MTL_2024-10-26,MTL,2024020126,home,5,1,2,2024-10-26,REG
FLA_NYI_2024-10-26,FLA,2024020130,away,6,1,2,2024-10-26,REG
FLA_NYI_2024-10-26,NYI,2024020130,home,3,0,2,2024-10-26,REG
CHI_DAL_2024-10-26,CHI,2024020132,away,2,0,2,2024-10-26,REG
CHI_DAL_2024-10-26,DAL,2024020132,home,4,1,2,2024-10-26,REG
CBJ_NSH_2024-10-26,CBJ,2024020131,away,3,0,2,2024-10-26,OT
CBJ_NSH_2024-10-26,NSH,2024020131,home,4,1,2,2024-10-26,OT
CAR_SEA_2024-10-26,CAR,2024020135,away,4,1,2,2024-10-26,REG
CAR_SEA_2024-10-26,SEA,2024020135,home,1,0,2,2024-10-26,REG
PIT_VAN_2024-10-26,PIT,2024020133,away,3,0,2,2024-10-26,REG
PIT_VAN_2024-10-26,VAN,2024020133,home,4,1,2,2024-10-26,REG
SJS_VGK_2024-10-26,SJS,2024020134,away,3,0,2,2024-10-26,REG
SJS_VGK_2024-10-26,VGK,2024020134,home,7,1,2,2024-10-26,REG
EDM_DET_2024-10-27,EDM,2024020136,away,3,1,2,2024-10-27,OT
EDM_DET_2024-10-27,DET,2024020136,home,2,0,2,2024-10-27,OT
MTL_PHI_2024-10-27,MTL,2024020138,away,4,1,2,2024-10-27,REG
MTL_PHI_2024-10-27,PHI,2024020138,home,3,0,2,2024-10-27,REG
ANA_NJD_2024-10-27,ANA,2024020137,away,2,0,2,2024-10-27,REG
ANA_NJD_2024-10-27,NJD,2024020137,home,6,1,2,2024-10-27,REG
OTT_COL_2024-10-27,OTT,2024020139,away,4,0,2,2024-10-27,REG
OTT_COL_2024-10-27,COL,2024020139,home,5,1,2,2024-10-27,REG
FLA_BUF_2024-10-28,FLA,2024020140,away,5,1,2,2024-10-28,REG
FLA_BUF_2024-10-28,BUF,2024020140,home,2,0,2,2024-10-28,REG
EDM_CBJ_2024-10-28,EDM,2024020142,away,1,0,2,2024-10-28,REG
EDM_CBJ_2024-10-28,CBJ,2024020142,home,6,1,2,2024-10-28,REG
TOR_WPG_2024-10-28,TOR,2024020143,away,6,1,2,2024-10-28,REG
TOR_WPG_2024-10-28,WPG,2024020143,home,4,0,2,2024-10-28,REG
NSH_TBL_2024-10-28,NSH,2024020141,away,2,0,2,2024-10-28,OT
NSH_TBL_2024-10-28,TBL,2024020141,home,3,1,2,2024-10-28,OT
SJS_UTA_2024-10-28,SJS,2024020145,away,5,1,2,2024-10-28,OT
SJS_UTA_2024-10-28,UTA,2024020145,home,4,0,2,2024-10-28,OT
CHI_COL_2024-10-28,CHI,2024020144,away,5,1,2,2024-10-28,REG
CHI_COL_2024-10-28,COL,2024020144,home,2,0,2,2024-10-28,REG
CAR_VAN_2024-10-28,CAR,2024020146,away,4,1,2,2024-10-28,OT
CAR_VAN_2024-10-28,VAN,2024020146,home,3,0,2,2024-10-28,OT
CGY_VGK_2024-10-28,CGY,2024020147,away,0,0,2,2024-10-28,REG
CGY_VGK_2024-10-28,VGK,2024020147,home,5,1,2,2024-10-28,REG
SEA_MTL_2024-10-29,SEA,2024020149,away,8,1,2,2024-10-29,REG
SEA_MTL_2024-10-29,MTL,2024020149,home,2,0,2,2024-10-29,REG
MIN_PIT_2024-10-29,MIN,2024020153,away,5,1,2,2024-10-29,REG
MIN_PIT_2024-10-29,PIT,2024020153,home,3,0,2,2024-10-29,REG
ANA_NYI_2024-10-29,ANA,2024020152,away,3,1,2,2024-10-29,REG
ANA_NYI_2024-10-29,NYI,2024020152,home,1,0,2,2024-10-29,REG
STL_OTT_2024-10-29,STL,2024020150,away,1,0,2,2024-10-29,REG
STL_OTT_2024-10-29,OTT,2024020150,home,8,1,2,2024-10-29,REG
PHI_BOS_2024-10-29,PHI,2024020148,away,2,1,2,2024-10-29,REG
PHI_BOS_2024-10-29,BOS,2024020148,home,0,0,2,2024-10-29,REG
NYR_WSH_2024-10-29,NYR,2024020151,away,3,0,2,2024-10-29,REG
NYR_WSH_2024-10-29,WSH,2024020151,home,5,1,2,2024-10-29,REG
LAK_SJS_2024-10-29,LAK,2024020154,away,2,0,2,2024-10-29,REG
LAK_SJS_2024-10-29,SJS,2024020154,home,4,1,2,2024-10-29,REG
NYI_CBJ_2024-10-30,NYI,2024020155,away,0,0,2,2024-10-30,REG
NYI_CBJ_2024-10-30,CBJ,2024020155,home,2,1,2,2024-10-30,REG
WPG_DET_2024-10-30,WPG,2024020156,away,6,1,2,2024-10-30,REG
WPG_DET_2024-10-30,DET,2024020156,home,2,0,2,2024-10-30,REG
TBL_COL_2024-10-30,TBL,2024020157,away,5,1,2,2024-10-30,REG
TBL_COL_2024-10-30,COL,2024020157,home,2,0,2,2024-10-30,REG
CGY_UTA_2024-10-30,CGY,2024020158,away,1,0,2,2024-10-30,REG
CGY_UTA_2024-10-30,UTA,2024020158,home,5,1,2,2024-10-30,REG
VGK_LAK_2024-10-30,VGK,2024020160,away,3,0,2,2024-10-30,REG
VGK_LAK_2024-10-30,LAK,2024020160,home,6,1,2,2024-10-30,REG
NJD_VAN_2024-10-30,NJD,2024020159,away,6,1,2,2024-10-30,REG
NJD_VAN_2024-10-30,VAN,2024020159,home,0,0,2,2024-10-30,REG
SEA_TOR_2024-10-31,SEA,2024020161,away,1,0,2,2024-10-31,REG
SEA_TOR_2024-10-31,TOR,2024020161,home,4,1,2,2024-10-31,REG
STL_PHI_2024-10-31,STL,2024020162,away,1,0,2,2024-10-31,REG
STL_PHI_2024-10-31,PHI,2024020162,home,2,1,2,2024-10-31,REG
ANA_PIT_2024-10-31,ANA,2024020163,away,1,0,2,2024-10-31,OT
ANA_PIT_2024-10-31,PIT,2024020163,home,2,1,2,2024-10-31,OT
MTL_WSH_2024-10-31,MTL,2024020164,away,3,0,2,2024-10-31,REG
MTL_WSH_2024-10-31,WSH,2024020164,home,6,1,2,2024-10-31,REG
BOS_CAR_2024-10-31,BOS,2024020165,away,2,0,2,2024-10-31,REG
BOS_CAR_2024-10-31,CAR,2024020165,home,8,1,2,2024-10-31,REG
EDM_NSH_2024-10-31,EDM,2024020166,away,5,1,2,2024-10-31,REG
EDM_NSH_2024-10-31,NSH,2024020166,home,1,0,2,2024-10-31,REG
CHI_SJS_2024-10-31,CHI,2024020167,away,2,0,2,2024-10-31,REG
CHI_SJS_2024-10-31,SJS,2024020167,home,3,1,2,2024-10-31,REG
FLA_DAL_2024-11-01,FLA,2024020168,away,6,1,2,2024-11-01,REG
FLA_DAL_2024-11-01,DAL,2024020168,home,4,0,2,2024-11-01,REG
OTT_NYR_2024-11-01,OTT,2024020170,away,1,0,2,2024-11-01,REG
OTT_NYR_2024-11-01,NYR,2024020170,home,2,1,2,2024-11-01,REG
WPG_CBJ_2024-11-01,WPG,2024020171,away,6,1,2,2024-11-01,REG
WPG_CBJ_2024-11-01,CBJ,2024020171,home,2,0,2,2024-11-01,REG
NYI_BUF_2024-11-01,NYI,2024020169,away,4,1,2,2024-11-01,REG
NYI_BUF_2024-11-01,BUF,2024020169,home,3,0,2,2024-11-01,REG
TBL_MIN_2024-11-01,TBL,2024020172,away,3,0,2,2024-11-01,REG
TBL_MIN_2024-11-01,MIN,2024020172,home,5,1,2,2024-11-01,REG
NJD_CGY_2024-11-01,NJD,2024020173,away,0,0,2,2024-11-01,REG
NJD_CGY_2024-11-01,CGY,2024020173,home,3,1,2,2024-11-01,REG
DAL_FLA_2024-11-02,DAL,2024020174,away,2,0,2,2024-11-02,REG
DAL_FLA_2024-11-02,FLA,2024020174,home,4,1,2,2024-11-02,REG
BOS_PHI_2024-11-02,BOS,2024020175,away,3,1,2,2024-11-02,REG
BOS_PHI_2024-11-02,PHI,2024020175,home,0,0,2,2024-11-02,REG
CHI_LAK_2024-11-02,CHI,2024020176,away,4,1,2,2024-11-02,SO
CHI_LAK_2024-11-02,LAK,2024020176,home,3,0,2,2024-11-02,SO
CBJ_WSH_2024-11-02,CBJ,2024020177,away,2,0,2,2024-11-02,REG
CBJ_WSH_2024-11-02,WSH,2024020177,home,7,1,2,2024-11-02,REG
MTL_PIT_2024-11-02,MTL,2024020180,away,1,0,2,2024-11-02,REG
MTL_PIT_2024-11-02,PIT,2024020180,home,3,1,2,2024-11-02,REG
BUF_DET_2024-11-02,BUF,2024020179,away,1,0,2,2024-11-02,REG
BUF_DET_2024-11-02,DET,2024020179,home,2,1,2,2024-11-02,REG
SEA_OTT_2024-11-02,SEA,2024020178,away,0,0,2,2024-11-02,REG
SEA_OTT_2024-11-02,OTT,2024020178,home,3,1,2,2024-11-02,REG
TOR_STL_2024-11-02,TOR,2024020181,away,2,0,2,2024-11-02,REG
TOR_STL_2024-11-02,STL,2024020181,home,4,1,2,2024-11-02,REG
COL_NSH_2024-11-02,COL,2024020182,away,2,0,2,2024-11-02,REG
COL_NSH_2024-11-02,NSH,2024020182,home,5,1,2,2024-11-02,REG
VAN_SJS_2024-11-02,VAN,2024020184,away,3,1,2,2024-11-02,REG
VAN_SJS_2024-11-02,SJS,2024020184,home,2,0,2,2024-11-02,REG
UTA_VGK_2024-11-02,UTA,2024020183,away,3,0,2,2024-11-02,OT
UTA_VGK_2024-11-02,VGK,2024020183,home,4,1,2,2024-11-02,OT
NYI_NYR_2024-11-03,NYI,2024020185,away,2,0,2,2024-11-03,REG
NYI_NYR_2024-11-03,NYR,2024020185,home,5,1,2,2024-11-03,REG
TBL_WPG_2024-11-03,TBL,2024020186,away,4,0,2,2024-11-03,REG
TBL_WPG_2024-11-03,WPG,2024020186,home,7,1,2,2024-11-03,REG
WSH_CAR_2024-11-03,WSH,2024020188,away,2,0,2,2024-11-03,REG
WSH_CAR_2024-11-03,CAR,2024020188,home,4,1,2,2024-11-03,REG
SEA_BOS_2024-11-03,SEA,2024020187,away,0,0,2,2024-11-03,REG
SEA_BOS_2024-11-03,BOS,2024020187,home,2,1,2,2024-11-03,REG
TOR_MIN_2024-11-03,TOR,2024020189,away,1,0,2,2024-11-03,OT
TOR_MIN_2024-11-03,MIN,2024020189,home,2,1,2,2024-11-03,OT
CHI_ANA_2024-11-03,CHI,2024020191,away,4,1,2,2024-11-03,REG
CHI_ANA_2024-11-03,ANA,2024020191,home,2,0,2,2024-11-03,REG
EDM_CGY_2024-11-03,EDM,2024020190,away,4,1,2,2024-11-03,REG
EDM_CGY_2024-11-03,CGY,2024020190,home,2,0,2,2024-11-03,REG
LAK_NSH_2024-11-04,LAK,2024020192,away,3,1,2,2024-11-04,REG
LAK_NSH_2024-11-04,NSH,2024020192,home,0,0,2,2024-11-04,REG
NJD_EDM_2024-11-04,NJD,2024020193,away,3,1,2,2024-11-04,REG
NJD_EDM_2024-11-04,EDM,2024020193,home,0,0,2,2024-11-04,REG
CGY_MTL_2024-11-05,CGY,2024020196,away,3,1,2,2024-11-05,OT
CGY_MTL_2024-11-05,MTL,2024020196,home,2,0,2,2024-11-05,OT
OTT_BUF_2024-11-05,OTT,2024020194,away,1,0,2,2024-11-05,REG
OTT_BUF_2024-11-05,BUF,2024020194,home,5,1,2,2024-11-05,REG
BOS_TOR_2024-11-05,BOS,2024020195,away,0,0,2,2024-11-05,REG
BOS_TOR_2024-11-05,TOR,2024020195,home,4,1,2,2024-11-05,REG
PHI_CAR_2024-11-05,PHI,2024020197,away,4,0,2,2024-11-05,REG
PHI_CAR_2024-11-05,CAR,2024020197,home,6,1,2,2024-11-05,REG
PIT_NYI_2024-11-05,PIT,2024020198,away,3,0,2,2024-11-05,SO
PIT_NYI_2024-11-05,NYI,2024020198,home,4,1,2,2024-11-05,SO
TBL_STL_2024-11-05,TBL,2024020199,away,2,0,2,2024-11-05,REG
TBL_STL_2024-11-05,STL,2024020199,home,3,1,2,2024-11-05,REG
UTA_WPG_2024-11-05,UTA,2024020201,away,0,0,2,2024-11-05,REG
UTA_WPG_2024-11-05,WPG,2024020201,home,3,1,2,2024-11-05,REG
LAK_MIN_2024-11-05,LAK,2024020200,away,5,1,2,2024-11-05,REG
LAK_MIN_2024-11-05,MIN,2024020200,home,1,0,2,2024-11-05,REG
SEA_COL_2024-11-05,SEA,2024020202,away,3,0,2,2024-11-05,REG
SEA_COL_2024-11-05,COL,2024020202,home,6,1,2,2024-11-05,REG
VAN_ANA_2024-11-05,VAN,2024020203,away,5,1,2,2024-11-05,REG
VAN_ANA_2024-11-05,ANA,2024020203,home,1,0,2,2024-11-05,REG
CBJ_SJS_2024-11-05,CBJ,2024020204,away,1,0,2,2024-11-05,OT
CBJ_SJS_2024-11-05,SJS,2024020204,home,2,1,2,2024-11-05,OT
NSH_WSH_2024-11-06,NSH,2024020205,away,2,0,2,2024-11-06,REG
NSH_WSH_2024-11-06,WSH,2024020205,home,3,1,2,2024-11-06,REG
DET_CHI_2024-11-06,DET,2024020206,away,4,1,2,2024-11-06,REG
DET_CHI_2024-11-06,CHI,2024020206,home,1,0,2,2024-11-06,REG
VGK_EDM_2024-11-06,VGK,2024020207,away,4,1,2,2024-11-06,REG
VGK_EDM_2024-11-06,EDM,2024020207,home,2,0,2,2024-11-06,REG
MTL_NJD_2024-11-07,MTL,2024020212,away,3,0,2,2024-11-07,REG
MTL_NJD_2024-11-07,NJD,2024020212,home,5,1,2,2024-11-07,REG
NSH_FLA_2024-11-07,NSH,2024020211,away,2,0,2,2024-11-07,REG
NSH_FLA_2024-11-07,FLA,2024020211,home,6,1,2,2024-11-07,REG
CGY_BOS_2024-11-07,CGY,2024020208,away,3,0,2,2024-11-07,OT
CGY_BOS_2024-11-07,BOS,2024020208,home,4,1,2,2024-11-07,OT
PIT_CAR_2024-11-07,PIT,2024020214,away,1,0,2,2024-11-07,REG
PIT_CAR_2024-11-07,CAR,2024020214,home,5,1,2,2024-11-07,REG
NYI_OTT_2024-11-07,NYI,2024020209,away,4,1,2,2024-11-07,REG
NYI_OTT_2024-11-07,OTT,2024020209,home,2,0,2,2024-11-07,REG
BUF_NYR_2024-11-07,BUF,2024020213,away,6,1,2,2024-11-07,REG
BUF_NYR_2024-11-07,NYR,2024020213,home,1,0,2,2024-11-07,REG
PHI_TBL_2024-11-07,PHI,2024020210,away,2,1,2,2024-11-07,SO
PHI_TBL_2024-11-07,TBL,2024020210,home,1,0,2,2024-11-07,SO
CHI_DAL_2024-11-07,CHI,2024020216,away,1,0,2,2024-11-07,REG
CHI_DAL_2024-11-07,DAL,2024020216,home,3,1,2,2024-11-07,REG
UTA_STL_2024-11-07,UTA,2024020215,away,4,1,2,2024-11-07,REG
UTA_STL_2024-11-07,STL,2024020215,home,2,0,2,2024-11-07,REG
COL_WPG_2024-11-07,COL,2024020217,away,0,0,2,2024-11-07,REG
COL_WPG_2024-11-07,WPG,2024020217,home,1,1,2,2024-11-07,REG
VAN_LAK_2024-11-07,VAN,2024020218,away,4,1,2,2024-11-07,REG
VAN_LAK_2024-11-07,LAK,2024020218,home,2,0,2,2024-11-07,REG
MIN_SJS_2024-11-07,MIN,2024020219,away,5,1,2,2024-11-07,REG
MIN_SJS_2024-11-07,SJS,2024020219,home,2,0,2,2024-11-07,REG
DET_TOR_2024-11-08,DET,2024020220,away,1,0,2,2024-11-08,REG
DET_TOR_2024-11-08,TOR,2024020220,home,3,1,2,2024-11-08,REG
PIT_WSH_2024-11-08,PIT,2024020221,away,4,1,2,2024-11-08,REG
PIT_WSH_2024-11-08,WSH,2024020221,home,2,0,2,2024-11-08,REG
VGK_SEA_2024-11-08,VGK,2024020223,away,3,0,2,2024-11-08,OT
VGK_SEA_2024-11-08,SEA,2024020223,home,4,1,2,2024-11-08,OT
MIN_ANA_2024-11-08,MIN,2024020222,away,5,1,2,2024-11-08,REG
MIN_ANA_2024-11-08,ANA,2024020222,home,2,0,2,2024-11-08,REG
CGY_BUF_2024-11-09,CGY,2024020224,away,2,0,2,2024-11-09,SO
CGY_BUF_2024-11-09,BUF,2024020224,home,3,1,2,2024-11-09,SO
DAL_WPG_2024-11-09,DAL,2024020230,away,1,0,2,2024-11-09,REG
DAL_WPG_2024-11-09,WPG,2024020230,home,4,1,2,2024-11-09,REG
PHI_FLA_2024-11-09,PHI,2024020225,away,3,0,2,2024-11-09,SO
PHI_FLA_2024-11-09,FLA,2024020225,home,4,1,2,2024-11-09,SO
WSH_STL_2024-11-09,WSH,2024020229,away,8,1,2,2024-11-09,REG
WSH_STL_2024-11-09,STL,2024020229,home,1,0,2,2024-11-09,REG
MTL_TOR_2024-11-09,MTL,2024020227,away,1,0,2,2024-11-09,REG
MTL_TOR_2024-11-09,TOR,2024020227,home,4,1,2,2024-11-09,REG
OTT_BOS_2024-11-09,OTT,2024020226,away,3,1,2,2024-11-09,OT
OTT_BOS_2024-11-09,BOS,2024020226,home,2,0,2,2024-11-09,OT
NYR_DET_2024-11-09,NYR,2024020228,away,4,1,2,2024-11-09,REG
NYR_DET_2024-11-09,DET,2024020228,home,0,0,2,2024-11-09,REG
NJD_NYI_2024-11-09,NJD,2024020231,away,4,1,2,2024-11-09,OT
NJD_NYI_2024-11-09,NYI,2024020231,home,3,0,2,2024-11-09,OT
UTA_NSH_2024-11-09,UTA,2024020232,away,0,0,2,2024-11-09,REG
UTA_NSH_2024-11-09,NSH,2024020232,home,4,1,2,2024-11-09,REG
CAR_COL_2024-11-09,CAR,2024020233,away,4,0,2,2024-11-09,REG
CAR_COL_2024-11-09,COL,2024020233,home,6,1,2,2024-11-09,REG
CBJ_LAK_2024-11-09,CBJ,2024020234,away,2,0,2,2024-11-09,REG
CBJ_LAK_2024-11-09,LAK,2024020234,home,5,1,2,2024-11-09,REG
EDM_VAN_2024-11-09,EDM,2024020235,away,7,1,2,2024-11-09,REG
EDM_VAN_2024-11-09,VAN,2024020235,home,3,0,2,2024-11-09,REG
SJS_NJD_2024-11-10,SJS,2024020236,away,1,1,2,2024-11-10,REG
SJS_NJD_2024-11-10,NJD,2024020236,home,0,0,2,2024-11-10,REG
MIN_CHI_2024-11-10,MIN,2024020237,away,1,0,2,2024-11-10,OT
MIN_CHI_2024-11-10,CHI,2024020237,home,2,1,2,2024-11-10,OT
CBJ_ANA_2024-11-10,CBJ,2024020238,away,2,0,2,2024-11-10,REG
CBJ_ANA_2024-11-10,ANA,2024020238,home,4,1,2,2024-11-10,REG
MTL_BUF_2024-11-11,MTL,2024020239,away,7,1,2,2024-11-11,REG
MTL_BUF_2024-11-11,BUF,2024020239,home,5,0,2,2024-11-11,REG
DAL_PIT_2024-11-11,DAL,2024020241,away,7,1,2,2024-11-11,REG
DAL_PIT_2024-11-11,PIT,2024020241,home,1,0,2,2024-11-11,REG
SJS_PHI_2024-11-11,SJS,2024020240,away,3,0,2,2024-11-11,SO
SJS_PHI_2024-11-11,PHI,2024020240,home,4,1,2,2024-11-11,SO
LAK_CGY_2024-11-11,LAK,2024020242,away,1,0,2,2024-11-11,REG
LAK_CGY_2024-11-11,CGY,2024020242,home,3,1,2,2024-11-11,REG
NSH_COL_2024-11-11,NSH,2024020243,away,2,0,2,2024-11-11,OT
NSH_COL_2024-11-11,COL,2024020243,home,3,1,2,2024-11-11,OT
CAR_VGK_2024-11-11,CAR,2024020244,away,5,1,2,2024-11-11,REG
CAR_VGK_2024-11-11,VGK,2024020244,home,2,0,2,2024-11-11,REG
WPG_NYR_2024-11-12,WPG,2024020247,away,6,1,2,2024-11-12,REG
WPG_NYR_2024-11-12,NYR,2024020247,home,3,0,2,2024-11-12,REG
OTT_TOR_2024-11-12,OTT,2024020245,away,3,1,2,2024-11-12,REG
OTT_TOR_2024-11-12,TOR,2024020245,home,0,0,2,2024-11-12,REG
NJD_FLA_2024-11-12,NJD,2024020246,away,4,1,2,2024-11-12,REG
NJD_FLA_2024-11-12,FLA,2024020246,home,1,0,2,2024-11-12,REG
BOS_STL_2024-11-12,BOS,2024020248,away,3,1,2,2024-11-12,REG
BOS_STL_2024-11-12,STL,2024020248,home,2,0,2,2024-11-12,REG
NYI_EDM_2024-11-12,NYI,2024020249,away,3,0,2,2024-11-12,OT
NYI_EDM_2024-11-12,EDM,2024020249,home,4,1,2,2024-11-12,OT
CBJ_SEA_2024-11-12,CBJ,2024020251,away,2,0,2,2024-11-12,REG
CBJ_SEA_2024-11-12,SEA,2024020251,home,5,1,2,2024-11-12,REG
CGY_VAN_2024-11-12,CGY,2024020250,away,1,0,2,2024-11-12,REG
CGY_VAN_2024-11-12,VAN,2024020250,home,3,1,2,2024-11-12,REG
TOR_WSH_2024-11-13,TOR,2024020253,away,4,1,2,2024-11-13,OT
TOR_WSH_2024-11-13,WSH,2024020253,home,3,0,2,2024-11-13,OT
DET_PIT_2024-11-13,DET,2024020252,away,3,1,2,2024-11-13,OT
DET_PIT_2024-11-13,PIT,2024020252,home,2,0,2,2024-11-13,OT
CAR_UTA_2024-11-13,CAR,2024020254,away,1,0,2,2024-11-13,REG
CAR_UTA_2024-11-13,UTA,2024020254,home,4,1,2,2024-11-13,REG
LAK_COL_2024-11-13,LAK,2024020255,away,2,0,2,2024-11-13,REG
LAK_COL_2024-11-13,COL,2024020255,home,4,1,2,2024-11-13,REG
VGK_ANA_2024-11-13,VGK,2024020256,away,3,1,2,2024-11-13,REG
VGK_ANA_2024-11-13,ANA,2024020256,home,2,0,2,2024-11-13,REG
NJD_FLA_2024-11-14,NJD,2024020260,away,6,1,2,2024-11-14,REG
NJD_FLA_2024-11-14,FLA,2024020260,home,2,0,2,2024-11-14,REG
SJS_NYR_2024-11-14,SJS,2024020261,away,2,0,2,2024-11-14,REG
SJS_NYR_2024-11-14,NYR,2024020261,home,3,1,2,2024-11-14,REG
WPG_TBL_2024-11-14,WPG,2024020259,away,1,0,2,2024-11-14,REG
WPG_TBL_2024-11-14,TBL,2024020259,home,4,1,2,2024-11-14,REG
PHI_OTT_2024-11-14,PHI,2024020258,away,5,1,2,2024-11-14,OT
PHI_OTT_2024-11-14,OTT,2024020258,home,4,0,2,2024-11-14,OT
STL_BUF_2024-11-14,STL,2024020257,away,3,0,2,2024-11-14,OT
STL_BUF_2024-11-14,BUF,2024020257,home,4,1,2,2024-11-14,OT
BOS_DAL_2024-11-14,BOS,2024020262,away,2,0,2,2024-11-14,REG
BOS_DAL_2024-11-14,DAL,2024020262,home,7,1,2,2024-11-14,REG
MTL_MIN_2024-11-14,MTL,2024020263,away,0,0,2,2024-11-14,REG
MTL_MIN_2024-11-14,MIN,2024020263,home,3,1,2,2024-11-14,REG
NSH_EDM_2024-11-14,NSH,2024020264,away,2,0,2,2024-11-14,OT
NSH_EDM_2024-11-14,EDM,2024020264,home,3,1,2,2024-11-14,OT
NYI_VAN_2024-11-14,NYI,2024020265,away,5,1,2,2024-11-14,REG
NYI_VAN_2024-11-14,VAN,2024020265,home,2,0,2,2024-11-14,REG
CHI_SEA_2024-11-14,CHI,2024020266,away,1,0,2,2024-11-14,REG
CHI_SEA_2024-11-14,SEA,2024020266,home,3,1,2,2024-11-14,REG
PIT_CBJ_2024-11-15,PIT,2024020267,away,2,0,2,2024-11-15,REG
PIT_CBJ_2024-11-15,CBJ,2024020267,home,6,1,2,2024-11-15,REG
VGK_UTA_2024-11-15,VGK,2024020270,away,4,1,2,2024-11-15,REG
VGK_UTA_2024-11-15,UTA,2024020270,home,2,0,2,2024-11-15,REG
NSH_CGY_2024-11-15,NSH,2024020269,away,0,0,2,2024-11-15,REG
NSH_CGY_2024-11-15,CGY,2024020269,home,2,1,2,2024-11-15,REG
WSH_COL_2024-11-15,WSH,2024020268,away,5,1,2,2024-11-15,REG
WSH_COL_2024-11-15,COL,2024020268,home,2,0,2,2024-11-15,REG
DET_ANA_2024-11-15,DET,2024020271,away,4,0,2,2024-11-15,REG
DET_ANA_2024-11-15,ANA,2024020271,home,6,1,2,2024-11-15,REG
STL_BOS_2024-11-16,STL,2024020272,away,3,1,2,2024-11-16,OT
STL_BOS_2024-11-16,BOS,2024020272,home,2,0,2,2024-11-16,OT
NYI_SEA_2024-11-16,NYI,2024020273,away,2,0,2,2024-11-16,REG
NYI_SEA_2024-11-16,SEA,2024020273,home,3,1,2,2024-11-16,REG
WPG_FLA_2024-11-16,WPG,2024020277,away,0,0,2,2024-11-16,REG
WPG_FLA_2024-11-16,FLA,2024020277,home,5,1,2,2024-11-16,REG
EDM_TOR_2024-11-16,EDM,2024020274,away,3,0,2,2024-11-16,OT
EDM_TOR_2024-11-16,TOR,2024020274,home,4,1,2,2024-11-16,OT
SJS_PIT_2024-11-16,SJS,2024020279,away,3,0,2,2024-11-16,SO
SJS_PIT_2024-11-16,PIT,2024020279,home,4,1,2,2024-11-16,SO
BUF_PHI_2024-11-16,BUF,2024020278,away,2,0,2,2024-11-16,REG
BUF_PHI_2024-11-16,PHI,2024020278,home,5,1,2,2024-11-16,REG
OTT_CAR_2024-11-16,OTT,2024020280,away,0,0,2,2024-11-16,REG
OTT_CAR_2024-11-16,CAR,2024020280,home,4,1,2,2024-11-16,REG
NJD_TBL_2024-11-16,NJD,2024020276,away,0,0,2,2024-11-16,REG
NJD_TBL_2024-11-16,TBL,2024020276,home,4,1,2,2024-11-16,REG
CBJ_MTL_2024-11-16,CBJ,2024020275,away,1,0,2,2024-11-16,REG
CBJ_MTL_2024-11-16,MTL,2024020275,home,5,1,2,2024-11-16,REG
DAL_MIN_2024-11-16,DAL,2024020281,away,2,1,2,2024-11-16,REG
DAL_MIN_2024-11-16,MIN,2024020281,home,1,0,2,2024-11-16,REG
DET_LAK_2024-11-16,DET,2024020282,away,1,0,2,2024-11-16,REG
DET_LAK_2024-11-16,LAK,2024020282,home,4,1,2,2024-11-16,REG
CHI_VAN_2024-11-16,CHI,2024020283,away,1,0,2,2024-11-16,REG
CHI_VAN_2024-11-16,VAN,2024020283,home,4,1,2,2024-11-16,REG
STL_CAR_2024-11-17,STL,2024020284,away,1,0,2,2024-11-17,REG
STL_CAR_2024-11-17,CAR,2024020284,home,4,1,2,2024-11-17,REG
WSH_VGK_2024-11-17,WSH,2024020286,away,5,1,2,2024-11-17,REG
WSH_VGK_2024-11-17,VGK,2024020286,home,2,0,2,2024-11-17,REG
NYR_SEA_2024-11-17,NYR,2024020287,away,2,1,2,2024-11-17,REG
NYR_SEA_2024-11-17,SEA,2024020287,home,0,0,2,2024-11-17,REG
NSH_VAN_2024-11-17,NSH,2024020285,away,5,1,2,2024-11-17,REG
NSH_VAN_2024-11-17,VAN,2024020285,home,3,0,2,2024-11-17,REG
CBJ_BOS_2024-11-18,CBJ,2024020288,away,5,1,2,2024-11-18,REG
CBJ_BOS_2024-11-18,BOS,2024020288,home,1,0,2,2024-11-18,REG
COL_PHI_2024-11-18,COL,2024020289,away,3,1,2,2024-11-18,REG
COL_PHI_2024-11-18,PHI,2024020289,home,2,0,2,2024-11-18,REG
EDM_MTL_2024-11-18,EDM,2024020290,away,0,0,2,2024-11-18,REG
EDM_MTL_2024-11-18,MTL,2024020290,home,3,1,2,2024-11-18,REG
ANA_DAL_2024-11-18,ANA,2024020291,away,4,1,2,2024-11-18,REG
ANA_DAL_2024-11-18,DAL,2024020291,home,2,0,2,2024-11-18,REG
WSH_UTA_2024-11-18,WSH,2024020292,away,6,1,2,2024-11-18,REG
WSH_UTA_2024-11-18,UTA,2024020292,home,2,0,2,2024-11-18,REG
DET_SJS_2024-11-18,DET,2024020293,away,4,0,2,2024-11-18,OT
DET_SJS_2024-11-18,SJS,2024020293,home,5,1,2,2024-11-18,OT
EDM_OTT_2024-11-19,EDM,2024020294,away,5,1,2,2024-11-19,REG
EDM_OTT_2024-11-19,OTT,2024020294,home,2,0,2,2024-11-19,REG
TBL_PIT_2024-11-19,TBL,2024020295,away,3,1,2,2024-11-19,OT
TBL_PIT_2024-11-19,PIT,2024020295,home,2,0,2,2024-11-19,OT
MIN_STL_2024-11-19,MIN,2024020296,away,4,1,2,2024-11-19,REG
MIN_STL_2024-11-19,STL,2024020296,home,2,0,2,2024-11-19,REG
FLA_WPG_2024-11-19,FLA,2024020297,away,3,0,2,2024-11-19,REG
FLA_WPG_2024-11-19,WPG,2024020297,home,6,1,2,2024-11-19,REG
ANA_CHI_2024-11-19,ANA,2024020298,away,3,1,2,2024-11-19,REG
ANA_CHI_2024-11-19,CHI,2024020298,home,2,0,2,2024-11-19,REG
NYI_CGY_2024-11-19,NYI,2024020299,away,1,0,2,2024-11-19,SO
NYI_CGY_2024-11-19,CGY,2024020299,home,2,1,2,2024-11-19,SO
NYR_VAN_2024-11-19,NYR,2024020300,away,4,1,2,2024-11-19,REG
NYR_VAN_2024-11-19,VAN,2024020300,home,3,0,2,2024-11-19,REG
VGK_TOR_2024-11-20,VGK,2024020301,away,0,0,2,2024-11-20,REG
VGK_TOR_2024-11-20,TOR,2024020301,home,3,1,2,2024-11-20,REG
CAR_PHI_2024-11-20,CAR,2024020302,away,4,1,2,2024-11-20,REG
CAR_PHI_2024-11-20,PHI,2024020302,home,1,0,2,2024-11-20,REG
SJS_DAL_2024-11-20,SJS,2024020303,away,2,0,2,2024-11-20,REG
SJS_DAL_2024-11-20,DAL,2024020303,home,5,1,2,2024-11-20,REG
NSH_SEA_2024-11-20,NSH,2024020304,away,0,0,2,2024-11-20,REG
NSH_SEA_2024-11-20,SEA,2024020304,home,3,1,2,2024-11-20,REG
BUF_LAK_2024-11-20,BUF,2024020305,away,1,1,2,2024-11-20,REG
BUF_LAK_2024-11-20,LAK,2024020305,home,0,0,2,2024-11-20,REG
CAR_NJD_2024-11-21,CAR,2024020309,away,2,0,2,2024-11-21,REG
CAR_NJD_2024-11-21,NJD,2024020309,home,4,1,2,2024-11-21,REG
UTA_BOS_2024-11-21,UTA,2024020306,away,0,0,2,2024-11-21,REG
UTA_BOS_2024-11-21,BOS,2024020306,home,1,1,2,2024-11-21,REG
TBL_CBJ_2024-11-21,TBL,2024020311,away,6,0,2,2024-11-21,OT
TBL_CBJ_2024-11-21,CBJ,2024020311,home,7,1,2,2024-11-21,OT
COL_WSH_2024-11-21,COL,2024020310,away,2,1,2,2024-11-21,REG
COL_WSH_2024-11-21,WSH,2024020310,home,1,0,2,2024-11-21,REG
NYI_DET_2024-11-21,NYI,2024020308,away,1,0,2,2024-11-21,REG
NYI_DET_2024-11-21,DET,2024020308,home,2,1,2,2024-11-21,REG
VGK_OTT_2024-11-21,VGK,2024020307,away,3,1,2,2024-11-21,REG
VGK_OTT_2024-11-21,OTT,2024020307,home,2,0,2,2024-11-21,REG
SJS_STL_2024-11-21,SJS,2024020312,away,2,0,2,2024-11-21,SO
SJS_STL_2024-11-21,STL,2024020312,home,3,1,2,2024-11-21,SO
FLA_CHI_2024-11-21,FLA,2024020313,away,1,0,2,2024-11-21,REG
FLA_CHI_2024-11-21,CHI,2024020313,home,3,1,2,2024-11-21,REG
NYR_CGY_2024-11-21,NYR,2024020314,away,2,0,2,2024-11-21,REG
NYR_CGY_2024-11-21,CGY,2024020314,home,3,1,2,2024-11-21,REG
MIN_EDM_2024-11-21,MIN,2024020315,away,5,1,2,2024-11-21,REG
MIN_EDM_2024-11-21,EDM,2024020315,home,3,0,2,2024-11-21,REG
WPG_PIT_2024-11-22,WPG,2024020316,away,4,1,2,2024-11-22,REG
WPG_PIT_2024-11-22,PIT,2024020316,home,1,0,2,2024-11-22,REG
BUF_ANA_2024-11-22,BUF,2024020317,away,3,1,2,2024-11-22,OT
BUF_ANA_2024-11-22,ANA,2024020317,home,2,0,2,2024-11-22,OT
CHI_PHI_2024-11-23,CHI,2024020318,away,2,0,2,2024-11-23,OT
CHI_PHI_2024-11-23,PHI,2024020318,home,3,1,2,2024-11-23,OT
MIN_CGY_2024-11-23,MIN,2024020319,away,3,0,2,2024-11-23,SO
MIN_CGY_2024-11-23,CGY,2024020319,home,4,1,2,2024-11-23,SO
SEA_LAK_2024-11-23,SEA,2024020320,away,1,0,2,2024-11-23,REG
SEA_LAK_2024-11-23,LAK,2024020320,home,2,1,2,2024-11-23,REG
COL_FLA_2024-11-23,COL,2024020321,away,7,1,2,2024-11-23,REG
COL_FLA_2024-11-23,FLA,2024020321,home,4,0,2,2024-11-23,REG
WPG_NSH_2024-11-23,WPG,2024020329,away,1,0,2,2024-11-23,REG
WPG_NSH_2024-11-23,NSH,2024020329,home,4,1,2,2024-11-23,REG
NJD_WSH_2024-11-23,NJD,2024020327,away,3,1,2,2024-11-23,REG
NJD_WSH_2024-11-23,WSH,2024020327,home,2,0,2,2024-11-23,REG
VAN_OTT_2024-11-23,VAN,2024020323,away,4,1,2,2024-11-23,REG
VAN_OTT_2024-11-23,OTT,2024020323,home,3,0,2,2024-11-23,REG
BOS_DET_2024-11-23,BOS,2024020324,away,2,1,2,2024-11-23,REG
BOS_DET_2024-11-23,DET,2024020324,home,1,0,2,2024-11-23,REG
CAR_CBJ_2024-11-23,CAR,2024020328,away,4,0,2,2024-11-23,SO
CAR_CBJ_2024-11-23,CBJ,2024020328,home,5,1,2,2024-11-23,SO
DAL_TBL_2024-11-23,DAL,2024020325,away,4,1,2,2024-11-23,REG
DAL_TBL_2024-11-23,TBL,2024020325,home,2,0,2,2024-11-23,REG
VGK_MTL_2024-11-23,VGK,2024020322,away,6,1,2,2024-11-23,REG
VGK_MTL_2024-11-23,MTL,2024020322,home,2,0,2,2024-11-23,REG
UTA_PIT_2024-11-23,UTA,2024020326,away,6,1,2,2024-11-23,REG
UTA_PIT_2024-11-23,PIT,2024020326,home,1,0,2,2024-11-23,REG
STL_NYI_2024-11-23,STL,2024020330,away,1,0,2,2024-11-23,REG
STL_NYI_2024-11-23,NYI,2024020330,home,3,1,2,2024-11-23,REG
BUF_SJS_2024-11-23,BUF,2024020331,away,4,1,2,2024-11-23,REG
BUF_SJS_2024-11-23,SJS,2024020331,home,2,0,2,2024-11-23,REG
NYR_EDM_2024-11-23,NYR,2024020332,away,2,0,2,2024-11-23,REG
NYR_EDM_2024-11-23,EDM,2024020332,home,6,1,2,2024-11-23,REG
UTA_TOR_2024-11-24,UTA,2024020333,away,2,0,2,2024-11-24,REG
UTA_TOR_2024-11-24,TOR,2024020333,home,3,1,2,2024-11-24,REG
DAL_CAR_2024-11-25,DAL,2024020339,away,4,0,2,2024-11-25,REG
DAL_CAR_2024-11-25,CAR,2024020339,home,6,1,2,2024-11-25,REG
WSH_FLA_2024-11-25,WSH,2024020335,away,4,1,2,2024-11-25,REG
WSH_FLA_2024-11-25,FLA,2024020335,home,1,0,2,2024-11-25,REG
NSH_NJD_2024-11-25,NSH,2024020336,away,2,0,2,2024-11-25,REG
NSH_NJD_2024-11-25,NJD,2024020336,home,5,1,2,2024-11-25,REG
VGK_PHI_2024-11-25,VGK,2024020338,away,5,1,2,2024-11-25,SO
VGK_PHI_2024-11-25,PHI,2024020338,home,4,0,2,2024-11-25,SO
COL_TBL_2024-11-25,COL,2024020334,away,2,0,2,2024-11-25,REG
COL_TBL_2024-11-25,TBL,2024020334,home,8,1,2,2024-11-25,REG
STL_NYR_2024-11-25,STL,2024020337,away,5,1,2,2024-11-25,REG
STL_NYR_2024-11-25,NYR,2024020337,home,2,0,2,2024-11-25,REG
CGY_OTT_2024-11-25,CGY,2024020340,away,3,0,2,2024-11-25,REG
CGY_OTT_2024-11-25,OTT,2024020340,home,4,1,2,2024-11-25,REG
DET_NYI_2024-11-25,DET,2024020341,away,4,1,2,2024-11-25,REG
DET_NYI_2024-11-25,NYI,2024020341,home,2,0,2,2024-11-25,REG
WPG_MIN_2024-11-25,WPG,2024020342,away,4,1,2,2024-11-25,REG
WPG_MIN_2024-11-25,MIN,2024020342,home,1,0,2,2024-11-25,REG
SEA_ANA_2024-11-25,SEA,2024020343,away,3,1,2,2024-11-25,REG
SEA_ANA_2024-11-25,ANA,2024020343,home,2,0,2,2024-11-25,REG
LAK_SJS_2024-11-25,LAK,2024020344,away,2,0,2,2024-11-25,REG
LAK_SJS_2024-11-25,SJS,2024020344,home,7,1,2,2024-11-25,REG
UTA_MTL_2024-11-26,UTA,2024020346,away,3,1,2,2024-11-26,OT
UTA_MTL_2024-11-26,MTL,2024020346,home,2,0,2,2024-11-26,OT
VAN_BOS_2024-11-26,VAN,2024020345,away,2,1,2,2024-11-26,REG
VAN_BOS_2024-11-26,BOS,2024020345,home,0,0,2,2024-11-26,REG
STL_NJD_2024-11-27,STL,2024020348,away,3,1,2,2024-11-27,REG
STL_NJD_2024-11-27,NJD,2024020348,home,0,0,2,2024-11-27,REG
MIN_BUF_2024-11-27,MIN,2024020347,away,1,1,2,2024-11-27,REG
MIN_BUF_2024-11-27,BUF,2024020347,home,0,0,2,2024-11-27,REG
NYR_CAR_2024-11-27,NYR,2024020349,away,3,0,2,2024-11-27,REG
NYR_CAR_2024-11-27,CAR,2024020349,home,4,1,2,2024-11-27,REG
TOR_FLA_2024-11-27,TOR,2024020352,away,1,0,2,2024-11-27,REG
TOR_FLA_2024-11-27,FLA,2024020352,home,5,1,2,2024-11-27,REG
WSH_TBL_2024-11-27,WSH,2024020351,away,5,1,2,2024-11-27,REG
WSH_TBL_2024-11-27,TBL,2024020351,home,4,0,2,2024-11-27,REG
CGY_DET_2024-11-27,CGY,2024020350,away,1,0,2,2024-11-27,OT
CGY_DET_2024-11-27,DET,2024020350,home,2,1,2,2024-11-27,OT
VAN_PIT_2024-11-27,VAN,2024020354,away,4,0,2,2024-11-27,REG
VAN_PIT_2024-11-27,PIT,2024020354,home,5,1,2,2024-11-27,REG
BOS_NYI_2024-11-27,BOS,2024020353,away,6,1,2,2024-11-27,REG
BOS_NYI_2024-11-27,NYI,2024020353,home,3,0,2,2024-11-27,REG
MTL_CBJ_2024-11-27,MTL,2024020355,away,4,1,2,2024-11-27,OT
MTL_CBJ_2024-11-27,CBJ,2024020355,home,3,0,2,2024-11-27,OT
PHI_NSH_2024-11-27,PHI,2024020356,away,3,1,2,2024-11-27,OT
PHI_NSH_2024-11-27,NSH,2024020356,home,2,0,2,2024-11-27,OT
DAL_CHI_2024-11-27,DAL,2024020357,away,2,0,2,2024-11-27,REG
DAL_CHI_2024-11-27,CHI,2024020357,home,6,1,2,2024-11-27,REG
ANA_SEA_2024-11-27,ANA,2024020360,away,5,1,2,2024-11-27,REG
ANA_SEA_2024-11-27,SEA,2024020360,home,2,0,2,2024-11-27,REG
WPG_LAK_2024-11-27,WPG,2024020359,away,1,0,2,2024-11-27,REG
WPG_LAK_2024-11-27,LAK,2024020359,home,4,1,2,2024-11-27,REG
VGK_COL_2024-11-27,VGK,2024020358,away,1,0,2,2024-11-27,SO
VGK_COL_2024-11-27,COL,2024020358,home,2,1,2,2024-11-27,SO
OTT_SJS_2024-11-27,OTT,2024020361,away,4,1,2,2024-11-27,REG
OTT_SJS_2024-11-27,SJS,2024020361,home,3,0,2,2024-11-27,REG
NYR_PHI_2024-11-29,NYR,2024020362,away,1,0,2,2024-11-29,REG
NYR_PHI_2024-11-29,PHI,2024020362,home,3,1,2,2024-11-29,REG
CHI_MIN_2024-11-29,CHI,2024020363,away,2,0,2,2024-11-29,REG
CHI_MIN_2024-11-29,MIN,2024020363,home,3,1,2,2024-11-29,REG
CGY_CBJ_2024-11-29,CGY,2024020368,away,2,0,2,2024-11-29,REG
CGY_CBJ_2024-11-29,CBJ,2024020368,home,5,1,2,2024-11-29,REG
TBL_NSH_2024-11-29,TBL,2024020369,away,3,1,2,2024-11-29,OT
TBL_NSH_2024-11-29,NSH,2024020369,home,2,0,2,2024-11-29,OT
NJD_DET_2024-11-29,NJD,2024020365,away,5,1,2,2024-11-29,REG
NJD_DET_2024-11-29,DET,2024020365,home,4,0,2,2024-11-29,REG
VAN_BUF_2024-11-29,VAN,2024020364,away,4,1,2,2024-11-29,OT
VAN_BUF_2024-11-29,BUF,2024020364,home,3,0,2,2024-11-29,OT
NYI_WSH_2024-11-29,NYI,2024020366,away,4,0,2,2024-11-29,OT
NYI_WSH_2024-11-29,WSH,2024020366,home,5,1,2,2024-11-29,OT
FLA_CAR_2024-11-29,FLA,2024020367,away,6,1,2,2024-11-29,REG
FLA_CAR_2024-11-29,CAR,2024020367,home,3,0,2,2024-11-29,REG
SEA_SJS_2024-11-29,SEA,2024020371,away,5,0,2,2024-11-29,REG
SEA_SJS_2024-11-29,SJS,2024020371,home,8,1,2,2024-11-29,REG
LAK_ANA_2024-11-29,LAK,2024020370,away,2,1,2,2024-11-29,REG
LAK_ANA_2024-11-29,ANA,2024020370,home,1,0,2,2024-11-29,REG
PIT_BOS_2024-11-29,PIT,2024020372,away,2,1,2,2024-11-29,REG
PIT_BOS_2024-11-29,BOS,2024020372,home,1,0,2,2024-11-29,REG
WPG_VGK_2024-11-29,WPG,2024020374,away,3,0,2,2024-11-29,REG
WPG_VGK_2024-11-29,VGK,2024020374,home,4,1,2,2024-11-29,REG
EDM_UTA_2024-11-29,EDM,2024020375,away,4,1,2,2024-11-29,OT
EDM_UTA_2024-11-29,UTA,2024020375,home,3,0,2,2024-11-29,OT
COL_DAL_2024-11-29,COL,2024020373,away,3,0,2,2024-11-29,REG
COL_DAL_2024-11-29,DAL,2024020373,home,5,1,2,2024-11-29,REG
MTL_NYR_2024-11-30,MTL,2024020376,away,3,0,2,2024-11-30,REG
MTL_NYR_2024-11-30,NYR,2024020376,home,4,1,2,2024-11-30,REG
CAR_FLA_2024-11-30,CAR,2024020377,away,0,0,2,2024-11-30,REG
CAR_FLA_2024-11-30,FLA,2024020377,home,6,1,2,2024-11-30,REG
WSH_NJD_2024-11-30,WSH,2024020379,away,6,1,2,2024-11-30,REG
WSH_NJD_2024-11-30,NJD,2024020379,home,5,0,2,2024-11-30,REG
CGY_PIT_2024-11-30,CGY,2024020380,away,2,0,2,2024-11-30,REG
CGY_PIT_2024-11-30,PIT,2024020380,home,6,1,2,2024-11-30,REG
OTT_LAK_2024-11-30,OTT,2024020382,away,2,0,2,2024-11-30,REG
OTT_LAK_2024-11-30,LAK,2024020382,home,5,1,2,2024-11-30,REG
PHI_STL_2024-11-30,PHI,2024020381,away,3,1,2,2024-11-30,OT
PHI_STL_2024-11-30,STL,2024020381,home,2,0,2,2024-11-30,OT
TOR_TBL_2024-11-30,TOR,2024020378,away,5,1,2,2024-11-30,REG
TOR_TBL_2024-11-30,TBL,2024020378,home,3,0,2,2024-11-30,REG
BUF_NYI_2024-11-30,BUF,2024020383,away,0,0,2,2024-11-30,REG
BUF_NYI_2024-11-30,NYI,2024020383,home,3,1,2,2024-11-30,REG
NSH_MIN_2024-11-30,NSH,2024020384,away,2,0,2,2024-11-30,OT
NSH_MIN_2024-11-30,MIN,2024020384,home,3,1,2,2024-11-30,OT
SJS_SEA_2024-11-30,SJS,2024020387,away,4,1,2,2024-11-30,REG
SJS_SEA_2024-11-30,SEA,2024020387,home,2,0,2,2024-11-30,REG
EDM_COL_2024-11-30,EDM,2024020385,away,4,1,2,2024-11-30,REG
EDM_COL_2024-11-30,COL,2024020385,home,1,0,2,2024-11-30,REG
UTA_VGK_2024-11-30,UTA,2024020386,away,6,1,2,2024-11-30,REG
UTA_VGK_2024-11-30,VGK,2024020386,home,0,0,2,2024-11-30,REG
VAN_DET_2024-12-01,VAN,2024020388,away,5,1,2,2024-12-01,OT
VAN_DET_2024-12-01,DET,2024020388,home,4,0,2,2024-12-01,OT
MTL_BOS_2024-12-01,MTL,2024020389,away,3,0,2,2024-12-01,REG
MTL_BOS_2024-12-01,BOS,2024020389,home,6,1,2,2024-12-01,REG
CBJ_CHI_2024-12-01,CBJ,2024020390,away,6,1,2,2024-12-01,REG
CBJ_CHI_2024-12-01,CHI,2024020390,home,3,0,2,2024-12-01,REG
WPG_DAL_2024-12-01,WPG,2024020391,away,1,0,2,2024-12-01,REG
WPG_DAL_2024-12-01,DAL,2024020391,home,3,1,2,2024-12-01,REG
OTT_ANA_2024-12-01,OTT,2024020392,away,3,0,2,2024-12-01,SO
OTT_ANA_2024-12-01,ANA,2024020392,home,4,1,2,2024-12-01,SO
NJD_NYR_2024-12-02,NJD,2024020393,away,5,1,2,2024-12-02,REG
NJD_NYR_2024-12-02,NYR,2024020393,home,1,0,2,2024-12-02,REG
CHI_TOR_2024-12-02,CHI,2024020394,away,1,0,2,2024-12-02,REG
CHI_TOR_2024-12-02,TOR,2024020394,home,4,1,2,2024-12-02,REG
DAL_UTA_2024-12-02,DAL,2024020395,away,2,1,2,2024-12-02,REG
DAL_UTA_2024-12-02,UTA,2024020395,home,1,0,2,2024-12-02,REG
FLA_PIT_2024-12-03,FLA,2024020399,away,4,0,2,2024-12-03,OT
FLA_PIT_2024-12-03,PIT,2024020399,home,5,1,2,2024-12-03,OT
DET_BOS_2024-12-03,DET,2024020396,away,2,0,2,2024-12-03,OT
DET_BOS_2024-12-03,BOS,2024020396,home,3,1,2,2024-12-03,OT
COL_BUF_2024-12-03,COL,2024020397,away,5,1,2,2024-12-03,REG
COL_BUF_2024-12-03,BUF,2024020397,home,4,0,2,2024-12-03,REG
SEA_CAR_2024-12-03,SEA,2024020401,away,4,1,2,2024-12-03,REG
SEA_CAR_2024-12-03,CAR,2024020401,home,2,0,2,2024-12-03,REG
SJS_WSH_2024-12-03,SJS,2024020400,away,2,1,2,2024-12-03,OT
SJS_WSH_2024-12-03,WSH,2024020400,home,1,0,2,2024-12-03,OT
NYI_MTL_2024-12-03,NYI,2024020398,away,1,0,2,2024-12-03,OT
NYI_MTL_2024-12-03,MTL,2024020398,home,2,1,2,2024-12-03,OT
STL_WPG_2024-12-03,STL,2024020403,away,4,1,2,2024-12-03,REG
STL_WPG_2024-12-03,WPG,2024020403,home,1,0,2,2024-12-03,REG
VAN_MIN_2024-12-03,VAN,2024020402,away,2,0,2,2024-12-03,OT
VAN_MIN_2024-12-03,MIN,2024020402,home,3,1,2,2024-12-03,OT
CBJ_CGY_2024-12-03,CBJ,2024020404,away,0,0,2,2024-12-03,REG
CBJ_CGY_2024-12-03,CGY,2024020404,home,3,1,2,2024-12-03,REG
EDM_VGK_2024-12-03,EDM,2024020405,away,0,0,2,2024-12-03,REG
EDM_VGK_2024-12-03,VGK,2024020405,home,1,1,2,2024-12-03,REG
BOS_CHI_2024-12-04,BOS,2024020407,away,4,1,2,2024-12-04,REG
BOS_CHI_2024-12-04,CHI,2024020407,home,2,0,2,2024-12-04,REG
NSH_TOR_2024-12-04,NSH,2024020406,away,2,0,2,2024-12-04,REG
NSH_TOR_2024-12-04,TOR,2024020406,home,3,1,2,2024-12-04,REG
DAL_LAK_2024-12-04,DAL,2024020409,away,2,0,2,2024-12-04,REG
DAL_LAK_2024-12-04,LAK,2024020409,home,3,1,2,2024-12-04,REG
VGK_ANA_2024-12-04,VGK,2024020408,away,4,1,2,2024-12-04,REG
VGK_ANA_2024-12-04,ANA,2024020408,home,1,0,2,2024-12-04,REG
COL_CAR_2024-12-05,COL,2024020415,away,3,0,2,2024-12-05,REG
COL_CAR_2024-12-05,CAR,2024020415,home,5,1,2,2024-12-05,REG
WPG_BUF_2024-12-05,WPG,2024020410,away,3,1,2,2024-12-05,OT
WPG_BUF_2024-12-05,BUF,2024020410,home,2,0,2,2024-12-05,OT
NSH_MTL_2024-12-05,NSH,2024020411,away,0,0,2,2024-12-05,REG
NSH_MTL_2024-12-05,MTL,2024020411,home,3,1,2,2024-12-05,REG
SJS_TBL_2024-12-05,SJS,2024020413,away,1,0,2,2024-12-05,REG
SJS_TBL_2024-12-05,TBL,2024020413,home,8,1,2,2024-12-05,REG
FLA_PHI_2024-12-05,FLA,2024020414,away,7,1,2,2024-12-05,REG
FLA_PHI_2024-12-05,PHI,2024020414,home,5,0,2,2024-12-05,REG
DET_OTT_2024-12-05,DET,2024020412,away,1,0,2,2024-12-05,REG
DET_OTT_2024-12-05,OTT,2024020412,home,2,1,2,2024-12-05,REG
SEA_NYI_2024-12-05,SEA,2024020416,away,5,1,2,2024-12-05,REG
SEA_NYI_2024-12-05,NYI,2024020416,home,2,0,2,2024-12-05,REG
CBJ_EDM_2024-12-05,CBJ,2024020418,away,3,0,2,2024-12-05,REG
CBJ_EDM_2024-12-05,EDM,2024020418,home,6,1,2,2024-12-05,REG
STL_CGY_2024-12-05,STL,2024020417,away,4,1,2,2024-12-05,OT
STL_CGY_2024-12-05,CGY,2024020417,home,3,0,2,2024-12-05,OT
SEA_NJD_2024-12-06,SEA,2024020420,away,2,0,2,2024-12-06,REG
SEA_NJD_2024-12-06,NJD,2024020420,home,3,1,2,2024-12-06,REG
WSH_TOR_2024-12-06,WSH,2024020419,away,3,1,2,2024-12-06,REG
WSH_TOR_2024-12-06,TOR,2024020419,home,1,0,2,2024-12-06,REG
PIT_NYR_2024-12-06,PIT,2024020421,away,2,0,2,2024-12-06,REG
PIT_NYR_2024-12-06,NYR,2024020421,home,4,1,2,2024-12-06,REG
CBJ_VAN_2024-12-06,CBJ,2024020422,away,2,0,2,2024-12-06,REG
CBJ_VAN_2024-12-06,VAN,2024020422,home,5,1,2,2024-12-06,REG
MIN_ANA_2024-12-06,MIN,2024020424,away,5,1,2,2024-12-06,REG
MIN_ANA_2024-12-06,ANA,2024020424,home,1,0,2,2024-12-06,REG
DAL_VGK_2024-12-06,DAL,2024020423,away,2,0,2,2024-12-06,REG
DAL_VGK_2024-12-06,VGK,2024020423,home,3,1,2,2024-12-06,REG
PHI_BOS_2024-12-07,PHI,2024020425,away,3,0,2,2024-12-07,OT
PHI_BOS_2024-12-07,BOS,2024020425,home,4,1,2,2024-12-07,OT
UTA_BUF_2024-12-07,UTA,2024020426,away,5,1,2,2024-12-07,REG
UTA_BUF_2024-12-07,BUF,2024020426,home,2,0,2,2024-12-07,REG
WPG_CHI_2024-12-07,WPG,2024020427,away,4,1,2,2024-12-07,REG
WPG_CHI_2024-12-07,CHI,2024020427,home,2,0,2,2024-12-07,REG
CAR_NYI_2024-12-07,CAR,2024020428,away,3,0,2,2024-12-07,REG
CAR_NYI_2024-12-07,NYI,2024020428,home,4,1,2,2024-12-07,REG
SJS_FLA_2024-12-07,SJS,2024020429,away,1,0,2,2024-12-07,REG
SJS_FLA_2024-12-07,FLA,2024020429,home,3,1,2,2024-12-07,REG
COL_DET_2024-12-07,COL,2024020432,away,2,1,2,2024-12-07,REG
COL_DET_2024-12-07,DET,2024020432,home,1,0,2,2024-12-07,REG
WSH_MTL_2024-12-07,WSH,2024020430,away,4,1,2,2024-12-07,REG
WSH_MTL_2024-12-07,MTL,2024020430,home,2,0,2,2024-12-07,REG
NSH_OTT_2024-12-07,NSH,2024020431,away,1,0,2,2024-12-07,REG
NSH_OTT_2024-12-07,OTT,2024020431,home,3,1,2,2024-12-07,REG
TOR_PIT_2024-12-07,TOR,2024020433,away,2,0,2,2024-12-07,REG
TOR_PIT_2024-12-07,PIT,2024020433,home,5,1,2,2024-12-07,REG
MIN_LAK_2024-12-07,MIN,2024020434,away,1,0,2,2024-12-07,REG
MIN_LAK_2024-12-07,LAK,2024020434,home,4,1,2,2024-12-07,REG
STL_EDM_2024-12-07,STL,2024020435,away,2,0,2,2024-12-07,REG
STL_EDM_2024-12-07,EDM,2024020435,home,4,1,2,2024-12-07,REG
SEA_NYR_2024-12-08,SEA,2024020436,away,7,1,2,2024-12-08,REG
SEA_NYR_2024-12-08,NYR,2024020436,home,5,0,2,2024-12-08,REG
TBL_VAN_2024-12-08,TBL,2024020437,away,4,1,2,2024-12-08,REG
TBL_VAN_2024-12-08,VAN,2024020437,home,2,0,2,2024-12-08,REG
NYI_OTT_2024-12-08,NYI,2024020438,away,4,1,2,2024-12-08,REG
NYI_OTT_2024-12-08,OTT,2024020438,home,2,0,2,2024-12-08,REG
CBJ_WPG_2024-12-08,CBJ,2024020439,away,4,1,2,2024-12-08,REG
CBJ_WPG_2024-12-08,WPG,2024020439,home,1,0,2,2024-12-08,REG
COL_NJD_2024-12-08,COL,2024020440,away,4,1,2,2024-12-08,REG
COL_NJD_2024-12-08,NJD,2024020440,home,0,0,2,2024-12-08,REG
UTA_PHI_2024-12-08,UTA,2024020441,away,4,1,2,2024-12-08,REG
UTA_PHI_2024-12-08,PHI,2024020441,home,2,0,2,2024-12-08,REG
CGY_DAL_2024-12-08,CGY,2024020442,away,2,0,2,2024-12-08,REG
CGY_DAL_2024-12-08,DAL,2024020442,home,6,1,2,2024-12-08,REG
CHI_NYR_2024-12-09,CHI,2024020444,away,2,1,2,2024-12-09,REG
CHI_NYR_2024-12-09,NYR,2024020444,home,1,0,2,2024-12-09,REG
DET_BUF_2024-12-09,DET,2024020443,away,6,1,2,2024-12-09,SO
DET_BUF_2024-12-09,BUF,2024020443,home,5,0,2,2024-12-09,SO
ANA_MTL_2024-12-09,ANA,2024020445,away,2,0,2,2024-12-09,SO
ANA_MTL_2024-12-09,MTL,2024020445,home,3,1,2,2024-12-09,SO
TOR_NJD_2024-12-10,TOR,2024020446,away,2,1,2,2024-12-10,OT
TOR_NJD_2024-12-10,NJD,2024020446,home,1,0,2,2024-12-10,OT
PHI_CBJ_2024-12-10,PHI,2024020449,away,5,1,2,2024-12-10,REG
PHI_CBJ_2024-12-10,CBJ,2024020449,home,3,0,2,2024-12-10,REG
SJS_CAR_2024-12-10,SJS,2024020448,away,2,0,2,2024-12-10,REG
SJS_CAR_2024-12-10,CAR,2024020448,home,3,1,2,2024-12-10,REG
COL_PIT_2024-12-10,COL,2024020447,away,6,1,2,2024-12-10,REG
COL_PIT_2024-12-10,PIT,2024020447,home,2,0,2,2024-12-10,REG
LAK_NYI_2024-12-10,LAK,2024020450,away,3,1,2,2024-12-10,REG
LAK_NYI_2024-12-10,NYI,2024020450,home,1,0,2,2024-12-10,REG
CGY_NSH_2024-12-10,CGY,2024020451,away,4,1,2,2024-12-10,REG
CGY_NSH_2024-12-10,NSH,2024020451,home,3,0,2,2024-12-10,REG
BOS_WPG_2024-12-10,BOS,2024020452,away,1,0,2,2024-12-10,REG
BOS_WPG_2024-12-10,WPG,2024020452,home,8,1,2,2024-12-10,REG
TBL_EDM_2024-12-10,TBL,2024020453,away,1,0,2,2024-12-10,REG
TBL_EDM_2024-12-10,EDM,2024020453,home,2,1,2,2024-12-10,REG
MIN_UTA_2024-12-10,MIN,2024020454,away,5,1,2,2024-12-10,SO
MIN_UTA_2024-12-10,UTA,2024020454,home,4,0,2,2024-12-10,SO
STL_VAN_2024-12-10,STL,2024020455,away,4,1,2,2024-12-10,OT
STL_VAN_2024-12-10,VAN,2024020455,home,3,0,2,2024-12-10,OT
FLA_SEA_2024-12-10,FLA,2024020456,away,2,1,2,2024-12-10,SO
FLA_SEA_2024-12-10,SEA,2024020456,home,1,0,2,2024-12-10,SO
NYR_BUF_2024-12-11,NYR,2024020457,away,3,1,2,2024-12-11,REG
NYR_BUF_2024-12-11,BUF,2024020457,home,2,0,2,2024-12-11,REG
ANA_OTT_2024-12-11,ANA,2024020458,away,1,0,2,2024-12-11,REG
ANA_OTT_2024-12-11,OTT,2024020458,home,5,1,2,2024-12-11,REG
WSH_CBJ_2024-12-12,WSH,2024020463,away,2,1,2,2024-12-12,OT
WSH_CBJ_2024-12-12,CBJ,2024020463,home,1,0,2,2024-12-12,OT
ANA_TOR_2024-12-12,ANA,2024020459,away,2,0,2,2024-12-12,REG
ANA_TOR_2024-12-12,TOR,2024020459,home,3,1,2,2024-12-12,REG
LAK_NJD_2024-12-12,LAK,2024020461,away,1,0,2,2024-12-12,REG
LAK_NJD_2024-12-12,NJD,2024020461,home,3,1,2,2024-12-12,REG
DET_PHI_2024-12-12,DET,2024020462,away,1,0,2,2024-12-12,REG
DET_PHI_2024-12-12,PHI,2024020462,home,4,1,2,2024-12-12,REG
PIT_MTL_2024-12-12,PIT,2024020460,away,9,1,2,2024-12-12,REG
PIT_MTL_2024-12-12,MTL,2024020460,home,2,0,2,2024-12-12,REG
CHI_NYI_2024-12-12,CHI,2024020464,away,4,0,2,2024-12-12,REG
CHI_NYI_2024-12-12,NYI,2024020464,home,5,1,2,2024-12-12,REG
NSH_DAL_2024-12-12,NSH,2024020466,away,4,1,2,2024-12-12,REG
NSH_DAL_2024-12-12,DAL,2024020466,home,1,0,2,2024-12-12,REG
SJS_STL_2024-12-12,SJS,2024020465,away,4,1,2,2024-12-12,REG
SJS_STL_2024-12-12,STL,2024020465,home,3,0,2,2024-12-12,REG
VGK_WPG_2024-12-12,VGK,2024020468,away,3,1,2,2024-12-12,OT
VGK_WPG_2024-12-12,WPG,2024020468,home,2,0,2,2024-12-12,OT
EDM_MIN_2024-12-12,EDM,2024020467,away,7,1,2,2024-12-12,REG
EDM_MIN_2024-12-12,MIN,2024020467,home,1,0,2,2024-12-12,REG
UTA_COL_2024-12-12,UTA,2024020469,away,4,1,2,2024-12-12,REG
UTA_COL_2024-12-12,COL,2024020469,home,1,0,2,2024-12-12,REG
TBL_CGY_2024-12-12,TBL,2024020470,away,8,1,2,2024-12-12,REG
TBL_CGY_2024-12-12,CGY,2024020470,home,3,0,2,2024-12-12,REG
FLA_VAN_2024-12-12,FLA,2024020471,away,0,0,2,2024-12-12,REG
FLA_VAN_2024-12-12,VAN,2024020471,home,4,1,2,2024-12-12,REG
BOS_SEA_2024-12-12,BOS,2024020472,away,1,0,2,2024-12-12,REG
BOS_SEA_2024-12-12,SEA,2024020472,home,5,1,2,2024-12-12,REG
OTT_CAR_2024-12-13,OTT,2024020473,away,3,1,2,2024-12-13,REG
OTT_CAR_2024-12-13,CAR,2024020473,home,0,0,2,2024-12-13,REG
LAK_NYR_2024-12-14,LAK,2024020475,away,5,1,2,2024-12-14,REG
LAK_NYR_2024-12-14,NYR,2024020475,home,1,0,2,2024-12-14,REG
CHI_NJD_2024-12-14,CHI,2024020474,away,1,0,2,2024-12-14,REG
CHI_NJD_2024-12-14,NJD,2024020474,home,4,1,2,2024-12-14,REG
PHI_MIN_2024-12-14,PHI,2024020476,away,1,0,2,2024-12-14,REG
PHI_MIN_2024-12-14,MIN,2024020476,home,4,1,2,2024-12-14,REG
VGK_EDM_2024-12-14,VGK,2024020477,away,3,0,2,2024-12-14,REG
VGK_EDM_2024-12-14,EDM,2024020477,home,6,1,2,2024-12-14,REG
MTL_WPG_2024-12-14,MTL,2024020482,away,2,0,2,2024-12-14,REG
MTL_WPG_2024-12-14,WPG,2024020482,home,4,1,2,2024-12-14,REG
PIT_OTT_2024-12-14,PIT,2024020478,away,2,0,2,2024-12-14,OT
PIT_OTT_2024-12-14,OTT,2024020478,home,3,1,2,2024-12-14,OT
ANA_CBJ_2024-12-14,ANA,2024020481,away,4,1,2,2024-12-14,OT
ANA_CBJ_2024-12-14,CBJ,2024020481,home,3,0,2,2024-12-14,OT
TOR_DET_2024-12-14,TOR,2024020479,away,2,0,2,2024-12-14,REG
TOR_DET_2024-12-14,DET,2024020479,home,4,1,2,2024-12-14,REG
BUF_WSH_2024-12-14,BUF,2024020480,away,2,0,2,2024-12-14,REG
BUF_WSH_2024-12-14,WSH,2024020480,home,4,1,2,2024-12-14,REG
STL_DAL_2024-12-14,STL,2024020483,away,1,0,2,2024-12-14,OT
STL_DAL_2024-12-14,DAL,2024020483,home,2,1,2,2024-12-14,OT
NSH_COL_2024-12-14,NSH,2024020484,away,2,0,2,2024-12-14,REG
NSH_COL_2024-12-14,COL,2024020484,home,5,1,2,2024-12-14,REG
TBL_SEA_2024-12-14,TBL,2024020488,away,5,1,2,2024-12-14,REG
TBL_SEA_2024-12-14,SEA,2024020488,home,1,0,2,2024-12-14,REG
UTA_SJS_2024-12-14,UTA,2024020487,away,4,1,2,2024-12-14,REG
UTA_SJS_2024-12-14,SJS,2024020487,home,3,0,2,2024-12-14,REG
FLA_CGY_2024-12-14,FLA,2024020485,away,0,0,2,2024-12-14,REG
FLA_CGY_2024-12-14,CGY,2024020485,home,3,1,2,2024-12-14,REG
BOS_VAN_2024-12-14,BOS,2024020486,away,5,1,2,2024-12-14,REG
BOS_VAN_2024-12-14,VAN,2024020486,home,1,0,2,2024-12-14,REG
NYI_CHI_2024-12-15,NYI,2024020489,away,3,0,2,2024-12-15,REG
NYI_CHI_2024-12-15,CHI,2024020489,home,5,1,2,2024-12-15,REG
BUF_TOR_2024-12-15,BUF,2024020490,away,3,0,2,2024-12-15,REG
BUF_TOR_2024-12-15,TOR,2024020490,home,5,1,2,2024-12-15,REG
CBJ_CAR_2024-12-15,CBJ,2024020491,away,1,0,2,2024-12-15,REG
CBJ_CAR_2024-12-15,CAR,2024020491,home,4,1,2,2024-12-15,REG
VGK_MIN_2024-12-15,VGK,2024020493,away,3,1,2,2024-12-15,REG
VGK_MIN_2024-12-15,MIN,2024020493,home,2,0,2,2024-12-15,REG
NYR_STL_2024-12-15,NYR,2024020492,away,2,0,2,2024-12-15,REG
NYR_STL_2024-12-15,STL,2024020492,home,3,1,2,2024-12-15,REG
WSH_DAL_2024-12-16,WSH,2024020494,away,1,0,2,2024-12-16,REG
WSH_DAL_2024-12-16,DAL,2024020494,home,3,1,2,2024-12-16,REG
FLA_EDM_2024-12-16,FLA,2024020495,away,6,1,2,2024-12-16,REG
FLA_EDM_2024-12-16,EDM,2024020495,home,5,0,2,2024-12-16,REG
COL_VAN_2024-12-16,COL,2024020496,away,1,0,2,2024-12-16,REG
COL_VAN_2024-12-16,VAN,2024020496,home,3,1,2,2024-12-16,REG
CBJ_TBL_2024-12-17,CBJ,2024020498,away,3,0,2,2024-12-17,REG
CBJ_TBL_2024-12-17,TBL,2024020498,home,5,1,2,2024-12-17,REG
LAK_PIT_2024-12-17,LAK,2024020499,away,2,0,2,2024-12-17,OT
LAK_PIT_2024-12-17,PIT,2024020499,home,3,1,2,2024-12-17,OT
BUF_MTL_2024-12-17,BUF,2024020497,away,1,0,2,2024-12-17,REG
BUF_MTL_2024-12-17,MTL,2024020497,home,6,1,2,2024-12-17,REG
NYI_CAR_2024-12-17,NYI,2024020500,away,0,0,2,2024-12-17,REG
NYI_CAR_2024-12-17,CAR,2024020500,home,4,1,2,2024-12-17,REG
NYR_NSH_2024-12-17,NYR,2024020502,away,0,0,2,2024-12-17,REG
NYR_NSH_2024-12-17,NSH,2024020502,home,2,1,2,2024-12-17,REG
NJD_STL_2024-12-17,NJD,2024020501,away,4,1,2,2024-12-17,REG
NJD_STL_2024-12-17,STL,2024020501,home,1,0,2,2024-12-17,REG
WSH_CHI_2024-12-17,WSH,2024020503,away,2,0,2,2024-12-17,REG
WSH_CHI_2024-12-17,CHI,2024020503,home,3,1,2,2024-12-17,REG
BOS_CGY_2024-12-17,BOS,2024020504,away,4,1,2,2024-12-17,OT
BOS_CGY_2024-12-17,CGY,2024020504,home,3,0,2,2024-12-17,OT
OTT_SEA_2024-12-17,OTT,2024020505,away,3,1,2,2024-12-17,REG
OTT_SEA_2024-12-17,SEA,2024020505,home,0,0,2,2024-12-17,REG
WPG_SJS_2024-12-17,WPG,2024020506,away,4,1,2,2024-12-17,REG
WPG_SJS_2024-12-17,SJS,2024020506,home,3,0,2,2024-12-17,REG
PHI_DET_2024-12-18,PHI,2024020507,away,4,0,2,2024-12-18,REG
PHI_DET_2024-12-18,DET,2024020507,home,6,1,2,2024-12-18,REG
TOR_DAL_2024-12-18,TOR,2024020508,away,5,1,2,2024-12-18,REG
TOR_DAL_2024-12-18,DAL,2024020508,home,3,0,2,2024-12-18,REG
FLA_MIN_2024-12-18,FLA,2024020509,away,6,1,2,2024-12-18,REG
FLA_MIN_2024-12-18,MIN,2024020509,home,1,0,2,2024-12-18,REG
VAN_UTA_2024-12-18,VAN,2024020510,away,2,0,2,2024-12-18,OT
VAN_UTA_2024-12-18,UTA,2024020510,home,3,1,2,2024-12-18,OT
WPG_ANA_2024-12-18,WPG,2024020511,away,2,0,2,2024-12-18,REG
WPG_ANA_2024-12-18,ANA,2024020511,home,3,1,2,2024-12-18,REG
NJD_CBJ_2024-12-19,NJD,2024020514,away,2,0,2,2024-12-19,REG
NJD_CBJ_2024-12-19,CBJ,2024020514,home,4,1,2,2024-12-19,REG
STL_TBL_2024-12-19,STL,2024020512,away,1,0,2,2024-12-19,REG
STL_TBL_2024-12-19,TBL,2024020512,home,3,1,2,2024-12-19,REG
LAK_PHI_2024-12-19,LAK,2024020513,away,7,1,2,2024-12-19,REG
LAK_PHI_2024-12-19,PHI,2024020513,home,3,0,2,2024-12-19,REG
PIT_NSH_2024-12-19,PIT,2024020515,away,5,1,2,2024-12-19,OT
PIT_NSH_2024-12-19,NSH,2024020515,home,4,0,2,2024-12-19,OT
SEA_CHI_2024-12-19,SEA,2024020516,away,1,0,2,2024-12-19,REG
SEA_CHI_2024-12-19,CHI,2024020516,home,3,1,2,2024-12-19,REG
OTT_CGY_2024-12-19,OTT,2024020517,away,3,1,2,2024-12-19,OT
OTT_CGY_2024-12-19,CGY,2024020517,home,2,0,2,2024-12-19,OT
BOS_EDM_2024-12-19,BOS,2024020518,away,2,0,2,2024-12-19,OT
BOS_EDM_2024-12-19,EDM,2024020518,home,3,1,2,2024-12-19,OT
VAN_VGK_2024-12-19,VAN,2024020519,away,1,0,2,2024-12-19,REG
VAN_VGK_2024-12-19,VGK,2024020519,home,3,1,2,2024-12-19,REG
COL_SJS_2024-12-19,COL,2024020520,away,4,1,2,2024-12-19,REG
COL_SJS_2024-12-19,SJS,2024020520,home,2,0,2,2024-12-19,REG
MTL_DET_2024-12-20,MTL,2024020522,away,4,1,2,2024-12-20,REG
MTL_DET_2024-12-20,DET,2024020522,home,3,0,2,2024-12-20,REG
STL_FLA_2024-12-20,STL,2024020523,away,1,0,2,2024-12-20,OT
STL_FLA_2024-12-20,FLA,2024020523,home,2,1,2,2024-12-20,OT
TOR_BUF_2024-12-20,TOR,2024020521,away,6,1,2,2024-12-20,REG
TOR_BUF_2024-12-20,BUF,2024020521,home,3,0,2,2024-12-20,REG
CAR_WSH_2024-12-20,CAR,2024020524,away,1,0,2,2024-12-20,REG
CAR_WSH_2024-12-20,WSH,2024020524,home,3,1,2,2024-12-20,REG
NYR_DAL_2024-12-20,NYR,2024020525,away,3,1,2,2024-12-20,REG
NYR_DAL_2024-12-20,DAL,2024020525,home,1,0,2,2024-12-20,REG
UTA_MIN_2024-12-20,UTA,2024020526,away,2,1,2,2024-12-20,REG
UTA_MIN_2024-12-20,MIN,2024020526,home,1,0,2,2024-12-20,REG
COL_ANA_2024-12-20,COL,2024020527,away,4,1,2,2024-12-20,REG
COL_ANA_2024-12-20,ANA,2024020527,home,2,0,2,2024-12-20,REG
LAK_NSH_2024-12-21,LAK,2024020528,away,2,0,2,2024-12-21,OT
LAK_NSH_2024-12-21,NSH,2024020528,home,3,1,2,2024-12-21,OT
SJS_EDM_2024-12-21,SJS,2024020530,away,2,0,2,2024-12-21,OT
SJS_EDM_2024-12-21,EDM,2024020530,home,3,1,2,2024-12-21,OT
CHI_CGY_2024-12-21,CHI,2024020529,away,4,0,2,2024-12-21,REG
CHI_CGY_2024-12-21,CGY,2024020529,home,6,1,2,2024-12-21,REG
BUF_BOS_2024-12-21,BUF,2024020531,away,1,0,2,2024-12-21,REG
BUF_BOS_2024-12-21,BOS,2024020531,home,3,1,2,2024-12-21,REG
CBJ_PHI_2024-12-21,CBJ,2024020535,away,4,0,2,2024-12-21,OT
CBJ_PHI_2024-12-21,PHI,2024020535,home,5,1,2,2024-12-21,OT
PIT_NJD_2024-12-21,PIT,2024020534,away,0,0,2,2024-12-21,REG
PIT_NJD_2024-12-21,NJD,2024020534,home,3,1,2,2024-12-21,REG
MIN_WPG_2024-12-21,MIN,2024020536,away,0,0,2,2024-12-21,REG
MIN_WPG_2024-12-21,WPG,2024020536,home,5,1,2,2024-12-21,REG
DET_MTL_2024-12-21,DET,2024020533,away,1,0,2,2024-12-21,REG
DET_MTL_2024-12-21,MTL,2024020533,home,5,1,2,2024-12-21,REG
NYI_TOR_2024-12-21,NYI,2024020532,away,6,1,2,2024-12-21,REG
NYI_TOR_2024-12-21,TOR,2024020532,home,3,0,2,2024-12-21,REG
SEA_VGK_2024-12-21,SEA,2024020538,away,2,0,2,2024-12-21,REG
SEA_VGK_2024-12-21,VGK,2024020538,home,6,1,2,2024-12-21,REG
OTT_VAN_2024-12-21,OTT,2024020537,away,5,1,2,2024-12-21,OT
OTT_VAN_2024-12-21,VAN,2024020537,home,4,0,2,2024-12-21,OT
CAR_NYR_2024-12-22,CAR,2024020539,away,3,1,2,2024-12-22,REG
CAR_NYR_2024-12-22,NYR,2024020539,home,1,0,2,2024-12-22,REG
LAK_WSH_2024-12-22,LAK,2024020541,away,1,0,2,2024-12-22,REG
LAK_WSH_2024-12-22,WSH,2024020541,home,3,1,2,2024-12-22,REG
FLA_TBL_2024-12-22,FLA,2024020540,away,4,1,2,2024-12-22,REG
FLA_TBL_2024-12-22,TBL,2024020540,home,2,0,2,2024-12-22,REG
ANA_UTA_2024-12-22,ANA,2024020542,away,5,1,2,2024-12-22,SO
ANA_UTA_2024-12-22,UTA,2024020542,home,4,0,2,2024-12-22,SO
OTT_EDM_2024-12-22,OTT,2024020544,away,1,0,2,2024-12-22,REG
OTT_EDM_2024-12-22,EDM,2024020544,home,3,1,2,2024-12-22,REG
SEA_COL_2024-12-22,SEA,2024020543,away,2,0,2,2024-12-22,REG
SEA_COL_2024-12-22,COL,2024020543,home,5,1,2,2024-12-22,REG
NYR_NJD_2024-12-23,NYR,2024020545,away,0,0,2,2024-12-23,REG
NYR_NJD_2024-12-23,NJD,2024020545,home,5,1,2,2024-12-23,REG
WPG_TOR_2024-12-23,WPG,2024020546,away,5,1,2,2024-12-23,REG
WPG_TOR_2024-12-23,TOR,2024020546,home,2,0,2,2024-12-23,REG
STL_DET_2024-12-23,STL,2024020548,away,4,1,2,2024-12-23,REG
STL_DET_2024-12-23,DET,2024020548,home,0,0,2,2024-12-23,REG
TBL_FLA_2024-12-23,TBL,2024020549,away,4,1,2,2024-12-23,REG
TBL_FLA_2024-12-23,FLA,2024020549,home,0,0,2,2024-12-23,REG
MTL_CBJ_2024-12-23,MTL,2024020551,away,4,0,2,2024-12-23,REG
MTL_CBJ_2024-12-23,CBJ,2024020551,home,5,1,2,2024-12-23,REG
WSH_BOS_2024-12-23,WSH,2024020547,away,1,0,2,2024-12-23,REG
WSH_BOS_2024-12-23,BOS,2024020547,home,4,1,2,2024-12-23,REG
PHI_PIT_2024-12-23,PHI,2024020550,away,3,0,2,2024-12-23,REG
PHI_PIT_2024-12-23,PIT,2024020550,home,7,1,2,2024-12-23,REG
BUF_NYI_2024-12-23,BUF,2024020552,away,7,1,2,2024-12-23,REG
BUF_NYI_2024-12-23,NYI,2024020552,home,1,0,2,2024-12-23,REG
CAR_NSH_2024-12-23,CAR,2024020553,away,2,0,2,2024-12-23,REG
CAR_NSH_2024-12-23,NSH,2024020553,home,5,1,2,2024-12-23,REG
CHI_MIN_2024-12-23,CHI,2024020554,away,3,0,2,2024-12-23,REG
CHI_MIN_2024-12-23,MIN,2024020554,home,4,1,2,2024-12-23,REG
DAL_UTA_2024-12-23,DAL,2024020556,away,3,1,2,2024-12-23,REG
DAL_UTA_2024-12-23,UTA,2024020556,home,2,0,2,2024-12-23,REG
SJS_VAN_2024-12-23,SJS,2024020555,away,3,0,2,2024-12-23,REG
SJS_VAN_2024-12-23,VAN,2024020555,home,4,1,2,2024-12-23,REG
ANA_VGK_2024-12-23,ANA,2024020557,away,1,0,2,2024-12-23,REG
ANA_VGK_2024-12-23,VGK,2024020557,home,3,1,2,2024-12-23,REG
CHI_BUF_2024-12-27,CHI,2024020558,away,2,0,2,2024-12-27,REG
CHI_BUF_2024-12-27,BUF,2024020558,home,6,1,2,2024-12-27,REG
CAR_NJD_2024-12-27,CAR,2024020560,away,2,0,2,2024-12-27,REG
CAR_NJD_2024-12-27,NJD,2024020560,home,4,1,2,2024-12-27,REG
BOS_CBJ_2024-12-27,BOS,2024020561,away,2,0,2,2024-12-27,REG
BOS_CBJ_2024-12-27,CBJ,2024020561,home,6,1,2,2024-12-27,REG
TOR_DET_2024-12-27,TOR,2024020559,away,5,1,2,2024-12-27,REG
TOR_DET_2024-12-27,DET,2024020559,home,2,0,2,2024-12-27,REG
MIN_DAL_2024-12-27,MIN,2024020563,away,3,1,2,2024-12-27,OT
MIN_DAL_2024-12-27,DAL,2024020563,home,2,0,2,2024-12-27,OT
NSH_STL_2024-12-27,NSH,2024020562,away,4,0,2,2024-12-27,REG
NSH_STL_2024-12-27,STL,2024020562,home,7,1,2,2024-12-27,REG
COL_UTA_2024-12-27,COL,2024020564,away,4,1,2,2024-12-27,REG
COL_UTA_2024-12-27,UTA,2024020564,home,1,0,2,2024-12-27,REG
VGK_SJS_2024-12-27,VGK,2024020565,away,6,1,2,2024-12-27,REG
VGK_SJS_2024-12-27,SJS,2024020565,home,3,0,2,2024-12-27,REG
MTL_FLA_2024-12-28,MTL,2024020566,away,4,1,2,2024-12-28,REG
MTL_FLA_2024-12-28,FLA,2024020566,home,0,0,2,2024-12-28,REG
PHI_ANA_2024-12-28,PHI,2024020568,away,3,1,2,2024-12-28,REG
PHI_ANA_2024-12-28,ANA,2024020568,home,1,0,2,2024-12-28,REG
EDM_LAK_2024-12-28,EDM,2024020569,away,3,0,2,2024-12-28,OT
EDM_LAK_2024-12-28,LAK,2024020569,home,4,1,2,2024-12-28,OT
SEA_VAN_2024-12-28,SEA,2024020567,away,5,1,2,2024-12-28,OT
SEA_VAN_2024-12-28,VAN,2024020567,home,4,0,2,2024-12-28,OT
NJD_CAR_2024-12-28,NJD,2024020573,away,2,0,2,2024-12-28,REG
NJD_CAR_2024-12-28,CAR,2024020573,home,5,1,2,2024-12-28,REG
NYR_TBL_2024-12-28,NYR,2024020572,away,2,0,2,2024-12-28,REG
NYR_TBL_2024-12-28,TBL,2024020572,home,6,1,2,2024-12-28,REG
WSH_TOR_2024-12-28,WSH,2024020571,away,5,1,2,2024-12-28,REG
WSH_TOR_2024-12-28,TOR,2024020571,home,2,0,2,2024-12-28,REG
OTT_WPG_2024-12-28,OTT,2024020574,away,2,0,2,2024-12-28,REG
OTT_WPG_2024-12-28,WPG,2024020574,home,4,1,2,2024-12-28,REG
CBJ_BOS_2024-12-28,CBJ,2024020570,away,0,0,2,2024-12-28,REG
CBJ_BOS_2024-12-28,BOS,2024020570,home,4,1,2,2024-12-28,REG
PIT_NYI_2024-12-28,PIT,2024020575,away,3,0,2,2024-12-28,REG
PIT_NYI_2024-12-28,NYI,2024020575,home,6,1,2,2024-12-28,REG
CGY_SJS_2024-12-28,CGY,2024020576,away,3,1,2,2024-12-28,REG
CGY_SJS_2024-12-28,SJS,2024020576,home,1,0,2,2024-12-28,REG
BUF_STL_2024-12-29,BUF,2024020582,away,4,1,2,2024-12-29,REG
BUF_STL_2024-12-29,STL,2024020582,home,2,0,2,2024-12-29,REG
EDM_ANA_2024-12-29,EDM,2024020578,away,3,0,2,2024-12-29,REG
EDM_ANA_2024-12-29,ANA,2024020578,home,5,1,2,2024-12-29,REG
WSH_DET_2024-12-29,WSH,2024020579,away,2,0,2,2024-12-29,REG
WSH_DET_2024-12-29,DET,2024020579,home,4,1,2,2024-12-29,REG
MTL_TBL_2024-12-29,MTL,2024020580,away,5,1,2,2024-12-29,REG
MTL_TBL_2024-12-29,TBL,2024020580,home,2,0,2,2024-12-29,REG
NYI_PIT_2024-12-29,NYI,2024020581,away,2,0,2,2024-12-29,REG
NYI_PIT_2024-12-29,PIT,2024020581,home,3,1,2,2024-12-29,REG
CGY_VGK_2024-12-29,CGY,2024020584,away,0,0,2,2024-12-29,REG
CGY_VGK_2024-12-29,VGK,2024020584,home,3,1,2,2024-12-29,REG
OTT_MIN_2024-12-29,OTT,2024020583,away,3,1,2,2024-12-29,REG
OTT_MIN_2024-12-29,MIN,2024020583,home,1,0,2,2024-12-29,REG
DAL_CHI_2024-12-29,DAL,2024020577,away,5,1,2,2024-12-29,REG
DAL_CHI_2024-12-29,CHI,2024020577,home,1,0,2,2024-12-29,REG
PHI_LAK_2024-12-29,PHI,2024020585,away,4,0,2,2024-12-29,REG
PHI_LAK_2024-12-29,LAK,2024020585,home,5,1,2,2024-12-29,REG
NYR_FLA_2024-12-30,NYR,2024020586,away,3,0,2,2024-12-30,REG
NYR_FLA_2024-12-30,FLA,2024020586,home,5,1,2,2024-12-30,REG
NSH_WPG_2024-12-30,NSH,2024020587,away,0,0,2,2024-12-30,REG
NSH_WPG_2024-12-30,WPG,2024020587,home,3,1,2,2024-12-30,REG
UTA_SEA_2024-12-30,UTA,2024020588,away,2,0,2,2024-12-30,REG
UTA_SEA_2024-12-30,SEA,2024020588,home,5,1,2,2024-12-30,REG
BOS_WSH_2024-12-31,BOS,2024020589,away,1,0,2,2024-12-31,REG
BOS_WSH_2024-12-31,WSH,2024020589,home,3,1,2,2024-12-31,REG
NYI_TOR_2024-12-31,NYI,2024020590,away,1,0,2,2024-12-31,REG
NYI_TOR_2024-12-31,TOR,2024020590,home,3,1,2,2024-12-31,REG
MTL_VGK_2024-12-31,MTL,2024020591,away,3,1,2,2024-12-31,REG
MTL_VGK_2024-12-31,VGK,2024020591,home,2,0,2,2024-12-31,REG
STL_CHI_2024-12-31,STL,2024020592,away,6,1,2,2024-12-31,REG
STL_CHI_2024-12-31,CHI,2024020592,home,2,0,2,2024-12-31,REG
NJD_ANA_2024-12-31,NJD,2024020598,away,2,0,2,2024-12-31,REG
NJD_ANA_2024-12-31,ANA,2024020598,home,3,1,2,2024-12-31,REG
BUF_DAL_2024-12-31,BUF,2024020595,away,2,0,2,2024-12-31,REG
BUF_DAL_2024-12-31,DAL,2024020595,home,4,1,2,2024-12-31,REG
CAR_CBJ_2024-12-31,CAR,2024020594,away,3,0,2,2024-12-31,SO
CAR_CBJ_2024-12-31,CBJ,2024020594,home,4,1,2,2024-12-31,SO
WPG_COL_2024-12-31,WPG,2024020597,away,2,0,2,2024-12-31,REG
WPG_COL_2024-12-31,COL,2024020597,home,5,1,2,2024-12-31,REG
NSH_MIN_2024-12-31,NSH,2024020596,away,3,0,2,2024-12-31,REG
NSH_MIN_2024-12-31,MIN,2024020596,home,5,1,2,2024-12-31,REG
PHI_SJS_2024-12-31,PHI,2024020599,away,4,1,2,2024-12-31,REG
PHI_SJS_2024-12-31,SJS,2024020599,home,0,0,2,2024-12-31,REG
PIT_DET_2024-12-31,PIT,2024020593,away,2,0,2,2024-12-31,REG
PIT_DET_2024-12-31,DET,2024020593,home,4,1,2,2024-12-31,REG
VAN_CGY_2024-12-31,VAN,2024020600,away,1,0,2,2024-12-31,REG
VAN_CGY_2024-12-31,CGY,2024020600,home,3,1,2,2024-12-31,REG
UTA_EDM_2024-12-31,UTA,2024020601,away,1,0,2,2024-12-31,REG
UTA_EDM_2024-12-31,EDM,2024020601,home,4,1,2,2024-12-31,REG
NJD_LAK_2025-01-01,NJD,2024020602,away,0,0,2,2025-01-01,REG
NJD_LAK_2025-01-01,LAK,2024020602,home,3,1,2,2025-01-01,REG
BOS_NYR_2025-01-02,BOS,2024020604,away,1,0,2,2025-01-02,REG
BOS_NYR_2025-01-02,NYR,2024020604,home,2,1,2,2025-01-02,REG
CAR_FLA_2025-01-02,CAR,2024020603,away,3,1,2,2025-01-02,REG
CAR_FLA_2025-01-02,FLA,2024020603,home,1,0,2,2025-01-02,REG
DET_CBJ_2025-01-02,DET,2024020606,away,5,1,2,2025-01-02,REG
DET_CBJ_2025-01-02,CBJ,2024020606,home,4,0,2,2025-01-02,REG
MIN_WSH_2025-01-02,MIN,2024020605,away,4,1,2,2025-01-02,SO
MIN_WSH_2025-01-02,WSH,2024020605,home,3,0,2,2025-01-02,SO
TOR_NYI_2025-01-02,TOR,2024020607,away,2,1,2,2025-01-02,REG
TOR_NYI_2025-01-02,NYI,2024020607,home,1,0,2,2025-01-02,REG
ANA_WPG_2025-01-02,ANA,2024020609,away,4,1,2,2025-01-02,OT
ANA_WPG_2025-01-02,WPG,2024020609,home,3,0,2,2025-01-02,OT
OTT_DAL_2025-01-02,OTT,2024020608,away,2,0,2,2025-01-02,REG
OTT_DAL_2025-01-02,DAL,2024020608,home,4,1,2,2025-01-02,REG
BUF_COL_2025-01-02,BUF,2024020610,away,5,0,2,2025-01-02,OT
BUF_COL_2025-01-02,COL,2024020610,home,6,1,2,2025-01-02,OT
UTA_CGY_2025-01-02,UTA,2024020611,away,5,1,2,2025-01-02,REG
UTA_CGY_2025-01-02,CGY,2024020611,home,3,0,2,2025-01-02,REG
PHI_VGK_2025-01-02,PHI,2024020612,away,2,0,2,2025-01-02,REG
PHI_VGK_2025-01-02,VGK,2024020612,home,5,1,2,2025-01-02,REG
VAN_SEA_2025-01-02,VAN,2024020613,away,4,1,2,2025-01-02,SO
VAN_SEA_2025-01-02,SEA,2024020613,home,3,0,2,2025-01-02,SO
TBL_SJS_2025-01-02,TBL,2024020614,away,1,0,2,2025-01-02,REG
TBL_SJS_2025-01-02,SJS,2024020614,home,2,1,2,2025-01-02,REG
PIT_FLA_2025-01-03,PIT,2024020615,away,2,0,2,2025-01-03,SO
PIT_FLA_2025-01-03,FLA,2024020615,home,3,1,2,2025-01-03,SO
OTT_STL_2025-01-03,OTT,2024020617,away,0,0,2,2025-01-03,REG
OTT_STL_2025-01-03,STL,2024020617,home,4,1,2,2025-01-03,REG
MTL_CHI_2025-01-03,MTL,2024020616,away,2,0,2,2025-01-03,REG
MTL_CHI_2025-01-03,CHI,2024020616,home,4,1,2,2025-01-03,REG
ANA_EDM_2025-01-03,ANA,2024020618,away,2,0,2,2025-01-03,REG
ANA_EDM_2025-01-03,EDM,2024020618,home,3,1,2,2025-01-03,REG
NSH_VAN_2025-01-03,NSH,2024020619,away,3,1,2,2025-01-03,REG
NSH_VAN_2025-01-03,VAN,2024020619,home,0,0,2,2025-01-03,REG
NYR_WSH_2025-01-04,NYR,2024020620,away,4,0,2,2025-01-04,REG
NYR_WSH_2025-01-04,WSH,2024020620,home,7,1,2,2025-01-04,REG
NJD_SJS_2025-01-04,NJD,2024020622,away,2,0,2,2025-01-04,REG
NJD_SJS_2025-01-04,SJS,2024020622,home,3,1,2,2025-01-04,REG
MIN_CAR_2025-01-04,MIN,2024020624,away,4,1,2,2025-01-04,REG
MIN_CAR_2025-01-04,CAR,2024020624,home,0,0,2,2025-01-04,REG
MTL_COL_2025-01-04,MTL,2024020626,away,2,1,2,2025-01-04,SO
MTL_COL_2025-01-04,COL,2024020626,home,1,0,2,2025-01-04,SO
DET_WPG_2025-01-04,DET,2024020621,away,4,1,2,2025-01-04,REG
DET_WPG_2025-01-04,WPG,2024020621,home,2,0,2,2025-01-04,REG
STL_CBJ_2025-01-04,STL,2024020625,away,4,0,2,2025-01-04,REG
STL_CBJ_2025-01-04,CBJ,2024020625,home,6,1,2,2025-01-04,REG
BOS_TOR_2025-01-04,BOS,2024020623,away,4,0,2,2025-01-04,REG
BOS_TOR_2025-01-04,TOR,2024020623,home,6,1,2,2025-01-04,REG
UTA_DAL_2025-01-04,UTA,2024020628,away,2,0,2,2025-01-04,OT
UTA_DAL_2025-01-04,DAL,2024020628,home,3,1,2,2025-01-04,OT
TBL_LAK_2025-01-04,TBL,2024020629,away,1,0,2,2025-01-04,REG
TBL_LAK_2025-01-04,LAK,2024020629,home,2,1,2,2025-01-04,REG
BUF_VGK_2025-01-04,BUF,2024020630,away,1,0,2,2025-01-04,REG
BUF_VGK_2025-01-04,VGK,2024020630,home,3,1,2,2025-01-04,REG
NSH_CGY_2025-01-04,NSH,2024020627,away,4,1,2,2025-01-04,REG
NSH_CGY_2025-01-04,CGY,2024020627,home,1,0,2,2025-01-04,REG
EDM_SEA_2025-01-04,EDM,2024020631,away,4,1,2,2025-01-04,REG
EDM_SEA_2025-01-04,SEA,2024020631,home,2,0,2,2025-01-04,REG
NYR_CHI_2025-01-05,NYR,2024020632,away,6,1,2,2025-01-05,REG
NYR_CHI_2025-01-05,CHI,2024020632,home,2,0,2,2025-01-05,REG
PIT_CAR_2025-01-05,PIT,2024020634,away,3,0,2,2025-01-05,OT
PIT_CAR_2025-01-05,CAR,2024020634,home,4,1,2,2025-01-05,OT
NYI_BOS_2025-01-05,NYI,2024020633,away,5,1,2,2025-01-05,OT
NYI_BOS_2025-01-05,BOS,2024020633,home,4,0,2,2025-01-05,OT
PHI_TOR_2025-01-05,PHI,2024020635,away,2,0,2,2025-01-05,OT
PHI_TOR_2025-01-05,TOR,2024020635,home,3,1,2,2025-01-05,OT
TBL_ANA_2025-01-05,TBL,2024020636,away,1,0,2,2025-01-05,REG
TBL_ANA_2025-01-05,ANA,2024020636,home,4,1,2,2025-01-05,REG
