gameType,gameid,homeTeam.id,homeTeam.abbrev,awayTeam.id,awayTeam.abbrev,odds_description,home_odds_value,away_odds_value,bettingPartner,startTimeUTC,lastUpdatedUTC
2,2025020001,13,FLA,16,CHI,PUCK_LINE,-110.0,-110.0,FanDuel,2025-10-07T21:00:00Z,2025-10-07T20:05:01Z
2,2025020001,13,FLA,16,CHI,OVER_UNDER,-104.0,-118.0,FanDuel,2025-10-07T21:00:00Z,2025-10-07T20:05:01Z
2,2025020001,13,FLA,16,CHI,MONEY_LINE_3_WAY,390.0,390.0,FanDuel,2025-10-07T21:00:00Z,2025-10-07T20:05:01Z
2,2025020001,13,FLA,16,CHI,MONEY_LINE_2_WAY,-285.0,230.0,FanDuel,2025-10-07T21:00:00Z,2025-10-07T20:05:01Z
2,2025020002,3,NYR,5,PIT,PUCK_LINE,110.0,-134.0,FanDuel,2025-10-08T00:00:00Z,2025-10-07T20:05:01Z
2,2025020002,3,NYR,5,PIT,OVER_UNDER,-134.0,110.0,FanDuel,2025-10-08T00:00:00Z,2025-10-07T20:05:01Z
2,2025020002,3,NYR,5,PIT,MONEY_LINE_3_WAY,380.0,380.0,FanDuel,2025-10-08T00:00:00Z,2025-10-07T20:05:01Z
2,2025020002,3,NYR,5,PIT,MONEY_LINE_2_WAY,-235.0,190.0,FanDuel,2025-10-08T00:00:00Z,2025-10-07T20:05:01Z
2,2025020003,26,LAK,21,COL,PUCK_LINE,-260.0,205.0,FanDuel,2025-10-08T02:30:00Z,2025-10-07T20:05:01Z
2,2025020003,26,LAK,21,COL,OVER_UNDER,106.0,-130.0,FanDuel,2025-10-08T02:30:00Z,2025-10-07T20:05:01Z
2,2025020003,26,LAK,21,COL,MONEY_LINE_3_WAY,330.0,330.0,FanDuel,2025-10-08T02:30:00Z,2025-10-07T20:05:01Z
2,2025020003,26,LAK,21,COL,MONEY_LINE_2_WAY,-102.0,-118.0,FanDuel,2025-10-08T02:30:00Z,2025-10-07T20:05:01Z
2,2025020004,10,TOR,8,MTL,PUCK_LINE,146.0,-180.0,FanDuel,2025-10-08T23:00:00Z,2025-10-08T20:05:01Z
2,2025020004,10,TOR,8,MTL,OVER_UNDER,-142.0,116.0,FanDuel,2025-10-08T23:00:00Z,2025-10-08T20:05:01Z
2,2025020004,10,TOR,8,MTL,MONEY_LINE_3_WAY,360.0,360.0,FanDuel,2025-10-08T23:00:00Z,2025-10-08T20:05:01Z
2,2025020004,10,TOR,8,MTL,MONEY_LINE_2_WAY,-170.0,140.0,FanDuel,2025-10-08T23:00:00Z,2025-10-08T20:05:01Z
2,2025020005,15,WSH,6,BOS,PUCK_LINE,130.0,-160.0,FanDuel,2025-10-08T23:30:00Z,2025-10-08T20:05:01Z
2,2025020005,15,WSH,6,BOS,OVER_UNDER,-110.0,-112.0,FanDuel,2025-10-08T23:30:00Z,2025-10-08T20:05:01Z
2,2025020005,15,WSH,6,BOS,MONEY_LINE_3_WAY,350.0,350.0,FanDuel,2025-10-08T23:30:00Z,2025-10-08T20:05:01Z
2,2025020005,15,WSH,6,BOS,MONEY_LINE_2_WAY,-194.0,160.0,FanDuel,2025-10-08T23:30:00Z,2025-10-08T20:05:01Z
2,2025020006,22,EDM,20,CGY,PUCK_LINE,110.0,-134.0,FanDuel,2025-10-09T02:00:00Z,2025-10-08T20:05:01Z
2,2025020006,22,EDM,20,CGY,OVER_UNDER,116.0,-142.0,FanDuel,2025-10-09T02:00:00Z,2025-10-08T20:05:01Z
2,2025020006,22,EDM,20,CGY,MONEY_LINE_3_WAY,380.0,380.0,FanDuel,2025-10-09T02:00:00Z,2025-10-08T20:05:01Z
2,2025020006,22,EDM,20,CGY,MONEY_LINE_2_WAY,-230.0,188.0,FanDuel,2025-10-09T02:00:00Z,2025-10-08T20:05:01Z
2,2025020007,54,VGK,26,LAK,PUCK_LINE,128.0,-158.0,FanDuel,2025-10-09T02:00:00Z,2025-10-08T20:05:01Z
2,2025020007,54,VGK,26,LAK,OVER_UNDER,104.0,-128.0,FanDuel,2025-10-09T02:00:00Z,2025-10-08T20:05:01Z
2,2025020007,54,VGK,26,LAK,MONEY_LINE_3_WAY,330.0,330.0,FanDuel,2025-10-09T02:00:00Z,2025-10-08T20:05:01Z
2,2025020007,54,VGK,26,LAK,MONEY_LINE_2_WAY,-200.0,164.0,FanDuel,2025-10-09T02:00:00Z,2025-10-08T20:05:01Z
2,2025020008,6,BOS,16,CHI,PUCK_LINE,148.0,-184.0,FanDuel,2025-10-09T23:00:00Z,2025-10-09T20:05:01Z
2,2025020008,6,BOS,16,CHI,OVER_UNDER,104.0,-128.0,FanDuel,2025-10-09T23:00:00Z,2025-10-09T20:05:01Z
2,2025020008,6,BOS,16,CHI,MONEY_LINE_3_WAY,340.0,340.0,FanDuel,2025-10-09T23:00:00Z,2025-10-09T20:05:01Z
2,2025020008,6,BOS,16,CHI,MONEY_LINE_2_WAY,-162.0,134.0,FanDuel,2025-10-09T23:00:00Z,2025-10-09T20:05:01Z
2,2025020009,7,BUF,3,NYR,PUCK_LINE,-260.0,205.0,FanDuel,2025-10-09T23:00:00Z,2025-10-09T20:05:01Z
2,2025020009,7,BUF,3,NYR,OVER_UNDER,-128.0,104.0,FanDuel,2025-10-09T23:00:00Z,2025-10-09T20:05:01Z
2,2025020009,7,BUF,3,NYR,MONEY_LINE_3_WAY,145.0,130.0,FanDuel,2025-10-09T23:00:00Z,2025-10-09T20:05:01Z
2,2025020009,7,BUF,3,NYR,MONEY_LINE_2_WAY,-104.0,-115.0,FanDuel,2025-10-09T23:00:00Z,2025-10-09T20:05:01Z
2,2025020010,17,DET,8,MTL,PUCK_LINE,172.0,-215.0,FanDuel,2025-10-09T23:00:00Z,2025-10-09T20:05:01Z
2,2025020010,17,DET,8,MTL,OVER_UNDER,-120.0,-102.0,FanDuel,2025-10-09T23:00:00Z,2025-10-09T20:05:01Z
2,2025020010,17,DET,8,MTL,MONEY_LINE_3_WAY,115.0,170.0,FanDuel,2025-10-09T23:00:00Z,2025-10-09T20:05:01Z
2,2025020010,17,DET,8,MTL,MONEY_LINE_2_WAY,-134.0,112.0,FanDuel,2025-10-09T23:00:00Z,2025-10-09T20:05:01Z
2,2025020011,14,TBL,9,OTT,PUCK_LINE,142.0,-176.0,FanDuel,2025-10-09T23:00:00Z,2025-10-09T20:05:01Z
2,2025020011,14,TBL,9,OTT,OVER_UNDER,-132.0,108.0,FanDuel,2025-10-09T23:00:00Z,2025-10-09T20:05:01Z
2,2025020011,14,TBL,9,OTT,MONEY_LINE_3_WAY,340.0,340.0,FanDuel,2025-10-09T23:00:00Z,2025-10-09T20:05:01Z
2,2025020011,14,TBL,9,OTT,MONEY_LINE_2_WAY,-172.0,142.0,FanDuel,2025-10-09T23:00:00Z,2025-10-09T20:05:01Z
2,2025020012,13,FLA,4,PHI,PUCK_LINE,116.0,-142.0,FanDuel,2025-10-09T23:00:00Z,2025-10-09T20:05:01Z
2,2025020012,13,FLA,4,PHI,OVER_UNDER,-102.0,-118.0,FanDuel,2025-10-09T23:00:00Z,2025-10-09T20:05:01Z
2,2025020012,13,FLA,4,PHI,MONEY_LINE_3_WAY,350.0,350.0,FanDuel,2025-10-09T23:00:00Z,2025-10-09T20:05:01Z
2,2025020012,13,FLA,4,PHI,MONEY_LINE_2_WAY,-225.0,184.0,FanDuel,2025-10-09T23:00:00Z,2025-10-09T20:05:01Z
2,2025020013,5,PIT,2,NYI,PUCK_LINE,-225.0,180.0,FanDuel,2025-10-09T23:00:00Z,2025-10-09T20:05:01Z
2,2025020013,5,PIT,2,NYI,OVER_UNDER,106.0,-130.0,FanDuel,2025-10-09T23:00:00Z,2025-10-09T20:05:01Z
2,2025020013,5,PIT,2,NYI,MONEY_LINE_3_WAY,330.0,330.0,FanDuel,2025-10-09T23:00:00Z,2025-10-09T20:05:01Z
2,2025020013,5,PIT,2,NYI,MONEY_LINE_2_WAY,110.0,-132.0,FanDuel,2025-10-09T23:00:00Z,2025-10-09T20:05:01Z
2,2025020014,12,CAR,1,NJD,PUCK_LINE,146.0,-180.0,FanDuel,2025-10-09T23:30:00Z,2025-10-09T20:05:01Z
2,2025020014,12,CAR,1,NJD,OVER_UNDER,104.0,-128.0,FanDuel,2025-10-09T23:30:00Z,2025-10-09T20:05:01Z
2,2025020014,12,CAR,1,NJD,MONEY_LINE_3_WAY,330.0,330.0,FanDuel,2025-10-09T23:30:00Z,2025-10-09T20:05:01Z
2,2025020014,12,CAR,1,NJD,MONEY_LINE_2_WAY,-172.0,142.0,FanDuel,2025-10-09T23:30:00Z,2025-10-09T20:05:01Z
2,2025020015,19,STL,30,MIN,PUCK_LINE,198.0,-250.0,FanDuel,2025-10-10T00:00:00Z,2025-10-09T20:05:01Z
2,2025020015,19,STL,30,MIN,OVER_UNDER,100.0,-122.0,FanDuel,2025-10-10T00:00:00Z,2025-10-09T20:05:01Z
2,2025020015,19,STL,30,MIN,MONEY_LINE_3_WAY,125.0,155.0,FanDuel,2025-10-10T00:00:00Z,2025-10-09T20:05:01Z
2,2025020015,19,STL,30,MIN,MONEY_LINE_2_WAY,-125.0,104.0,FanDuel,2025-10-10T00:00:00Z,2025-10-09T20:05:01Z
2,2025020016,18,NSH,29,CBJ,PUCK_LINE,205.0,-260.0,FanDuel,2025-10-10T00:00:00Z,2025-10-09T20:05:01Z
2,2025020016,18,NSH,29,CBJ,OVER_UNDER,-128.0,104.0,FanDuel,2025-10-10T00:00:00Z,2025-10-09T20:05:01Z
2,2025020016,18,NSH,29,CBJ,MONEY_LINE_3_WAY,330.0,330.0,FanDuel,2025-10-10T00:00:00Z,2025-10-09T20:05:01Z
2,2025020016,18,NSH,29,CBJ,MONEY_LINE_2_WAY,-114.0,-105.0,FanDuel,2025-10-10T00:00:00Z,2025-10-09T20:05:01Z
2,2025020017,52,WPG,25,DAL,PUCK_LINE,-280.0,220.0,FanDuel,2025-10-10T00:00:00Z,2025-10-09T20:05:01Z
2,2025020017,52,WPG,25,DAL,OVER_UNDER,-102.0,-120.0,FanDuel,2025-10-10T00:00:00Z,2025-10-09T20:05:01Z
2,2025020017,52,WPG,25,DAL,MONEY_LINE_3_WAY,145.0,140.0,FanDuel,2025-10-10T00:00:00Z,2025-10-09T20:05:01Z
2,2025020017,52,WPG,25,DAL,MONEY_LINE_2_WAY,-106.0,-113.0,FanDuel,2025-10-10T00:00:00Z,2025-10-09T20:05:01Z
2,2025020018,21,COL,68,UTA,PUCK_LINE,130.0,-158.0,FanDuel,2025-10-10T01:00:00Z,2025-10-09T20:05:01Z
2,2025020018,21,COL,68,UTA,OVER_UNDER,-128.0,104.0,FanDuel,2025-10-10T01:00:00Z,2025-10-09T20:05:01Z
2,2025020018,21,COL,68,UTA,MONEY_LINE_3_WAY,-125.0,230.0,FanDuel,2025-10-10T01:00:00Z,2025-10-09T20:05:01Z
2,2025020018,21,COL,68,UTA,MONEY_LINE_2_WAY,-184.0,152.0,FanDuel,2025-10-10T01:00:00Z,2025-10-09T20:05:01Z
2,2025020019,23,VAN,20,CGY,PUCK_LINE,118.0,-144.0,FanDuel,2025-10-10T02:00:00Z,2025-10-09T20:05:01Z
2,2025020019,23,VAN,20,CGY,OVER_UNDER,110.0,-134.0,FanDuel,2025-10-10T02:00:00Z,2025-10-09T20:05:01Z
2,2025020019,23,VAN,20,CGY,MONEY_LINE_3_WAY,350.0,350.0,FanDuel,2025-10-10T02:00:00Z,2025-10-09T20:05:01Z
2,2025020019,23,VAN,20,CGY,MONEY_LINE_2_WAY,-215.0,176.0,FanDuel,2025-10-10T02:00:00Z,2025-10-09T20:05:01Z
2,2025020020,28,SJS,54,VGK,PUCK_LINE,-148.0,120.0,FanDuel,2025-10-10T02:00:00Z,2025-10-09T20:05:01Z
2,2025020020,28,SJS,54,VGK,OVER_UNDER,-115.0,-105.0,FanDuel,2025-10-10T02:00:00Z,2025-10-09T20:05:01Z
2,2025020020,28,SJS,54,VGK,MONEY_LINE_3_WAY,250.0,-130.0,FanDuel,2025-10-10T02:00:00Z,2025-10-09T20:05:01Z
2,2025020020,28,SJS,54,VGK,MONEY_LINE_2_WAY,168.0,-205.0,FanDuel,2025-10-10T02:00:00Z,2025-10-09T20:05:01Z
2,2025020021,55,SEA,24,ANA,PUCK_LINE,186.0,-235.0,FanDuel,2025-10-10T02:00:00Z,2025-10-09T20:05:01Z
2,2025020021,55,SEA,24,ANA,OVER_UNDER,-130.0,106.0,FanDuel,2025-10-10T02:00:00Z,2025-10-09T20:05:01Z
2,2025020021,55,SEA,24,ANA,MONEY_LINE_3_WAY,340.0,340.0,FanDuel,2025-10-10T02:00:00Z,2025-10-09T20:05:01Z
2,2025020021,55,SEA,24,ANA,MONEY_LINE_2_WAY,-126.0,105.0,FanDuel,2025-10-10T02:00:00Z,2025-10-09T20:05:01Z
2,2025020022,52,WPG,26,LAK,PUCK_LINE,-104.0,-128.0,FanDuel,2025-10-11T17:30:00Z,2025-10-11T20:05:01Z
2,2025020022,52,WPG,26,LAK,OVER_UNDER,158.0,-210.0,FanDuel,2025-10-11T17:30:00Z,2025-10-11T20:05:01Z
2,2025020022,52,WPG,26,LAK,MONEY_LINE_3_WAY,450.0,450.0,FanDuel,2025-10-11T17:30:00Z,2025-10-11T20:05:01Z
2,2025020022,52,WPG,26,LAK,MONEY_LINE_2_WAY,-1800.0,830.0,FanDuel,2025-10-11T17:30:00Z,2025-10-11T20:05:01Z
2,2025020023,20,CGY,19,STL,PUCK_LINE,-265.0,210.0,FanDuel,2025-10-11T20:00:00Z,2025-10-11T20:05:01Z
2,2025020023,20,CGY,19,STL,OVER_UNDER,-102.0,-120.0,FanDuel,2025-10-11T20:00:00Z,2025-10-11T20:05:01Z
2,2025020023,20,CGY,19,STL,MONEY_LINE_3_WAY,330.0,330.0,FanDuel,2025-10-11T20:00:00Z,2025-10-11T20:05:01Z
2,2025020023,20,CGY,19,STL,MONEY_LINE_2_WAY,-104.0,-115.0,FanDuel,2025-10-11T20:00:00Z,2025-10-11T20:05:01Z
2,2025020024,6,BOS,7,BUF,PUCK_LINE,210.0,-265.0,FanDuel,2025-10-11T23:00:00Z,2025-10-11T20:05:01Z
2,2025020024,6,BOS,7,BUF,OVER_UNDER,112.0,-138.0,FanDuel,2025-10-11T23:00:00Z,2025-10-11T20:05:01Z
2,2025020024,6,BOS,7,BUF,MONEY_LINE_3_WAY,320.0,320.0,FanDuel,2025-10-11T23:00:00Z,2025-10-11T20:05:01Z
2,2025020024,6,BOS,7,BUF,MONEY_LINE_2_WAY,-115.0,-104.0,FanDuel,2025-10-11T23:00:00Z,2025-10-11T20:05:01Z
2,2025020025,17,DET,10,TOR,PUCK_LINE,-205.0,164.0,FanDuel,2025-10-11T23:00:00Z,2025-10-11T20:05:01Z
2,2025020025,17,DET,10,TOR,OVER_UNDER,-140.0,112.0,FanDuel,2025-10-11T23:00:00Z,2025-10-11T20:05:01Z
2,2025020025,17,DET,10,TOR,MONEY_LINE_3_WAY,350.0,350.0,FanDuel,2025-10-11T23:00:00Z,2025-10-11T20:05:01Z
2,2025020025,17,DET,10,TOR,MONEY_LINE_2_WAY,118.0,-142.0,FanDuel,2025-10-11T23:00:00Z,2025-10-11T20:05:01Z
2,2025020026,14,TBL,1,NJD,PUCK_LINE,160.0,-200.0,FanDuel,2025-10-11T23:00:00Z,2025-10-11T20:05:01Z
2,2025020026,14,TBL,1,NJD,OVER_UNDER,-134.0,110.0,FanDuel,2025-10-11T23:00:00Z,2025-10-11T20:05:01Z
2,2025020026,14,TBL,1,NJD,MONEY_LINE_3_WAY,105.0,190.0,FanDuel,2025-10-11T23:00:00Z,2025-10-11T20:05:01Z
2,2025020026,14,TBL,1,NJD,MONEY_LINE_2_WAY,-150.0,125.0,FanDuel,2025-10-11T23:00:00Z,2025-10-11T20:05:01Z
2,2025020027,13,FLA,9,OTT,PUCK_LINE,168.0,-210.0,FanDuel,2025-10-11T23:00:00Z,2025-10-11T20:05:01Z
2,2025020027,13,FLA,9,OTT,OVER_UNDER,-104.0,-118.0,FanDuel,2025-10-11T23:00:00Z,2025-10-11T20:05:01Z
2,2025020027,13,FLA,9,OTT,MONEY_LINE_3_WAY,110.0,190.0,FanDuel,2025-10-11T23:00:00Z,2025-10-11T20:05:01Z
2,2025020027,13,FLA,9,OTT,MONEY_LINE_2_WAY,-146.0,122.0,FanDuel,2025-10-11T23:00:00Z,2025-10-11T20:05:01Z
2,2025020028,2,NYI,15,WSH,PUCK_LINE,-250.0,198.0,FanDuel,2025-10-11T23:00:00Z,2025-10-11T20:05:01Z
2,2025020028,2,NYI,15,WSH,OVER_UNDER,-106.0,-114.0,FanDuel,2025-10-11T23:00:00Z,2025-10-11T20:05:01Z
2,2025020028,2,NYI,15,WSH,MONEY_LINE_3_WAY,340.0,340.0,FanDuel,2025-10-11T23:00:00Z,2025-10-11T20:05:01Z
2,2025020028,2,NYI,15,WSH,MONEY_LINE_2_WAY,100.0,-120.0,FanDuel,2025-10-11T23:00:00Z,2025-10-11T20:05:01Z
2,2025020029,5,PIT,3,NYR,PUCK_LINE,-194.0,156.0,FanDuel,2025-10-11T23:00:00Z,2025-10-11T20:05:01Z
2,2025020029,5,PIT,3,NYR,OVER_UNDER,114.0,-140.0,FanDuel,2025-10-11T23:00:00Z,2025-10-11T20:05:01Z
2,2025020029,5,PIT,3,NYR,MONEY_LINE_3_WAY,340.0,340.0,FanDuel,2025-10-11T23:00:00Z,2025-10-11T20:05:01Z
2,2025020029,5,PIT,3,NYR,MONEY_LINE_2_WAY,126.0,-152.0,FanDuel,2025-10-11T23:00:00Z,2025-10-11T20:05:01Z
2,2025020030,12,CAR,4,PHI,PUCK_LINE,-114.0,-106.0,FanDuel,2025-10-11T23:00:00Z,2025-10-11T20:05:01Z
2,2025020030,12,CAR,4,PHI,OVER_UNDER,108.0,-132.0,FanDuel,2025-10-11T23:00:00Z,2025-10-11T20:05:01Z
2,2025020030,12,CAR,4,PHI,MONEY_LINE_3_WAY,-185.0,360.0,FanDuel,2025-10-11T23:00:00Z,2025-10-11T20:05:01Z
2,2025020030,12,CAR,4,PHI,MONEY_LINE_2_WAY,-295.0,235.0,FanDuel,2025-10-11T23:00:00Z,2025-10-11T20:05:01Z
2,2025020031,16,CHI,8,MTL,PUCK_LINE,-184.0,148.0,FanDuel,2025-10-11T23:00:00Z,2025-10-11T20:05:01Z
2,2025020031,16,CHI,8,MTL,OVER_UNDER,-134.0,110.0,FanDuel,2025-10-11T23:00:00Z,2025-10-11T20:05:01Z
2,2025020031,16,CHI,8,MTL,MONEY_LINE_3_WAY,350.0,350.0,FanDuel,2025-10-11T23:00:00Z,2025-10-11T20:05:01Z
2,2025020031,16,CHI,8,MTL,MONEY_LINE_2_WAY,134.0,-162.0,FanDuel,2025-10-11T23:00:00Z,2025-10-11T20:05:01Z
2,2025020032,18,NSH,68,UTA,PUCK_LINE,-245.0,194.0,FanDuel,2025-10-12T00:00:00Z,2025-10-11T20:05:01Z
2,2025020032,18,NSH,68,UTA,OVER_UNDER,110.0,-134.0,FanDuel,2025-10-12T00:00:00Z,2025-10-11T20:05:01Z
2,2025020032,18,NSH,68,UTA,MONEY_LINE_3_WAY,330.0,330.0,FanDuel,2025-10-12T00:00:00Z,2025-10-11T20:05:01Z
2,2025020032,18,NSH,68,UTA,MONEY_LINE_2_WAY,106.0,-128.0,FanDuel,2025-10-12T00:00:00Z,2025-10-11T20:05:01Z
2,2025020033,30,MIN,29,CBJ,PUCK_LINE,146.0,-180.0,FanDuel,2025-10-12T00:00:00Z,2025-10-11T20:05:01Z
2,2025020033,30,MIN,29,CBJ,OVER_UNDER,112.0,-138.0,FanDuel,2025-10-12T00:00:00Z,2025-10-11T20:05:01Z
2,2025020033,30,MIN,29,CBJ,MONEY_LINE_3_WAY,-105.0,210.0,FanDuel,2025-10-12T00:00:00Z,2025-10-11T20:05:01Z
2,2025020033,30,MIN,29,CBJ,MONEY_LINE_2_WAY,-164.0,136.0,FanDuel,2025-10-12T00:00:00Z,2025-10-11T20:05:01Z
2,2025020034,21,COL,25,DAL,PUCK_LINE,168.0,-210.0,FanDuel,2025-10-12T01:00:00Z,2025-10-11T20:05:01Z
2,2025020034,21,COL,25,DAL,OVER_UNDER,-128.0,104.0,FanDuel,2025-10-12T01:00:00Z,2025-10-11T20:05:01Z
2,2025020034,21,COL,25,DAL,MONEY_LINE_3_WAY,330.0,330.0,FanDuel,2025-10-12T01:00:00Z,2025-10-11T20:05:01Z
2,2025020034,21,COL,25,DAL,MONEY_LINE_2_WAY,-140.0,116.0,FanDuel,2025-10-12T01:00:00Z,2025-10-11T20:05:01Z
2,2025020035,22,EDM,23,VAN,PUCK_LINE,140.0,-172.0,FanDuel,2025-10-12T02:00:00Z,2025-10-11T20:05:01Z
2,2025020035,22,EDM,23,VAN,OVER_UNDER,-132.0,108.0,FanDuel,2025-10-12T02:00:00Z,2025-10-11T20:05:01Z
2,2025020035,22,EDM,23,VAN,MONEY_LINE_3_WAY,-110.0,210.0,FanDuel,2025-10-12T02:00:00Z,2025-10-11T20:05:01Z
2,2025020035,22,EDM,23,VAN,MONEY_LINE_2_WAY,-170.0,140.0,FanDuel,2025-10-12T02:00:00Z,2025-10-11T20:05:01Z
2,2025020036,28,SJS,24,ANA,PUCK_LINE,-215.0,172.0,FanDuel,2025-10-12T02:00:00Z,2025-10-11T20:05:01Z
2,2025020036,28,SJS,24,ANA,OVER_UNDER,-106.0,-114.0,FanDuel,2025-10-12T02:00:00Z,2025-10-11T20:05:01Z
2,2025020036,28,SJS,24,ANA,MONEY_LINE_3_WAY,350.0,350.0,FanDuel,2025-10-12T02:00:00Z,2025-10-11T20:05:01Z
2,2025020036,28,SJS,24,ANA,MONEY_LINE_2_WAY,108.0,-130.0,FanDuel,2025-10-12T02:00:00Z,2025-10-11T20:05:01Z
2,2025020037,55,SEA,54,VGK,PUCK_LINE,-168.0,136.0,FanDuel,2025-10-12T02:00:00Z,2025-10-11T20:05:01Z
2,2025020037,55,SEA,54,VGK,OVER_UNDER,-130.0,106.0,FanDuel,2025-10-12T02:00:00Z,2025-10-11T20:05:01Z
2,2025020037,55,SEA,54,VGK,MONEY_LINE_3_WAY,220.0,-115.0,FanDuel,2025-10-12T02:00:00Z,2025-10-11T20:05:01Z
2,2025020037,55,SEA,54,VGK,MONEY_LINE_2_WAY,146.0,-178.0,FanDuel,2025-10-12T02:00:00Z,2025-10-11T20:05:01Z
2,2025020038,3,NYR,15,WSH,PUCK_LINE,-280.0,220.0,FanDuel,2025-10-12T23:00:00Z,2025-10-12T20:05:01Z
2,2025020038,3,NYR,15,WSH,OVER_UNDER,110.0,-134.0,FanDuel,2025-10-12T23:00:00Z,2025-10-12T20:05:01Z
2,2025020038,3,NYR,15,WSH,MONEY_LINE_3_WAY,150.0,140.0,FanDuel,2025-10-12T23:00:00Z,2025-10-12T20:05:01Z
2,2025020038,3,NYR,15,WSH,MONEY_LINE_2_WAY,-105.0,-114.0,FanDuel,2025-10-12T23:00:00Z,2025-10-12T20:05:01Z
2,2025020039,7,BUF,21,COL,PUCK_LINE,-106.0,-122.0,FanDuel,2025-10-13T16:30:00Z,2025-10-14T01:40:01Z
2,2025020039,7,BUF,21,COL,OVER_UNDER,188.0,-255.0,FanDuel,2025-10-13T16:30:00Z,2025-10-14T01:40:01Z
2,2025020039,7,BUF,21,COL,MONEY_LINE_3_WAY,7500.0,-20000.0,FanDuel,2025-10-13T16:30:00Z,2025-10-14T01:40:01Z
2,2025020039,7,BUF,21,COL,MONEY_LINE_2_WAY,5500.0,-100000.0,FanDuel,2025-10-13T16:30:00Z,2025-10-14T01:40:01Z
2,2025020040,6,BOS,14,TBL,PUCK_LINE,-50000.0,1000.0,FanDuel,2025-10-13T17:00:00Z,2025-10-14T01:40:01Z
2,2025020040,6,BOS,14,TBL,OVER_UNDER,-20000.0,700.0,FanDuel,2025-10-13T17:00:00Z,2025-10-14T01:40:01Z
2,2025020040,6,BOS,14,TBL,MONEY_LINE_3_WAY,7500.0,-800.0,FanDuel,2025-10-13T17:00:00Z,2025-10-14T01:40:01Z
2,2025020040,6,BOS,14,TBL,MONEY_LINE_2_WAY,7000.0,-100000.0,FanDuel,2025-10-13T17:00:00Z,2025-10-14T01:40:01Z
2,2025020041,9,OTT,18,NSH,PUCK_LINE,-265.0,195.0,FanDuel,2025-10-13T17:00:00Z,2025-10-14T01:40:01Z
2,2025020041,9,OTT,18,NSH,OVER_UNDER,-118.0,-110.0,FanDuel,2025-10-13T17:00:00Z,2025-10-14T01:40:01Z
2,2025020041,9,OTT,18,NSH,MONEY_LINE_3_WAY,480.0,480.0,FanDuel,2025-10-13T17:00:00Z,2025-10-14T01:40:01Z
2,2025020041,9,OTT,18,NSH,MONEY_LINE_2_WAY,830.0,-2000.0,FanDuel,2025-10-13T17:00:00Z,2025-10-14T01:40:01Z
2,2025020042,2,NYI,52,WPG,PUCK_LINE,150.0,-205.0,FanDuel,2025-10-13T17:00:00Z,2025-10-14T01:40:01Z
2,2025020042,2,NYI,52,WPG,OVER_UNDER,-355.0,250.0,FanDuel,2025-10-13T17:00:00Z,2025-10-14T01:40:01Z
2,2025020042,2,NYI,52,WPG,MONEY_LINE_3_WAY,7500.0,-10000.0,FanDuel,2025-10-13T17:00:00Z,2025-10-14T01:40:01Z
2,2025020042,2,NYI,52,WPG,MONEY_LINE_2_WAY,2000.0,-20000.0,FanDuel,2025-10-13T17:00:00Z,2025-10-14T01:40:01Z
2,2025020043,10,TOR,17,DET,PUCK_LINE,1000.0,-50000.0,FanDuel,2025-10-13T18:00:00Z,2025-10-14T01:40:01Z
2,2025020043,10,TOR,17,DET,OVER_UNDER,-100000.0,700.0,FanDuel,2025-10-13T18:00:00Z,2025-10-14T01:40:01Z
2,2025020043,10,TOR,17,DET,MONEY_LINE_3_WAY,320.0,460.0,FanDuel,2025-10-13T18:00:00Z,2025-10-14T01:40:01Z
2,2025020043,10,TOR,17,DET,MONEY_LINE_2_WAY,-146.0,114.0,FanDuel,2025-10-13T18:00:00Z,2025-10-14T01:40:01Z
2,2025020044,4,PHI,13,FLA,PUCK_LINE,-210.0,158.0,FanDuel,2025-10-13T23:00:00Z,2025-10-14T01:40:01Z
2,2025020044,4,PHI,13,FLA,OVER_UNDER,-250.0,185.0,FanDuel,2025-10-13T23:00:00Z,2025-10-14T01:40:01Z
2,2025020044,4,PHI,13,FLA,MONEY_LINE_3_WAY,800.0,800.0,FanDuel,2025-10-13T23:00:00Z,2025-10-14T01:40:01Z
2,2025020044,4,PHI,13,FLA,MONEY_LINE_2_WAY,-5000.0,1300.0,FanDuel,2025-10-13T23:00:00Z,2025-10-14T01:40:01Z
2,2025020045,29,CBJ,1,NJD,PUCK_LINE,-114.0,-114.0,FanDuel,2025-10-13T23:00:00Z,2025-10-14T01:40:01Z
2,2025020045,29,CBJ,1,NJD,OVER_UNDER,198.0,-270.0,FanDuel,2025-10-13T23:00:00Z,2025-10-14T01:40:01Z
2,2025020045,29,CBJ,1,NJD,MONEY_LINE_3_WAY,7500.0,-750.0,FanDuel,2025-10-13T23:00:00Z,2025-10-14T01:40:01Z
2,2025020045,29,CBJ,1,NJD,MONEY_LINE_2_WAY,1000.0,-3000.0,FanDuel,2025-10-13T23:00:00Z,2025-10-14T01:40:01Z
2,2025020046,23,VAN,19,STL,PUCK_LINE,-130.0,100.0,FanDuel,2025-10-13T23:30:00Z,2025-10-14T01:40:01Z
2,2025020046,23,VAN,19,STL,OVER_UNDER,-135.0,104.0,FanDuel,2025-10-13T23:30:00Z,2025-10-14T01:40:01Z
2,2025020046,23,VAN,19,STL,MONEY_LINE_3_WAY,800.0,800.0,FanDuel,2025-10-13T23:30:00Z,2025-10-14T01:40:01Z
2,2025020046,23,VAN,19,STL,MONEY_LINE_2_WAY,1100.0,-4000.0,FanDuel,2025-10-13T23:30:00Z,2025-10-14T01:40:01Z
2,2025020047,30,MIN,26,LAK,PUCK_LINE,130.0,-170.0,FanDuel,2025-10-14T00:00:00Z,2025-10-14T01:40:01Z
2,2025020047,30,MIN,26,LAK,OVER_UNDER,-168.0,128.0,FanDuel,2025-10-14T00:00:00Z,2025-10-14T01:40:01Z
2,2025020047,30,MIN,26,LAK,MONEY_LINE_3_WAY,1800.0,1800.0,FanDuel,2025-10-14T00:00:00Z,2025-10-14T01:40:01Z
2,2025020047,30,MIN,26,LAK,MONEY_LINE_2_WAY,-10000.0,1800.0,FanDuel,2025-10-14T00:00:00Z,2025-10-14T01:40:01Z
2,2025020048,16,CHI,68,UTA,PUCK_LINE,-270.0,198.0,FanDuel,2025-10-14T00:30:00Z,2025-10-14T01:40:01Z
2,2025020048,16,CHI,68,UTA,OVER_UNDER,-114.0,-114.0,FanDuel,2025-10-14T00:30:00Z,2025-10-14T01:40:01Z
2,2025020048,16,CHI,68,UTA,MONEY_LINE_3_WAY,200.0,120.0,FanDuel,2025-10-14T00:30:00Z,2025-10-14T01:40:01Z
2,2025020048,16,CHI,68,UTA,MONEY_LINE_2_WAY,120.0,-154.0,FanDuel,2025-10-14T00:30:00Z,2025-10-14T01:40:01Z
2,2025020049,10,TOR,18,NSH,PUCK_LINE,134.0,-164.0,FanDuel,2025-10-14T23:00:00Z,2025-10-14T20:05:01Z
2,2025020049,10,TOR,18,NSH,OVER_UNDER,-120.0,-102.0,FanDuel,2025-10-14T23:00:00Z,2025-10-14T20:05:01Z
2,2025020049,10,TOR,18,NSH,MONEY_LINE_3_WAY,350.0,350.0,FanDuel,2025-10-14T23:00:00Z,2025-10-14T20:05:01Z
2,2025020049,10,TOR,18,NSH,MONEY_LINE_2_WAY,-182.0,150.0,FanDuel,2025-10-14T23:00:00Z,2025-10-14T20:05:01Z
2,2025020050,8,MTL,55,SEA,PUCK_LINE,156.0,-194.0,FanDuel,2025-10-14T23:00:00Z,2025-10-14T20:05:01Z
2,2025020050,8,MTL,55,SEA,OVER_UNDER,108.0,-132.0,FanDuel,2025-10-14T23:00:00Z,2025-10-14T20:05:01Z
2,2025020050,8,MTL,55,SEA,MONEY_LINE_3_WAY,100.0,195.0,FanDuel,2025-10-14T23:00:00Z,2025-10-14T20:05:01Z
2,2025020050,8,MTL,55,SEA,MONEY_LINE_2_WAY,-154.0,128.0,FanDuel,2025-10-14T23:00:00Z,2025-10-14T20:05:01Z
2,2025020051,3,NYR,22,EDM,PUCK_LINE,-220.0,176.0,FanDuel,2025-10-14T23:00:00Z,2025-10-14T20:05:01Z
2,2025020051,3,NYR,22,EDM,OVER_UNDER,114.0,-140.0,FanDuel,2025-10-14T23:00:00Z,2025-10-14T20:05:01Z
2,2025020051,3,NYR,22,EDM,MONEY_LINE_3_WAY,175.0,115.0,FanDuel,2025-10-14T23:00:00Z,2025-10-14T20:05:01Z
2,2025020051,3,NYR,22,EDM,MONEY_LINE_2_WAY,114.0,-137.0,FanDuel,2025-10-14T23:00:00Z,2025-10-14T20:05:01Z
2,2025020052,15,WSH,14,TBL,PUCK_LINE,210.0,-265.0,FanDuel,2025-10-14T23:00:00Z,2025-10-14T20:05:01Z
2,2025020052,15,WSH,14,TBL,OVER_UNDER,106.0,-130.0,FanDuel,2025-10-14T23:00:00Z,2025-10-14T20:05:01Z
2,2025020052,15,WSH,14,TBL,MONEY_LINE_3_WAY,330.0,330.0,FanDuel,2025-10-14T23:00:00Z,2025-10-14T20:05:01Z
2,2025020052,15,WSH,14,TBL,MONEY_LINE_2_WAY,-113.0,-106.0,FanDuel,2025-10-14T23:00:00Z,2025-10-14T20:05:01Z
2,2025020053,20,CGY,54,VGK,PUCK_LINE,-176.0,142.0,FanDuel,2025-10-15T01:00:00Z,2025-10-14T20:05:01Z
2,2025020053,20,CGY,54,VGK,OVER_UNDER,106.0,-130.0,FanDuel,2025-10-15T01:00:00Z,2025-10-14T20:05:01Z
2,2025020053,20,CGY,54,VGK,MONEY_LINE_3_WAY,220.0,-110.0,FanDuel,2025-10-15T01:00:00Z,2025-10-14T20:05:01Z
2,2025020053,20,CGY,54,VGK,MONEY_LINE_2_WAY,142.0,-172.0,FanDuel,2025-10-15T01:00:00Z,2025-10-14T20:05:01Z
2,2025020054,25,DAL,30,MIN,PUCK_LINE,132.0,-162.0,FanDuel,2025-10-15T01:30:00Z,2025-10-14T20:05:01Z
2,2025020054,25,DAL,30,MIN,OVER_UNDER,114.0,-140.0,FanDuel,2025-10-15T01:30:00Z,2025-10-14T20:05:01Z
2,2025020054,25,DAL,30,MIN,MONEY_LINE_3_WAY,-125.0,240.0,FanDuel,2025-10-15T01:30:00Z,2025-10-14T20:05:01Z
2,2025020054,25,DAL,30,MIN,MONEY_LINE_2_WAY,-194.0,160.0,FanDuel,2025-10-15T01:30:00Z,2025-10-14T20:05:01Z
2,2025020055,28,SJS,12,CAR,PUCK_LINE,-120.0,-102.0,FanDuel,2025-10-15T02:00:00Z,2025-10-14T20:05:01Z
2,2025020055,28,SJS,12,CAR,OVER_UNDER,-106.0,-114.0,FanDuel,2025-10-15T02:00:00Z,2025-10-14T20:05:01Z
2,2025020055,28,SJS,12,CAR,MONEY_LINE_3_WAY,300.0,-165.0,FanDuel,2025-10-15T02:00:00Z,2025-10-14T20:05:01Z
2,2025020055,28,SJS,12,CAR,MONEY_LINE_2_WAY,205.0,-250.0,FanDuel,2025-10-15T02:00:00Z,2025-10-14T20:05:01Z
2,2025020056,24,ANA,5,PIT,PUCK_LINE,168.0,-210.0,FanDuel,2025-10-15T02:30:00Z,2025-10-14T20:05:01Z
2,2025020056,24,ANA,5,PIT,OVER_UNDER,-130.0,106.0,FanDuel,2025-10-15T02:30:00Z,2025-10-14T20:05:01Z
2,2025020056,24,ANA,5,PIT,MONEY_LINE_3_WAY,105.0,180.0,FanDuel,2025-10-15T02:30:00Z,2025-10-14T20:05:01Z
2,2025020056,24,ANA,5,PIT,MONEY_LINE_2_WAY,-144.0,120.0,FanDuel,2025-10-15T02:30:00Z,2025-10-14T20:05:01Z
2,2025020057,7,BUF,9,OTT,PUCK_LINE,-265.0,210.0,FanDuel,2025-10-15T23:00:00Z,2025-10-15T20:05:01Z
2,2025020057,7,BUF,9,OTT,OVER_UNDER,-138.0,112.0,FanDuel,2025-10-15T23:00:00Z,2025-10-15T20:05:01Z
2,2025020057,7,BUF,9,OTT,MONEY_LINE_3_WAY,145.0,135.0,FanDuel,2025-10-15T23:00:00Z,2025-10-15T20:05:01Z
2,2025020057,7,BUF,9,OTT,MONEY_LINE_2_WAY,-105.0,-114.0,FanDuel,2025-10-15T23:00:00Z,2025-10-15T20:05:01Z
2,2025020058,17,DET,13,FLA,PUCK_LINE,-215.0,172.0,FanDuel,2025-10-15T23:00:00Z,2025-10-15T20:05:01Z
2,2025020058,17,DET,13,FLA,OVER_UNDER,-105.0,-115.0,FanDuel,2025-10-15T23:00:00Z,2025-10-15T20:05:01Z
2,2025020058,17,DET,13,FLA,MONEY_LINE_3_WAY,310.0,310.0,FanDuel,2025-10-15T23:00:00Z,2025-10-15T20:05:01Z
2,2025020058,17,DET,13,FLA,MONEY_LINE_2_WAY,125.0,-150.0,FanDuel,2025-10-15T23:00:00Z,2025-10-15T20:05:01Z
2,2025020059,19,STL,16,CHI,PUCK_LINE,-102.0,-120.0,FanDuel,2025-10-16T01:30:00Z,2025-10-15T20:05:01Z
2,2025020059,19,STL,16,CHI,OVER_UNDER,110.0,-134.0,FanDuel,2025-10-16T01:30:00Z,2025-10-15T20:05:01Z
2,2025020059,19,STL,16,CHI,MONEY_LINE_3_WAY,380.0,380.0,FanDuel,2025-10-16T01:30:00Z,2025-10-15T20:05:01Z
2,2025020059,19,STL,16,CHI,MONEY_LINE_2_WAY,-250.0,202.0,FanDuel,2025-10-16T01:30:00Z,2025-10-15T20:05:01Z
2,2025020060,68,UTA,20,CGY,PUCK_LINE,108.0,-132.0,FanDuel,2025-10-16T01:30:00Z,2025-10-15T20:05:01Z
2,2025020060,68,UTA,20,CGY,OVER_UNDER,-138.0,112.0,FanDuel,2025-10-16T01:30:00Z,2025-10-15T20:05:01Z
2,2025020060,68,UTA,20,CGY,MONEY_LINE_3_WAY,-145.0,280.0,FanDuel,2025-10-16T01:30:00Z,2025-10-15T20:05:01Z
2,2025020060,68,UTA,20,CGY,MONEY_LINE_2_WAY,-230.0,188.0,FanDuel,2025-10-16T01:30:00Z,2025-10-15T20:05:01Z
2,2025020061,10,TOR,3,NYR,PUCK_LINE,168.0,-210.0,FanDuel,2025-10-16T23:00:00Z,2025-10-16T20:05:01Z
2,2025020061,10,TOR,3,NYR,OVER_UNDER,110.0,-134.0,FanDuel,2025-10-16T23:00:00Z,2025-10-16T20:05:01Z
2,2025020061,10,TOR,3,NYR,MONEY_LINE_3_WAY,110.0,185.0,FanDuel,2025-10-16T23:00:00Z,2025-10-16T20:05:01Z
2,2025020061,10,TOR,3,NYR,MONEY_LINE_2_WAY,-142.0,118.0,FanDuel,2025-10-16T23:00:00Z,2025-10-16T20:05:01Z
2,2025020062,8,MTL,18,NSH,PUCK_LINE,172.0,-215.0,FanDuel,2025-10-16T23:00:00Z,2025-10-16T20:05:01Z
2,2025020062,8,MTL,18,NSH,OVER_UNDER,110.0,-134.0,FanDuel,2025-10-16T23:00:00Z,2025-10-16T20:05:01Z
2,2025020062,8,MTL,18,NSH,MONEY_LINE_3_WAY,320.0,320.0,FanDuel,2025-10-16T23:00:00Z,2025-10-16T20:05:01Z
2,2025020062,8,MTL,18,NSH,MONEY_LINE_2_WAY,-144.0,120.0,FanDuel,2025-10-16T23:00:00Z,2025-10-16T20:05:01Z
2,2025020063,9,OTT,55,SEA,PUCK_LINE,164.0,-205.0,FanDuel,2025-10-16T23:00:00Z,2025-10-16T20:05:01Z
2,2025020063,9,OTT,55,SEA,OVER_UNDER,-134.0,110.0,FanDuel,2025-10-16T23:00:00Z,2025-10-16T20:05:01Z
2,2025020063,9,OTT,55,SEA,MONEY_LINE_3_WAY,105.0,185.0,FanDuel,2025-10-16T23:00:00Z,2025-10-16T20:05:01Z
2,2025020063,9,OTT,55,SEA,MONEY_LINE_2_WAY,-150.0,125.0,FanDuel,2025-10-16T23:00:00Z,2025-10-16T20:05:01Z
2,2025020064,1,NJD,13,FLA,PUCK_LINE,156.0,-194.0,FanDuel,2025-10-16T23:00:00Z,2025-10-16T20:05:01Z
2,2025020064,1,NJD,13,FLA,OVER_UNDER,114.0,-140.0,FanDuel,2025-10-16T23:00:00Z,2025-10-16T20:05:01Z
2,2025020064,1,NJD,13,FLA,MONEY_LINE_3_WAY,100.0,200.0,FanDuel,2025-10-16T23:00:00Z,2025-10-16T20:05:01Z
2,2025020064,1,NJD,13,FLA,MONEY_LINE_2_WAY,-154.0,128.0,FanDuel,2025-10-16T23:00:00Z,2025-10-16T20:05:01Z
2,2025020065,2,NYI,22,EDM,PUCK_LINE,-180.0,146.0,FanDuel,2025-10-16T23:30:00Z,2025-10-16T20:05:01Z
2,2025020065,2,NYI,22,EDM,OVER_UNDER,114.0,-140.0,FanDuel,2025-10-16T23:30:00Z,2025-10-16T20:05:01Z
2,2025020065,2,NYI,22,EDM,MONEY_LINE_3_WAY,340.0,340.0,FanDuel,2025-10-16T23:30:00Z,2025-10-16T20:05:01Z
2,2025020065,2,NYI,22,EDM,MONEY_LINE_2_WAY,138.0,-166.0,FanDuel,2025-10-16T23:30:00Z,2025-10-16T20:05:01Z
2,2025020066,4,PHI,52,WPG,PUCK_LINE,-225.0,180.0,FanDuel,2025-10-16T23:00:00Z,2025-10-16T20:05:01Z
2,2025020066,4,PHI,52,WPG,OVER_UNDER,-105.0,-115.0,FanDuel,2025-10-16T23:00:00Z,2025-10-16T20:05:01Z
2,2025020066,4,PHI,52,WPG,MONEY_LINE_3_WAY,170.0,115.0,FanDuel,2025-10-16T23:00:00Z,2025-10-16T20:05:01Z
2,2025020066,4,PHI,52,WPG,MONEY_LINE_2_WAY,116.0,-140.0,FanDuel,2025-10-16T23:00:00Z,2025-10-16T20:05:01Z
2,2025020067,29,CBJ,21,COL,PUCK_LINE,-178.0,144.0,FanDuel,2025-10-16T23:00:00Z,2025-10-16T20:05:01Z
2,2025020067,29,CBJ,21,COL,OVER_UNDER,-110.0,-110.0,FanDuel,2025-10-16T23:00:00Z,2025-10-16T20:05:01Z
2,2025020067,29,CBJ,21,COL,MONEY_LINE_3_WAY,350.0,350.0,FanDuel,2025-10-16T23:00:00Z,2025-10-16T20:05:01Z
2,2025020067,29,CBJ,21,COL,MONEY_LINE_2_WAY,136.0,-164.0,FanDuel,2025-10-16T23:00:00Z,2025-10-16T20:05:01Z
2,2025020068,25,DAL,23,VAN,PUCK_LINE,140.0,-172.0,FanDuel,2025-10-17T00:00:00Z,2025-10-16T20:05:01Z
2,2025020068,25,DAL,23,VAN,OVER_UNDER,-130.0,106.0,FanDuel,2025-10-17T00:00:00Z,2025-10-16T20:05:01Z
2,2025020068,25,DAL,23,VAN,MONEY_LINE_3_WAY,-110.0,210.0,FanDuel,2025-10-17T00:00:00Z,2025-10-16T20:05:01Z
2,2025020068,25,DAL,23,VAN,MONEY_LINE_2_WAY,-170.0,140.0,FanDuel,2025-10-17T00:00:00Z,2025-10-16T20:05:01Z
2,2025020069,54,VGK,6,BOS,PUCK_LINE,104.0,-128.0,FanDuel,2025-10-17T02:00:00Z,2025-10-16T20:05:01Z
2,2025020069,54,VGK,6,BOS,OVER_UNDER,-138.0,112.0,FanDuel,2025-10-17T02:00:00Z,2025-10-16T20:05:01Z
2,2025020069,54,VGK,6,BOS,MONEY_LINE_3_WAY,-155.0,290.0,FanDuel,2025-10-17T02:00:00Z,2025-10-16T20:05:01Z
2,2025020069,54,VGK,6,BOS,MONEY_LINE_2_WAY,-235.0,190.0,FanDuel,2025-10-17T02:00:00Z,2025-10-16T20:05:01Z
2,2025020070,24,ANA,12,CAR,PUCK_LINE,-160.0,130.0,FanDuel,2025-10-17T02:00:00Z,2025-10-16T20:05:01Z
2,2025020070,24,ANA,12,CAR,OVER_UNDER,-118.0,-104.0,FanDuel,2025-10-17T02:00:00Z,2025-10-16T20:05:01Z
2,2025020070,24,ANA,12,CAR,MONEY_LINE_3_WAY,370.0,370.0,FanDuel,2025-10-17T02:00:00Z,2025-10-16T20:05:01Z
2,2025020070,24,ANA,12,CAR,MONEY_LINE_2_WAY,155.0,-188.0,FanDuel,2025-10-17T02:00:00Z,2025-10-16T20:05:01Z
2,2025020071,26,LAK,5,PIT,PUCK_LINE,118.0,-144.0,FanDuel,2025-10-17T02:00:00Z,2025-10-16T20:05:01Z
2,2025020071,26,LAK,5,PIT,OVER_UNDER,-122.0,100.0,FanDuel,2025-10-17T02:00:00Z,2025-10-16T20:05:01Z
2,2025020071,26,LAK,5,PIT,MONEY_LINE_3_WAY,370.0,370.0,FanDuel,2025-10-17T02:00:00Z,2025-10-16T20:05:01Z
2,2025020071,26,LAK,5,PIT,MONEY_LINE_2_WAY,-200.0,164.0,FanDuel,2025-10-17T02:00:00Z,2025-10-16T20:05:01Z
2,2025020072,17,DET,14,TBL,PUCK_LINE,-184.0,148.0,FanDuel,2025-10-17T23:00:00Z,2025-10-17T20:05:01Z
2,2025020072,17,DET,14,TBL,OVER_UNDER,114.0,-140.0,FanDuel,2025-10-17T23:00:00Z,2025-10-17T20:05:01Z
2,2025020072,17,DET,14,TBL,MONEY_LINE_3_WAY,200.0,-105.0,FanDuel,2025-10-17T23:00:00Z,2025-10-17T20:05:01Z
2,2025020072,17,DET,14,TBL,MONEY_LINE_2_WAY,136.0,-164.0,FanDuel,2025-10-17T23:00:00Z,2025-10-17T20:05:01Z
2,2025020073,15,WSH,30,MIN,PUCK_LINE,198.0,-250.0,FanDuel,2025-10-17T23:00:00Z,2025-10-17T20:05:01Z
2,2025020073,15,WSH,30,MIN,OVER_UNDER,-102.0,-120.0,FanDuel,2025-10-17T23:00:00Z,2025-10-17T20:05:01Z
2,2025020073,15,WSH,30,MIN,MONEY_LINE_3_WAY,330.0,330.0,FanDuel,2025-10-17T23:00:00Z,2025-10-17T20:05:01Z
2,2025020073,15,WSH,30,MIN,MONEY_LINE_2_WAY,-128.0,106.0,FanDuel,2025-10-17T23:00:00Z,2025-10-17T20:05:01Z
2,2025020074,16,CHI,23,VAN,PUCK_LINE,-230.0,184.0,FanDuel,2025-10-18T00:30:00Z,2025-10-17T20:05:01Z
2,2025020074,16,CHI,23,VAN,OVER_UNDER,110.0,-134.0,FanDuel,2025-10-18T00:30:00Z,2025-10-17T20:05:01Z
2,2025020074,16,CHI,23,VAN,MONEY_LINE_3_WAY,170.0,115.0,FanDuel,2025-10-18T00:30:00Z,2025-10-17T20:05:01Z
2,2025020074,16,CHI,23,VAN,MONEY_LINE_2_WAY,112.0,-134.0,FanDuel,2025-10-18T00:30:00Z,2025-10-17T20:05:01Z
2,2025020075,68,UTA,28,SJS,PUCK_LINE,100.0,-122.0,FanDuel,2025-10-18T01:00:00Z,2025-10-17T20:05:01Z
2,2025020075,68,UTA,28,SJS,OVER_UNDER,-122.0,100.0,FanDuel,2025-10-18T01:00:00Z,2025-10-17T20:05:01Z
2,2025020075,68,UTA,28,SJS,MONEY_LINE_3_WAY,380.0,380.0,FanDuel,2025-10-18T01:00:00Z,2025-10-17T20:05:01Z
2,2025020075,68,UTA,28,SJS,MONEY_LINE_2_WAY,-255.0,205.0,FanDuel,2025-10-18T01:00:00Z,2025-10-17T20:05:01Z
2,2025020076,7,BUF,13,FLA,PUCK_LINE,1000.0,-50000.0,FanDuel,2025-10-18T17:00:00Z,2025-10-18T20:05:01Z
2,2025020076,7,BUF,13,FLA,OVER_UNDER,-8000.0,700.0,FanDuel,2025-10-18T17:00:00Z,2025-10-18T20:05:01Z
2,2025020076,7,BUF,13,FLA,MONEY_LINE_3_WAY,2000.0,2000.0,FanDuel,2025-10-18T17:00:00Z,2025-10-18T20:05:01Z
2,2025020076,7,BUF,13,FLA,MONEY_LINE_2_WAY,-100000.0,10000.0,FanDuel,2025-10-18T17:00:00Z,2025-10-18T20:05:01Z
2,2025020077,9,OTT,2,NYI,PUCK_LINE,-104.0,-125.0,FanDuel,2025-10-18T19:00:00Z,2025-10-18T20:05:01Z
2,2025020077,9,OTT,2,NYI,OVER_UNDER,-192.0,146.0,FanDuel,2025-10-18T19:00:00Z,2025-10-18T20:05:01Z
2,2025020077,9,OTT,2,NYI,MONEY_LINE_3_WAY,340.0,340.0,FanDuel,2025-10-18T19:00:00Z,2025-10-18T20:05:01Z
2,2025020077,9,OTT,2,NYI,MONEY_LINE_2_WAY,-320.0,235.0,FanDuel,2025-10-18T19:00:00Z,2025-10-18T20:05:01Z
2,2025020078,1,NJD,22,EDM,PUCK_LINE,230.0,-320.0,FanDuel,2025-10-18T19:30:00Z,2025-10-18T20:05:01Z
2,2025020078,1,NJD,22,EDM,OVER_UNDER,122.0,-160.0,FanDuel,2025-10-18T19:30:00Z,2025-10-18T20:05:01Z
2,2025020078,1,NJD,22,EDM,MONEY_LINE_3_WAY,280.0,280.0,FanDuel,2025-10-18T19:30:00Z,2025-10-18T20:05:01Z
2,2025020078,1,NJD,22,EDM,MONEY_LINE_2_WAY,-115.0,-111.0,FanDuel,2025-10-18T19:30:00Z,2025-10-18T20:05:01Z
2,2025020079,10,TOR,55,SEA,PUCK_LINE,120.0,-148.0,FanDuel,2025-10-18T23:00:00Z,2025-10-18T20:05:01Z
2,2025020079,10,TOR,55,SEA,OVER_UNDER,116.0,-142.0,FanDuel,2025-10-18T23:00:00Z,2025-10-18T20:05:01Z
2,2025020079,10,TOR,55,SEA,MONEY_LINE_3_WAY,350.0,350.0,FanDuel,2025-10-18T23:00:00Z,2025-10-18T20:05:01Z
2,2025020079,10,TOR,55,SEA,MONEY_LINE_2_WAY,-200.0,164.0,FanDuel,2025-10-18T23:00:00Z,2025-10-18T20:05:01Z
2,2025020080,8,MTL,3,NYR,PUCK_LINE,190.0,-240.0,FanDuel,2025-10-18T23:00:00Z,2025-10-18T20:05:01Z
2,2025020080,8,MTL,3,NYR,OVER_UNDER,114.0,-140.0,FanDuel,2025-10-18T23:00:00Z,2025-10-18T20:05:01Z
2,2025020080,8,MTL,3,NYR,MONEY_LINE_3_WAY,330.0,330.0,FanDuel,2025-10-18T23:00:00Z,2025-10-18T20:05:01Z
2,2025020080,8,MTL,3,NYR,MONEY_LINE_2_WAY,-126.0,105.0,FanDuel,2025-10-18T23:00:00Z,2025-10-18T20:05:01Z
2,2025020081,4,PHI,30,MIN,PUCK_LINE,220.0,-280.0,FanDuel,2025-10-18T23:00:00Z,2025-10-18T20:05:01Z
2,2025020081,4,PHI,30,MIN,OVER_UNDER,-138.0,112.0,FanDuel,2025-10-18T23:00:00Z,2025-10-18T20:05:01Z
2,2025020081,4,PHI,30,MIN,MONEY_LINE_3_WAY,140.0,140.0,FanDuel,2025-10-18T23:00:00Z,2025-10-18T20:05:01Z
2,2025020081,4,PHI,30,MIN,MONEY_LINE_2_WAY,-110.0,-110.0,FanDuel,2025-10-18T23:00:00Z,2025-10-18T20:05:01Z
2,2025020082,29,CBJ,14,TBL,PUCK_LINE,186.0,-235.0,FanDuel,2025-10-18T23:00:00Z,2025-10-18T20:05:01Z
2,2025020082,29,CBJ,14,TBL,OVER_UNDER,-114.0,-106.0,FanDuel,2025-10-18T23:00:00Z,2025-10-18T20:05:01Z
2,2025020082,29,CBJ,14,TBL,MONEY_LINE_3_WAY,125.0,155.0,FanDuel,2025-10-18T23:00:00Z,2025-10-18T20:05:01Z
2,2025020082,29,CBJ,14,TBL,MONEY_LINE_2_WAY,-120.0,102.0,FanDuel,2025-10-18T23:00:00Z,2025-10-18T20:05:01Z
2,2025020083,19,STL,25,DAL,PUCK_LINE,-250.0,198.0,FanDuel,2025-10-18T23:00:00Z,2025-10-18T20:05:01Z
2,2025020083,19,STL,25,DAL,OVER_UNDER,106.0,-130.0,FanDuel,2025-10-18T23:00:00Z,2025-10-18T20:05:01Z
2,2025020083,19,STL,25,DAL,MONEY_LINE_3_WAY,330.0,330.0,FanDuel,2025-10-18T23:00:00Z,2025-10-18T20:05:01Z
2,2025020083,19,STL,25,DAL,MONEY_LINE_2_WAY,104.0,-125.0,FanDuel,2025-10-18T23:00:00Z,2025-10-18T20:05:01Z
2,2025020084,52,WPG,18,NSH,PUCK_LINE,136.0,-168.0,FanDuel,2025-10-18T23:00:00Z,2025-10-18T20:05:01Z
2,2025020084,52,WPG,18,NSH,OVER_UNDER,-105.0,-115.0,FanDuel,2025-10-18T23:00:00Z,2025-10-18T20:05:01Z
2,2025020084,52,WPG,18,NSH,MONEY_LINE_3_WAY,-125.0,240.0,FanDuel,2025-10-18T23:00:00Z,2025-10-18T20:05:01Z
2,2025020084,52,WPG,18,NSH,MONEY_LINE_2_WAY,-184.0,152.0,FanDuel,2025-10-18T23:00:00Z,2025-10-18T20:05:01Z
2,2025020085,21,COL,6,BOS,PUCK_LINE,-105.0,-115.0,FanDuel,2025-10-19T01:00:00Z,2025-10-18T20:05:01Z
2,2025020085,21,COL,6,BOS,OVER_UNDER,-134.0,110.0,FanDuel,2025-10-19T01:00:00Z,2025-10-18T20:05:01Z
2,2025020085,21,COL,6,BOS,MONEY_LINE_3_WAY,-170.0,330.0,FanDuel,2025-10-19T01:00:00Z,2025-10-18T20:05:01Z
2,2025020085,21,COL,6,BOS,MONEY_LINE_2_WAY,-260.0,210.0,FanDuel,2025-10-19T01:00:00Z,2025-10-18T20:05:01Z
2,2025020086,26,LAK,12,CAR,PUCK_LINE,-210.0,168.0,FanDuel,2025-10-19T01:00:00Z,2025-10-18T20:05:01Z
2,2025020086,26,LAK,12,CAR,OVER_UNDER,-132.0,108.0,FanDuel,2025-10-19T01:00:00Z,2025-10-18T20:05:01Z
2,2025020086,26,LAK,12,CAR,MONEY_LINE_3_WAY,180.0,110.0,FanDuel,2025-10-19T01:00:00Z,2025-10-18T20:05:01Z
2,2025020086,26,LAK,12,CAR,MONEY_LINE_2_WAY,116.0,-140.0,FanDuel,2025-10-19T01:00:00Z,2025-10-18T20:05:01Z
2,2025020087,54,VGK,20,CGY,PUCK_LINE,104.0,-128.0,FanDuel,2025-10-19T02:00:00Z,2025-10-18T20:05:01Z
2,2025020087,54,VGK,20,CGY,OVER_UNDER,-134.0,110.0,FanDuel,2025-10-19T02:00:00Z,2025-10-18T20:05:01Z
2,2025020087,54,VGK,20,CGY,MONEY_LINE_3_WAY,-150.0,300.0,FanDuel,2025-10-19T02:00:00Z,2025-10-18T20:05:01Z
2,2025020087,54,VGK,20,CGY,MONEY_LINE_2_WAY,-245.0,198.0,FanDuel,2025-10-19T02:00:00Z,2025-10-18T20:05:01Z
2,2025020088,28,SJS,5,PIT,PUCK_LINE,-192.0,154.0,FanDuel,2025-10-19T02:00:00Z,2025-10-18T20:05:01Z
2,2025020088,28,SJS,5,PIT,OVER_UNDER,-112.0,-108.0,FanDuel,2025-10-19T02:00:00Z,2025-10-18T20:05:01Z
2,2025020088,28,SJS,5,PIT,MONEY_LINE_3_WAY,185.0,105.0,FanDuel,2025-10-19T02:00:00Z,2025-10-18T20:05:01Z
2,2025020088,28,SJS,5,PIT,MONEY_LINE_2_WAY,122.0,-146.0,FanDuel,2025-10-19T02:00:00Z,2025-10-18T20:05:01Z
2,2025020089,15,WSH,23,VAN,PUCK_LINE,-176.0,134.0,FanDuel,2025-10-19T16:30:00Z,2025-10-19T20:05:01Z
2,2025020089,15,WSH,23,VAN,OVER_UNDER,158.0,-210.0,FanDuel,2025-10-19T16:30:00Z,2025-10-19T20:05:01Z
2,2025020089,15,WSH,23,VAN,MONEY_LINE_3_WAY,3000.0,3000.0,FanDuel,2025-10-19T16:30:00Z,2025-10-19T20:05:01Z
2,2025020089,15,WSH,23,VAN,MONEY_LINE_2_WAY,3500.0,-50000.0,FanDuel,2025-10-19T16:30:00Z,2025-10-19T20:05:01Z
2,2025020090,17,DET,22,EDM,PUCK_LINE,-330.0,235.0,FanDuel,2025-10-19T19:00:00Z,2025-10-19T20:05:01Z
2,2025020090,17,DET,22,EDM,OVER_UNDER,112.0,-146.0,FanDuel,2025-10-19T19:00:00Z,2025-10-19T20:05:01Z
2,2025020090,17,DET,22,EDM,MONEY_LINE_3_WAY,250.0,250.0,FanDuel,2025-10-19T19:00:00Z,2025-10-19T20:05:01Z
2,2025020090,17,DET,22,EDM,MONEY_LINE_2_WAY,-102.0,-125.0,FanDuel,2025-10-19T19:00:00Z,2025-10-19T20:05:01Z
2,2025020091,16,CHI,24,ANA,PUCK_LINE,-245.0,194.0,FanDuel,2025-10-19T23:00:00Z,2025-10-19T20:05:01Z
2,2025020091,16,CHI,24,ANA,OVER_UNDER,-120.0,-102.0,FanDuel,2025-10-19T23:00:00Z,2025-10-19T20:05:01Z
2,2025020091,16,CHI,24,ANA,MONEY_LINE_3_WAY,320.0,320.0,FanDuel,2025-10-19T23:00:00Z,2025-10-19T20:05:01Z
2,2025020091,16,CHI,24,ANA,MONEY_LINE_2_WAY,105.0,-126.0,FanDuel,2025-10-19T23:00:00Z,2025-10-19T20:05:01Z
2,2025020092,68,UTA,6,BOS,PUCK_LINE,116.0,-142.0,FanDuel,2025-10-19T23:00:00Z,2025-10-19T20:05:01Z
2,2025020092,68,UTA,6,BOS,OVER_UNDER,116.0,-142.0,FanDuel,2025-10-19T23:00:00Z,2025-10-19T20:05:01Z
2,2025020092,68,UTA,6,BOS,MONEY_LINE_3_WAY,-140.0,260.0,FanDuel,2025-10-19T23:00:00Z,2025-10-19T20:05:01Z
2,2025020092,68,UTA,6,BOS,MONEY_LINE_2_WAY,-215.0,176.0,FanDuel,2025-10-19T23:00:00Z,2025-10-19T20:05:01Z
2,2025020093,3,NYR,30,MIN,PUCK_LINE,172.0,-215.0,FanDuel,2025-10-20T23:00:00Z,2025-10-20T20:05:01Z
2,2025020093,3,NYR,30,MIN,OVER_UNDER,-110.0,-110.0,FanDuel,2025-10-20T23:00:00Z,2025-10-20T20:05:01Z
2,2025020093,3,NYR,30,MIN,MONEY_LINE_3_WAY,320.0,320.0,FanDuel,2025-10-20T23:00:00Z,2025-10-20T20:05:01Z
2,2025020093,3,NYR,30,MIN,MONEY_LINE_2_WAY,-146.0,122.0,FanDuel,2025-10-20T23:00:00Z,2025-10-20T20:05:01Z
2,2025020094,4,PHI,55,SEA,PUCK_LINE,180.0,-225.0,FanDuel,2025-10-20T23:00:00Z,2025-10-20T20:05:01Z
2,2025020094,4,PHI,55,SEA,OVER_UNDER,-104.0,-118.0,FanDuel,2025-10-20T23:00:00Z,2025-10-20T20:05:01Z
2,2025020094,4,PHI,55,SEA,MONEY_LINE_3_WAY,310.0,310.0,FanDuel,2025-10-20T23:00:00Z,2025-10-20T20:05:01Z
2,2025020094,4,PHI,55,SEA,MONEY_LINE_2_WAY,-138.0,115.0,FanDuel,2025-10-20T23:00:00Z,2025-10-20T20:05:01Z
2,2025020095,8,MTL,7,BUF,PUCK_LINE,160.0,-200.0,FanDuel,2025-10-20T23:30:00Z,2025-10-20T20:05:01Z
2,2025020095,8,MTL,7,BUF,OVER_UNDER,-134.0,110.0,FanDuel,2025-10-20T23:30:00Z,2025-10-20T20:05:01Z
2,2025020095,8,MTL,7,BUF,MONEY_LINE_3_WAY,100.0,190.0,FanDuel,2025-10-20T23:30:00Z,2025-10-20T20:05:01Z
2,2025020095,8,MTL,7,BUF,MONEY_LINE_2_WAY,-154.0,128.0,FanDuel,2025-10-20T23:30:00Z,2025-10-20T20:05:01Z
2,2025020096,20,CGY,52,WPG,PUCK_LINE,-194.0,156.0,FanDuel,2025-10-21T01:30:00Z,2025-10-20T20:05:01Z
2,2025020096,20,CGY,52,WPG,OVER_UNDER,-104.0,-118.0,FanDuel,2025-10-21T01:30:00Z,2025-10-20T20:05:01Z
2,2025020096,20,CGY,52,WPG,MONEY_LINE_3_WAY,320.0,320.0,FanDuel,2025-10-21T01:30:00Z,2025-10-20T20:05:01Z
2,2025020096,20,CGY,52,WPG,MONEY_LINE_2_WAY,130.0,-156.0,FanDuel,2025-10-21T01:30:00Z,2025-10-20T20:05:01Z
2,2025020097,54,VGK,12,CAR,PUCK_LINE,205.0,-265.0,FanDuel,2025-10-21T02:00:00Z,2025-10-20T20:05:01Z
2,2025020097,54,VGK,12,CAR,OVER_UNDER,-130.0,106.0,FanDuel,2025-10-21T02:00:00Z,2025-10-20T20:05:01Z
2,2025020097,54,VGK,12,CAR,MONEY_LINE_3_WAY,320.0,320.0,FanDuel,2025-10-21T02:00:00Z,2025-10-20T20:05:01Z
2,2025020097,54,VGK,12,CAR,MONEY_LINE_2_WAY,-114.0,-105.0,FanDuel,2025-10-21T02:00:00Z,2025-10-20T20:05:01Z
2,2025020098,10,TOR,1,NJD,PUCK_LINE,198.0,-245.0,FanDuel,2025-10-21T23:00:00Z,2025-10-21T20:05:01Z
2,2025020098,10,TOR,1,NJD,OVER_UNDER,104.0,-128.0,FanDuel,2025-10-21T23:00:00Z,2025-10-21T20:05:01Z
2,2025020098,10,TOR,1,NJD,MONEY_LINE_3_WAY,320.0,320.0,FanDuel,2025-10-21T23:00:00Z,2025-10-21T20:05:01Z
2,2025020098,10,TOR,1,NJD,MONEY_LINE_2_WAY,-125.0,104.0,FanDuel,2025-10-21T23:00:00Z,2025-10-21T20:05:01Z
2,2025020099,9,OTT,22,EDM,PUCK_LINE,-250.0,198.0,FanDuel,2025-10-21T23:00:00Z,2025-10-21T20:05:01Z
2,2025020099,9,OTT,22,EDM,OVER_UNDER,110.0,-134.0,FanDuel,2025-10-21T23:00:00Z,2025-10-21T20:05:01Z
2,2025020099,9,OTT,22,EDM,MONEY_LINE_3_WAY,165.0,125.0,FanDuel,2025-10-21T23:00:00Z,2025-10-21T20:05:01Z
2,2025020099,9,OTT,22,EDM,MONEY_LINE_2_WAY,106.0,-128.0,FanDuel,2025-10-21T23:00:00Z,2025-10-21T20:05:01Z
2,2025020100,2,NYI,28,SJS,PUCK_LINE,110.0,-134.0,FanDuel,2025-10-21T23:00:00Z,2025-10-21T20:05:01Z
2,2025020100,2,NYI,28,SJS,OVER_UNDER,-112.0,-108.0,FanDuel,2025-10-21T23:00:00Z,2025-10-21T20:05:01Z
2,2025020100,2,NYI,28,SJS,MONEY_LINE_3_WAY,-145.0,270.0,FanDuel,2025-10-21T23:00:00Z,2025-10-21T20:05:01Z
2,2025020100,2,NYI,28,SJS,MONEY_LINE_2_WAY,-225.0,184.0,FanDuel,2025-10-21T23:00:00Z,2025-10-21T20:05:01Z
2,2025020101,5,PIT,23,VAN,PUCK_LINE,225.0,-290.0,FanDuel,2025-10-21T23:00:00Z,2025-10-21T20:05:01Z
2,2025020101,5,PIT,23,VAN,OVER_UNDER,-120.0,-102.0,FanDuel,2025-10-21T23:00:00Z,2025-10-21T20:05:01Z
2,2025020101,5,PIT,23,VAN,MONEY_LINE_3_WAY,140.0,140.0,FanDuel,2025-10-21T23:00:00Z,2025-10-21T20:05:01Z
2,2025020101,5,PIT,23,VAN,MONEY_LINE_2_WAY,-110.0,-110.0,FanDuel,2025-10-21T23:00:00Z,2025-10-21T20:05:01Z
2,2025020102,15,WSH,55,SEA,PUCK_LINE,-102.0,-120.0,FanDuel,2025-10-21T23:00:00Z,2025-10-21T20:05:01Z
2,2025020102,15,WSH,55,SEA,OVER_UNDER,114.0,-140.0,FanDuel,2025-10-21T23:00:00Z,2025-10-21T20:05:01Z
2,2025020102,15,WSH,55,SEA,MONEY_LINE_3_WAY,370.0,370.0,FanDuel,2025-10-21T23:00:00Z,2025-10-21T20:05:01Z
2,2025020102,15,WSH,55,SEA,MONEY_LINE_2_WAY,-260.0,210.0,FanDuel,2025-10-21T23:00:00Z,2025-10-21T20:05:01Z
2,2025020103,6,BOS,13,FLA,PUCK_LINE,-205.0,164.0,FanDuel,2025-10-21T23:30:00Z,2025-10-21T20:05:01Z
2,2025020103,6,BOS,13,FLA,OVER_UNDER,-110.0,-110.0,FanDuel,2025-10-21T23:30:00Z,2025-10-21T20:05:01Z
2,2025020103,6,BOS,13,FLA,MONEY_LINE_3_WAY,320.0,320.0,FanDuel,2025-10-21T23:30:00Z,2025-10-21T20:05:01Z
2,2025020103,6,BOS,13,FLA,MONEY_LINE_2_WAY,130.0,-156.0,FanDuel,2025-10-21T23:30:00Z,2025-10-21T20:05:01Z
2,2025020104,19,STL,26,LAK,PUCK_LINE,180.0,-225.0,FanDuel,2025-10-22T00:00:00Z,2025-10-21T20:05:01Z
2,2025020104,19,STL,26,LAK,OVER_UNDER,100.0,-122.0,FanDuel,2025-10-22T00:00:00Z,2025-10-21T20:05:01Z
2,2025020104,19,STL,26,LAK,MONEY_LINE_3_WAY,115.0,175.0,FanDuel,2025-10-22T00:00:00Z,2025-10-21T20:05:01Z
2,2025020104,19,STL,26,LAK,MONEY_LINE_2_WAY,-134.0,112.0,FanDuel,2025-10-22T00:00:00Z,2025-10-21T20:05:01Z
2,2025020105,18,NSH,24,ANA,PUCK_LINE,172.0,-215.0,FanDuel,2025-10-22T00:00:00Z,2025-10-21T20:05:01Z
2,2025020105,18,NSH,24,ANA,OVER_UNDER,-134.0,110.0,FanDuel,2025-10-22T00:00:00Z,2025-10-21T20:05:01Z
2,2025020105,18,NSH,24,ANA,MONEY_LINE_3_WAY,340.0,340.0,FanDuel,2025-10-22T00:00:00Z,2025-10-21T20:05:01Z
2,2025020105,18,NSH,24,ANA,MONEY_LINE_2_WAY,-140.0,116.0,FanDuel,2025-10-22T00:00:00Z,2025-10-21T20:05:01Z
2,2025020106,25,DAL,29,CBJ,PUCK_LINE,124.0,-152.0,FanDuel,2025-10-22T00:00:00Z,2025-10-21T20:05:01Z
2,2025020106,25,DAL,29,CBJ,OVER_UNDER,-114.0,-106.0,FanDuel,2025-10-22T00:00:00Z,2025-10-21T20:05:01Z
2,2025020106,25,DAL,29,CBJ,MONEY_LINE_3_WAY,370.0,370.0,FanDuel,2025-10-22T00:00:00Z,2025-10-21T20:05:01Z
2,2025020106,25,DAL,29,CBJ,MONEY_LINE_2_WAY,-188.0,155.0,FanDuel,2025-10-22T00:00:00Z,2025-10-21T20:05:01Z
2,2025020107,68,UTA,21,COL,PUCK_LINE,-205.0,164.0,FanDuel,2025-10-22T02:00:00Z,2025-10-21T20:05:01Z
2,2025020107,68,UTA,21,COL,OVER_UNDER,-138.0,112.0,FanDuel,2025-10-22T02:00:00Z,2025-10-21T20:05:01Z
2,2025020107,68,UTA,21,COL,MONEY_LINE_3_WAY,190.0,105.0,FanDuel,2025-10-22T02:00:00Z,2025-10-21T20:05:01Z
2,2025020107,68,UTA,21,COL,MONEY_LINE_2_WAY,122.0,-146.0,FanDuel,2025-10-22T02:00:00Z,2025-10-21T20:05:01Z
2,2025020108,1,NJD,30,MIN,PUCK_LINE,186.0,-235.0,FanDuel,2025-10-22T23:00:00Z,2025-10-22T20:05:01Z
2,2025020108,1,NJD,30,MIN,OVER_UNDER,110.0,-134.0,FanDuel,2025-10-22T23:00:00Z,2025-10-22T20:05:01Z
2,2025020108,1,NJD,30,MIN,MONEY_LINE_3_WAY,320.0,320.0,FanDuel,2025-10-22T23:00:00Z,2025-10-22T20:05:01Z
2,2025020108,1,NJD,30,MIN,MONEY_LINE_2_WAY,-130.0,108.0,FanDuel,2025-10-22T23:00:00Z,2025-10-22T20:05:01Z
2,2025020109,7,BUF,17,DET,PUCK_LINE,210.0,-265.0,FanDuel,2025-10-22T23:30:00Z,2025-10-22T20:05:01Z
2,2025020109,7,BUF,17,DET,OVER_UNDER,-132.0,108.0,FanDuel,2025-10-22T23:30:00Z,2025-10-22T20:05:01Z
2,2025020109,7,BUF,17,DET,MONEY_LINE_3_WAY,135.0,145.0,FanDuel,2025-10-22T23:30:00Z,2025-10-22T20:05:01Z
2,2025020109,7,BUF,17,DET,MONEY_LINE_2_WAY,-113.0,-106.0,FanDuel,2025-10-22T23:30:00Z,2025-10-22T20:05:01Z
2,2025020110,20,CGY,8,MTL,PUCK_LINE,-265.0,210.0,FanDuel,2025-10-23T00:30:00Z,2025-10-22T20:05:01Z
2,2025020110,20,CGY,8,MTL,OVER_UNDER,102.0,-124.0,FanDuel,2025-10-23T00:30:00Z,2025-10-22T20:05:01Z
2,2025020110,20,CGY,8,MTL,MONEY_LINE_3_WAY,150.0,135.0,FanDuel,2025-10-23T00:30:00Z,2025-10-22T20:05:01Z
2,2025020110,20,CGY,8,MTL,MONEY_LINE_2_WAY,-104.0,-115.0,FanDuel,2025-10-23T00:30:00Z,2025-10-22T20:05:01Z
2,2025020111,6,BOS,24,ANA,PUCK_LINE,198.0,-250.0,FanDuel,2025-10-23T23:00:00Z,2025-10-23T20:05:01Z
2,2025020111,6,BOS,24,ANA,OVER_UNDER,-118.0,-104.0,FanDuel,2025-10-23T23:00:00Z,2025-10-23T20:05:01Z
2,2025020111,6,BOS,24,ANA,MONEY_LINE_3_WAY,360.0,360.0,FanDuel,2025-10-23T23:00:00Z,2025-10-23T20:05:01Z
2,2025020111,6,BOS,24,ANA,MONEY_LINE_2_WAY,-115.0,-104.0,FanDuel,2025-10-23T23:00:00Z,2025-10-23T20:05:01Z
2,2025020112,9,OTT,4,PHI,PUCK_LINE,164.0,-205.0,FanDuel,2025-10-23T23:00:00Z,2025-10-23T20:05:01Z
2,2025020112,9,OTT,4,PHI,OVER_UNDER,102.0,-124.0,FanDuel,2025-10-23T23:00:00Z,2025-10-23T20:05:01Z
2,2025020112,9,OTT,4,PHI,MONEY_LINE_3_WAY,320.0,320.0,FanDuel,2025-10-23T23:00:00Z,2025-10-23T20:05:01Z
2,2025020112,9,OTT,4,PHI,MONEY_LINE_2_WAY,-154.0,128.0,FanDuel,2025-10-23T23:00:00Z,2025-10-23T20:05:01Z
2,2025020113,14,TBL,16,CHI,PUCK_LINE,-128.0,104.0,FanDuel,2025-10-23T22:45:00Z,2025-10-23T20:05:01Z
2,2025020113,14,TBL,16,CHI,OVER_UNDER,-134.0,110.0,FanDuel,2025-10-23T22:45:00Z,2025-10-23T20:05:01Z
2,2025020113,14,TBL,16,CHI,MONEY_LINE_3_WAY,-220.0,400.0,FanDuel,2025-10-23T22:45:00Z,2025-10-23T20:05:01Z
2,2025020113,14,TBL,16,CHI,MONEY_LINE_2_WAY,-315.0,250.0,FanDuel,2025-10-23T22:45:00Z,2025-10-23T20:05:01Z
2,2025020114,13,FLA,5,PIT,PUCK_LINE,124.0,-152.0,FanDuel,2025-10-23T23:00:00Z,2025-10-23T20:05:01Z
2,2025020114,13,FLA,5,PIT,OVER_UNDER,114.0,-140.0,FanDuel,2025-10-23T23:00:00Z,2025-10-23T20:05:01Z
2,2025020114,13,FLA,5,PIT,MONEY_LINE_3_WAY,360.0,360.0,FanDuel,2025-10-23T23:00:00Z,2025-10-23T20:05:01Z
2,2025020114,13,FLA,5,PIT,MONEY_LINE_2_WAY,-200.0,164.0,FanDuel,2025-10-23T23:00:00Z,2025-10-23T20:05:01Z
2,2025020115,2,NYI,17,DET,PUCK_LINE,180.0,-225.0,FanDuel,2025-10-23T23:00:00Z,2025-10-23T20:05:01Z
2,2025020115,2,NYI,17,DET,OVER_UNDER,-134.0,110.0,FanDuel,2025-10-23T23:00:00Z,2025-10-23T20:05:01Z
2,2025020115,2,NYI,17,DET,MONEY_LINE_3_WAY,320.0,320.0,FanDuel,2025-10-23T23:00:00Z,2025-10-23T20:05:01Z
2,2025020115,2,NYI,17,DET,MONEY_LINE_2_WAY,-134.0,112.0,FanDuel,2025-10-23T23:00:00Z,2025-10-23T20:05:01Z
2,2025020116,3,NYR,28,SJS,PUCK_LINE,-106.0,-114.0,FanDuel,2025-10-23T23:00:00Z,2025-10-23T20:05:01Z
2,2025020116,3,NYR,28,SJS,OVER_UNDER,-134.0,110.0,FanDuel,2025-10-23T23:00:00Z,2025-10-23T20:05:01Z
2,2025020116,3,NYR,28,SJS,MONEY_LINE_3_WAY,380.0,380.0,FanDuel,2025-10-23T23:00:00Z,2025-10-23T20:05:01Z
2,2025020116,3,NYR,28,SJS,MONEY_LINE_2_WAY,-275.0,220.0,FanDuel,2025-10-23T23:00:00Z,2025-10-23T20:05:01Z
2,2025020117,19,STL,68,UTA,PUCK_LINE,205.0,-260.0,FanDuel,2025-10-24T00:00:00Z,2025-10-23T20:05:01Z
2,2025020117,19,STL,68,UTA,OVER_UNDER,-102.0,-120.0,FanDuel,2025-10-24T00:00:00Z,2025-10-23T20:05:01Z
2,2025020117,19,STL,68,UTA,MONEY_LINE_3_WAY,330.0,330.0,FanDuel,2025-10-24T00:00:00Z,2025-10-23T20:05:01Z
2,2025020117,19,STL,68,UTA,MONEY_LINE_2_WAY,-120.0,100.0,FanDuel,2025-10-24T00:00:00Z,2025-10-23T20:05:01Z
2,2025020118,18,NSH,23,VAN,PUCK_LINE,210.0,-265.0,FanDuel,2025-10-24T00:00:00Z,2025-10-23T20:05:01Z
2,2025020118,18,NSH,23,VAN,OVER_UNDER,108.0,-132.0,FanDuel,2025-10-24T00:00:00Z,2025-10-23T20:05:01Z
2,2025020118,18,NSH,23,VAN,MONEY_LINE_3_WAY,330.0,330.0,FanDuel,2025-10-24T00:00:00Z,2025-10-23T20:05:01Z
2,2025020118,18,NSH,23,VAN,MONEY_LINE_2_WAY,-110.0,-110.0,FanDuel,2025-10-24T00:00:00Z,2025-10-23T20:05:01Z
2,2025020119,25,DAL,26,LAK,PUCK_LINE,168.0,-210.0,FanDuel,2025-10-24T01:00:00Z,2025-10-23T20:05:01Z
2,2025020119,25,DAL,26,LAK,OVER_UNDER,104.0,-128.0,FanDuel,2025-10-24T01:00:00Z,2025-10-23T20:05:01Z
2,2025020119,25,DAL,26,LAK,MONEY_LINE_3_WAY,105.0,185.0,FanDuel,2025-10-24T01:00:00Z,2025-10-23T20:05:01Z
2,2025020119,25,DAL,26,LAK,MONEY_LINE_2_WAY,-144.0,120.0,FanDuel,2025-10-24T01:00:00Z,2025-10-23T20:05:01Z
2,2025020120,52,WPG,55,SEA,PUCK_LINE,110.0,-134.0,FanDuel,2025-10-24T00:00:00Z,2025-10-23T20:05:01Z
2,2025020120,52,WPG,55,SEA,OVER_UNDER,-108.0,-112.0,FanDuel,2025-10-24T00:00:00Z,2025-10-23T20:05:01Z
2,2025020120,52,WPG,55,SEA,MONEY_LINE_3_WAY,-150.0,280.0,FanDuel,2025-10-24T00:00:00Z,2025-10-23T20:05:01Z
2,2025020120,52,WPG,55,SEA,MONEY_LINE_2_WAY,-230.0,188.0,FanDuel,2025-10-24T00:00:00Z,2025-10-23T20:05:01Z
2,2025020121,21,COL,12,CAR,PUCK_LINE,176.0,-220.0,FanDuel,2025-10-24T01:00:00Z,2025-10-23T20:05:01Z
2,2025020121,21,COL,12,CAR,OVER_UNDER,112.0,-140.0,FanDuel,2025-10-24T01:00:00Z,2025-10-23T20:05:01Z
2,2025020121,21,COL,12,CAR,MONEY_LINE_3_WAY,115.0,175.0,FanDuel,2025-10-24T01:00:00Z,2025-10-23T20:05:01Z
2,2025020121,21,COL,12,CAR,MONEY_LINE_2_WAY,-137.0,114.0,FanDuel,2025-10-24T01:00:00Z,2025-10-23T20:05:01Z
2,2025020122,22,EDM,8,MTL,PUCK_LINE,116.0,-142.0,FanDuel,2025-10-24T01:00:00Z,2025-10-23T20:05:01Z
2,2025020122,22,EDM,8,MTL,OVER_UNDER,-140.0,114.0,FanDuel,2025-10-24T01:00:00Z,2025-10-23T20:05:01Z
2,2025020122,22,EDM,8,MTL,MONEY_LINE_3_WAY,360.0,360.0,FanDuel,2025-10-24T01:00:00Z,2025-10-23T20:05:01Z
2,2025020122,22,EDM,8,MTL,MONEY_LINE_2_WAY,-220.0,180.0,FanDuel,2025-10-24T01:00:00Z,2025-10-23T20:05:01Z
2,2025020123,7,BUF,10,TOR,PUCK_LINE,-230.0,184.0,FanDuel,2025-10-24T23:00:00Z,2025-10-24T20:05:01Z
2,2025020123,7,BUF,10,TOR,OVER_UNDER,-130.0,106.0,FanDuel,2025-10-24T23:00:00Z,2025-10-24T20:05:01Z
2,2025020123,7,BUF,10,TOR,MONEY_LINE_3_WAY,330.0,330.0,FanDuel,2025-10-24T23:00:00Z,2025-10-24T20:05:01Z
2,2025020123,7,BUF,10,TOR,MONEY_LINE_2_WAY,108.0,-130.0,FanDuel,2025-10-24T23:00:00Z,2025-10-24T20:05:01Z
2,2025020124,1,NJD,28,SJS,PUCK_LINE,-148.0,120.0,FanDuel,2025-10-24T23:00:00Z,2025-10-24T20:05:01Z
2,2025020124,1,NJD,28,SJS,OVER_UNDER,-124.0,102.0,FanDuel,2025-10-24T23:00:00Z,2025-10-24T20:05:01Z
2,2025020124,1,NJD,28,SJS,MONEY_LINE_3_WAY,460.0,460.0,FanDuel,2025-10-24T23:00:00Z,2025-10-24T20:05:01Z
2,2025020124,1,NJD,28,SJS,MONEY_LINE_2_WAY,-375.0,290.0,FanDuel,2025-10-24T23:00:00Z,2025-10-24T20:05:01Z
2,2025020125,29,CBJ,15,WSH,PUCK_LINE,-250.0,198.0,FanDuel,2025-10-24T23:00:00Z,2025-10-24T20:05:01Z
2,2025020125,29,CBJ,15,WSH,OVER_UNDER,-122.0,100.0,FanDuel,2025-10-24T23:00:00Z,2025-10-24T20:05:01Z
2,2025020125,29,CBJ,15,WSH,MONEY_LINE_3_WAY,145.0,130.0,FanDuel,2025-10-24T23:00:00Z,2025-10-24T20:05:01Z
2,2025020125,29,CBJ,15,WSH,MONEY_LINE_2_WAY,-105.0,-114.0,FanDuel,2025-10-24T23:00:00Z,2025-10-24T20:05:01Z
2,2025020126,52,WPG,20,CGY,PUCK_LINE,172.0,-215.0,FanDuel,2025-10-25T00:00:00Z,2025-10-24T20:05:01Z
2,2025020126,52,WPG,20,CGY,OVER_UNDER,104.0,-128.0,FanDuel,2025-10-25T00:00:00Z,2025-10-24T20:05:01Z
2,2025020126,52,WPG,20,CGY,MONEY_LINE_3_WAY,110.0,180.0,FanDuel,2025-10-25T00:00:00Z,2025-10-24T20:05:01Z
2,2025020126,52,WPG,20,CGY,MONEY_LINE_2_WAY,-140.0,116.0,FanDuel,2025-10-25T00:00:00Z,2025-10-24T20:05:01Z
2,2025020127,4,PHI,2,NYI,PUCK_LINE,1000.0,1000.0,FanDuel,2025-10-25T16:30:00Z,2025-10-25T20:05:01Z
2,2025020127,4,PHI,2,NYI,OVER_UNDER,-100000.0,700.0,FanDuel,2025-10-25T16:30:00Z,2025-10-25T20:05:01Z
2,2025020127,4,PHI,2,NYI,MONEY_LINE_3_WAY,600.0,700.0,FanDuel,2025-10-25T16:30:00Z,2025-10-25T20:05:01Z
2,2025020127,4,PHI,2,NYI,MONEY_LINE_2_WAY,-122.0,-104.0,FanDuel,2025-10-25T16:30:00Z,2025-10-25T20:05:01Z
2,2025020128,6,BOS,21,COL,PUCK_LINE,195.0,-265.0,FanDuel,2025-10-25T19:00:00Z,2025-10-25T20:05:01Z
2,2025020128,6,BOS,21,COL,OVER_UNDER,-160.0,122.0,FanDuel,2025-10-25T19:00:00Z,2025-10-25T20:05:01Z
2,2025020128,6,BOS,21,COL,MONEY_LINE_3_WAY,115.0,200.0,FanDuel,2025-10-25T19:00:00Z,2025-10-25T20:05:01Z
2,2025020128,6,BOS,21,COL,MONEY_LINE_2_WAY,-146.0,114.0,FanDuel,2025-10-25T19:00:00Z,2025-10-25T20:05:01Z
2,2025020129,14,TBL,24,ANA,PUCK_LINE,128.0,-158.0,FanDuel,2025-10-25T21:00:00Z,2025-10-25T20:05:01Z
2,2025020129,14,TBL,24,ANA,OVER_UNDER,100.0,-122.0,FanDuel,2025-10-25T21:00:00Z,2025-10-25T20:05:01Z
2,2025020129,14,TBL,24,ANA,MONEY_LINE_3_WAY,-125.0,220.0,FanDuel,2025-10-25T21:00:00Z,2025-10-25T20:05:01Z
2,2025020129,14,TBL,24,ANA,MONEY_LINE_2_WAY,-184.0,152.0,FanDuel,2025-10-25T21:00:00Z,2025-10-25T20:05:01Z
2,2025020130,13,FLA,54,VGK,PUCK_LINE,-260.0,205.0,FanDuel,2025-10-25T22:00:00Z,2025-10-25T20:05:01Z
2,2025020130,13,FLA,54,VGK,OVER_UNDER,-142.0,116.0,FanDuel,2025-10-25T22:00:00Z,2025-10-25T20:05:01Z
2,2025020130,13,FLA,54,VGK,MONEY_LINE_3_WAY,330.0,330.0,FanDuel,2025-10-25T22:00:00Z,2025-10-25T20:05:01Z
2,2025020130,13,FLA,54,VGK,MONEY_LINE_2_WAY,-106.0,-113.0,FanDuel,2025-10-25T22:00:00Z,2025-10-25T20:05:01Z
2,2025020131,30,MIN,68,UTA,PUCK_LINE,205.0,-260.0,FanDuel,2025-10-25T22:00:00Z,2025-10-25T20:05:01Z
2,2025020131,30,MIN,68,UTA,OVER_UNDER,106.0,-130.0,FanDuel,2025-10-25T22:00:00Z,2025-10-25T20:05:01Z
2,2025020131,30,MIN,68,UTA,MONEY_LINE_3_WAY,320.0,320.0,FanDuel,2025-10-25T22:00:00Z,2025-10-25T20:05:01Z
2,2025020131,30,MIN,68,UTA,MONEY_LINE_2_WAY,-120.0,100.0,FanDuel,2025-10-25T22:00:00Z,2025-10-25T20:05:01Z
2,2025020132,10,TOR,7,BUF,PUCK_LINE,172.0,-215.0,FanDuel,2025-10-25T21:00:00Z,2025-10-25T20:05:01Z
2,2025020132,10,TOR,7,BUF,OVER_UNDER,-112.0,-110.0,FanDuel,2025-10-25T21:00:00Z,2025-10-25T20:05:01Z
2,2025020132,10,TOR,7,BUF,MONEY_LINE_3_WAY,340.0,340.0,FanDuel,2025-10-25T21:00:00Z,2025-10-25T20:05:01Z
2,2025020132,10,TOR,7,BUF,MONEY_LINE_2_WAY,-140.0,116.0,FanDuel,2025-10-25T21:00:00Z,2025-10-25T20:05:01Z
2,2025020133,17,DET,19,STL,PUCK_LINE,-265.0,210.0,FanDuel,2025-10-25T23:00:00Z,2025-10-25T20:05:01Z
2,2025020133,17,DET,19,STL,OVER_UNDER,-102.0,-120.0,FanDuel,2025-10-25T23:00:00Z,2025-10-25T20:05:01Z
2,2025020133,17,DET,19,STL,MONEY_LINE_3_WAY,150.0,135.0,FanDuel,2025-10-25T23:00:00Z,2025-10-25T20:05:01Z
2,2025020133,17,DET,19,STL,MONEY_LINE_2_WAY,-104.0,-115.0,FanDuel,2025-10-25T23:00:00Z,2025-10-25T20:05:01Z
2,2025020134,5,PIT,29,CBJ,PUCK_LINE,198.0,-250.0,FanDuel,2025-10-25T23:00:00Z,2025-10-25T20:05:01Z
2,2025020134,5,PIT,29,CBJ,OVER_UNDER,-110.0,-110.0,FanDuel,2025-10-25T23:00:00Z,2025-10-25T20:05:01Z
2,2025020134,5,PIT,29,CBJ,MONEY_LINE_3_WAY,340.0,340.0,FanDuel,2025-10-25T23:00:00Z,2025-10-25T20:05:01Z
2,2025020134,5,PIT,29,CBJ,MONEY_LINE_2_WAY,-118.0,-102.0,FanDuel,2025-10-25T23:00:00Z,2025-10-25T20:05:01Z
2,2025020135,15,WSH,9,OTT,PUCK_LINE,198.0,-250.0,FanDuel,2025-10-25T23:00:00Z,2025-10-25T20:05:01Z
2,2025020135,15,WSH,9,OTT,OVER_UNDER,-102.0,-120.0,FanDuel,2025-10-25T23:00:00Z,2025-10-25T20:05:01Z
2,2025020135,15,WSH,9,OTT,MONEY_LINE_3_WAY,330.0,330.0,FanDuel,2025-10-25T23:00:00Z,2025-10-25T20:05:01Z
2,2025020135,15,WSH,9,OTT,MONEY_LINE_2_WAY,-130.0,108.0,FanDuel,2025-10-25T23:00:00Z,2025-10-25T20:05:01Z
2,2025020136,23,VAN,8,MTL,PUCK_LINE,210.0,-265.0,FanDuel,2025-10-25T23:00:00Z,2025-10-25T20:05:01Z
2,2025020136,23,VAN,8,MTL,OVER_UNDER,110.0,-134.0,FanDuel,2025-10-25T23:00:00Z,2025-10-25T20:05:01Z
2,2025020136,23,VAN,8,MTL,MONEY_LINE_3_WAY,320.0,320.0,FanDuel,2025-10-25T23:00:00Z,2025-10-25T20:05:01Z
2,2025020136,23,VAN,8,MTL,MONEY_LINE_2_WAY,-114.0,-105.0,FanDuel,2025-10-25T23:00:00Z,2025-10-25T20:05:01Z
2,2025020137,18,NSH,26,LAK,PUCK_LINE,-225.0,180.0,FanDuel,2025-10-26T00:00:00Z,2025-10-25T20:05:01Z
2,2025020137,18,NSH,26,LAK,OVER_UNDER,-110.0,-110.0,FanDuel,2025-10-26T00:00:00Z,2025-10-25T20:05:01Z
2,2025020137,18,NSH,26,LAK,MONEY_LINE_3_WAY,320.0,320.0,FanDuel,2025-10-26T00:00:00Z,2025-10-25T20:05:01Z
2,2025020137,18,NSH,26,LAK,MONEY_LINE_2_WAY,125.0,-150.0,FanDuel,2025-10-26T00:00:00Z,2025-10-25T20:05:01Z
2,2025020138,25,DAL,12,CAR,PUCK_LINE,198.0,-250.0,FanDuel,2025-10-26T00:00:00Z,2025-10-25T20:05:01Z
2,2025020138,25,DAL,12,CAR,OVER_UNDER,-124.0,102.0,FanDuel,2025-10-26T00:00:00Z,2025-10-25T20:05:01Z
2,2025020138,25,DAL,12,CAR,MONEY_LINE_3_WAY,320.0,320.0,FanDuel,2025-10-26T00:00:00Z,2025-10-25T20:05:01Z
2,2025020138,25,DAL,12,CAR,MONEY_LINE_2_WAY,-122.0,102.0,FanDuel,2025-10-26T00:00:00Z,2025-10-25T20:05:01Z
2,2025020139,55,SEA,22,EDM,PUCK_LINE,-172.0,140.0,FanDuel,2025-10-26T02:00:00Z,2025-10-25T20:05:01Z
2,2025020139,55,SEA,22,EDM,OVER_UNDER,116.0,-142.0,FanDuel,2025-10-26T02:00:00Z,2025-10-25T20:05:01Z
2,2025020139,55,SEA,22,EDM,MONEY_LINE_3_WAY,220.0,-110.0,FanDuel,2025-10-26T02:00:00Z,2025-10-25T20:05:01Z
2,2025020139,55,SEA,22,EDM,MONEY_LINE_2_WAY,146.0,-176.0,FanDuel,2025-10-26T02:00:00Z,2025-10-25T20:05:01Z
2,2025020140,1,NJD,21,COL,PUCK_LINE,1000.0,-100000.0,FanDuel,2025-10-26T17:00:00Z,2025-10-26T20:05:01Z
2,2025020140,1,NJD,21,COL,OVER_UNDER,-100000.0,700.0,FanDuel,2025-10-26T17:00:00Z,2025-10-26T20:05:01Z
2,2025020140,1,NJD,21,COL,MONEY_LINE_3_WAY,550.0,600.0,FanDuel,2025-10-26T17:00:00Z,2025-10-26T20:05:01Z
2,2025020140,1,NJD,21,COL,MONEY_LINE_2_WAY,-113.0,-113.0,FanDuel,2025-10-26T17:00:00Z,2025-10-26T20:05:01Z
2,2025020141,14,TBL,54,VGK,PUCK_LINE,172.0,-215.0,FanDuel,2025-10-26T21:00:00Z,2025-10-26T20:05:01Z
2,2025020141,14,TBL,54,VGK,OVER_UNDER,-120.0,-102.0,FanDuel,2025-10-26T21:00:00Z,2025-10-26T20:05:01Z
2,2025020141,14,TBL,54,VGK,MONEY_LINE_3_WAY,110.0,175.0,FanDuel,2025-10-26T21:00:00Z,2025-10-26T20:05:01Z
2,2025020141,14,TBL,54,VGK,MONEY_LINE_2_WAY,-140.0,116.0,FanDuel,2025-10-26T21:00:00Z,2025-10-26T20:05:01Z
2,2025020142,30,MIN,28,SJS,PUCK_LINE,120.0,-148.0,FanDuel,2025-10-26T22:00:00Z,2025-10-26T20:05:01Z
2,2025020142,30,MIN,28,SJS,OVER_UNDER,-120.0,-102.0,FanDuel,2025-10-26T22:00:00Z,2025-10-26T20:05:01Z
2,2025020142,30,MIN,28,SJS,MONEY_LINE_3_WAY,360.0,360.0,FanDuel,2025-10-26T22:00:00Z,2025-10-26T20:05:01Z
2,2025020142,30,MIN,28,SJS,MONEY_LINE_2_WAY,-210.0,172.0,FanDuel,2025-10-26T22:00:00Z,2025-10-26T20:05:01Z
2,2025020143,52,WPG,68,UTA,PUCK_LINE,164.0,-205.0,FanDuel,2025-10-26T22:00:00Z,2025-10-26T20:05:01Z
2,2025020143,52,WPG,68,UTA,OVER_UNDER,100.0,-122.0,FanDuel,2025-10-26T22:00:00Z,2025-10-26T20:05:01Z
2,2025020143,52,WPG,68,UTA,MONEY_LINE_3_WAY,105.0,190.0,FanDuel,2025-10-26T22:00:00Z,2025-10-26T20:05:01Z
2,2025020143,52,WPG,68,UTA,MONEY_LINE_2_WAY,-146.0,122.0,FanDuel,2025-10-26T22:00:00Z,2025-10-26T20:05:01Z
2,2025020144,16,CHI,26,LAK,PUCK_LINE,-188.0,152.0,FanDuel,2025-10-26T23:00:00Z,2025-10-26T20:05:01Z
2,2025020144,16,CHI,26,LAK,OVER_UNDER,-130.0,106.0,FanDuel,2025-10-26T23:00:00Z,2025-10-26T20:05:01Z
2,2025020144,16,CHI,26,LAK,MONEY_LINE_3_WAY,350.0,350.0,FanDuel,2025-10-26T23:00:00Z,2025-10-26T20:05:01Z
2,2025020144,16,CHI,26,LAK,MONEY_LINE_2_WAY,130.0,-156.0,FanDuel,2025-10-26T23:00:00Z,2025-10-26T20:05:01Z
2,2025020145,18,NSH,25,DAL,PUCK_LINE,-196.0,158.0,FanDuel,2025-10-26T23:00:00Z,2025-10-26T20:05:01Z
2,2025020145,18,NSH,25,DAL,OVER_UNDER,116.0,-142.0,FanDuel,2025-10-26T23:00:00Z,2025-10-26T20:05:01Z
2,2025020145,18,NSH,25,DAL,MONEY_LINE_3_WAY,330.0,330.0,FanDuel,2025-10-26T23:00:00Z,2025-10-26T20:05:01Z
2,2025020145,18,NSH,25,DAL,MONEY_LINE_2_WAY,128.0,-154.0,FanDuel,2025-10-26T23:00:00Z,2025-10-26T20:05:01Z
2,2025020146,20,CGY,3,NYR,PUCK_LINE,-260.0,205.0,FanDuel,2025-10-27T00:00:00Z,2025-10-26T20:05:01Z
2,2025020146,20,CGY,3,NYR,OVER_UNDER,-114.0,-106.0,FanDuel,2025-10-27T00:00:00Z,2025-10-26T20:05:01Z
2,2025020146,20,CGY,3,NYR,MONEY_LINE_3_WAY,160.0,130.0,FanDuel,2025-10-27T00:00:00Z,2025-10-26T20:05:01Z
2,2025020146,20,CGY,3,NYR,MONEY_LINE_2_WAY,100.0,-120.0,FanDuel,2025-10-27T00:00:00Z,2025-10-26T20:05:01Z
2,2025020147,23,VAN,22,EDM,PUCK_LINE,-215.0,172.0,FanDuel,2025-10-27T02:00:00Z,2025-10-26T20:05:01Z
2,2025020147,23,VAN,22,EDM,OVER_UNDER,-140.0,114.0,FanDuel,2025-10-27T02:00:00Z,2025-10-26T20:05:01Z
2,2025020147,23,VAN,22,EDM,MONEY_LINE_3_WAY,330.0,330.0,FanDuel,2025-10-27T02:00:00Z,2025-10-26T20:05:01Z
2,2025020147,23,VAN,22,EDM,MONEY_LINE_2_WAY,116.0,-140.0,FanDuel,2025-10-27T02:00:00Z,2025-10-26T20:05:01Z
2,2025020148,5,PIT,19,STL,PUCK_LINE,-265.0,210.0,FanDuel,2025-10-27T23:00:00Z,2025-10-27T20:05:01Z
2,2025020148,5,PIT,19,STL,OVER_UNDER,-140.0,114.0,FanDuel,2025-10-27T23:00:00Z,2025-10-27T20:05:01Z
2,2025020148,5,PIT,19,STL,MONEY_LINE_3_WAY,145.0,135.0,FanDuel,2025-10-27T23:00:00Z,2025-10-27T20:05:01Z
2,2025020148,5,PIT,19,STL,MONEY_LINE_2_WAY,-106.0,-113.0,FanDuel,2025-10-27T23:00:00Z,2025-10-27T20:05:01Z
2,2025020149,9,OTT,6,BOS,PUCK_LINE,142.0,-176.0,FanDuel,2025-10-27T23:30:00Z,2025-10-27T20:05:01Z
2,2025020149,9,OTT,6,BOS,OVER_UNDER,110.0,-134.0,FanDuel,2025-10-27T23:30:00Z,2025-10-27T20:05:01Z
2,2025020149,9,OTT,6,BOS,MONEY_LINE_3_WAY,340.0,340.0,FanDuel,2025-10-27T23:30:00Z,2025-10-27T20:05:01Z
2,2025020149,9,OTT,6,BOS,MONEY_LINE_2_WAY,-170.0,140.0,FanDuel,2025-10-27T23:30:00Z,2025-10-27T20:05:01Z
2,2025020150,4,PHI,5,PIT,PUCK_LINE,142.0,-176.0,FanDuel,2025-10-28T22:00:00Z,2025-10-28T20:05:01Z
2,2025020150,4,PHI,5,PIT,OVER_UNDER,-134.0,110.0,FanDuel,2025-10-28T22:00:00Z,2025-10-28T20:05:01Z
2,2025020150,4,PHI,5,PIT,MONEY_LINE_3_WAY,-110.0,210.0,FanDuel,2025-10-28T22:00:00Z,2025-10-28T20:05:01Z
2,2025020150,4,PHI,5,PIT,MONEY_LINE_2_WAY,-170.0,140.0,FanDuel,2025-10-28T22:00:00Z,2025-10-28T20:05:01Z
2,2025020151,10,TOR,20,CGY,PUCK_LINE,142.0,-176.0,FanDuel,2025-10-28T22:00:00Z,2025-10-28T20:05:01Z
2,2025020151,10,TOR,20,CGY,OVER_UNDER,-104.0,-118.0,FanDuel,2025-10-28T22:00:00Z,2025-10-28T20:05:01Z
2,2025020151,10,TOR,20,CGY,MONEY_LINE_3_WAY,340.0,340.0,FanDuel,2025-10-28T22:00:00Z,2025-10-28T20:05:01Z
2,2025020151,10,TOR,20,CGY,MONEY_LINE_2_WAY,-170.0,140.0,FanDuel,2025-10-28T22:00:00Z,2025-10-28T20:05:01Z
2,2025020152,7,BUF,29,CBJ,PUCK_LINE,198.0,-250.0,FanDuel,2025-10-28T22:45:00Z,2025-10-28T20:05:01Z
2,2025020152,7,BUF,29,CBJ,OVER_UNDER,-114.0,-108.0,FanDuel,2025-10-28T22:45:00Z,2025-10-28T20:05:01Z
2,2025020152,7,BUF,29,CBJ,MONEY_LINE_3_WAY,135.0,145.0,FanDuel,2025-10-28T22:45:00Z,2025-10-28T20:05:01Z
2,2025020152,7,BUF,29,CBJ,MONEY_LINE_2_WAY,-115.0,-104.0,FanDuel,2025-10-28T22:45:00Z,2025-10-28T20:05:01Z
2,2025020153,13,FLA,24,ANA,PUCK_LINE,132.0,-162.0,FanDuel,2025-10-28T23:00:00Z,2025-10-28T20:05:01Z
2,2025020153,13,FLA,24,ANA,OVER_UNDER,-112.0,-108.0,FanDuel,2025-10-28T23:00:00Z,2025-10-28T20:05:01Z
2,2025020153,13,FLA,24,ANA,MONEY_LINE_3_WAY,350.0,350.0,FanDuel,2025-10-28T23:00:00Z,2025-10-28T20:05:01Z
2,2025020153,13,FLA,24,ANA,MONEY_LINE_2_WAY,-182.0,150.0,FanDuel,2025-10-28T23:00:00Z,2025-10-28T20:05:01Z
2,2025020154,6,BOS,2,NYI,PUCK_LINE,-194.0,156.0,FanDuel,2025-10-28T23:15:00Z,2025-10-28T20:05:01Z
2,2025020154,6,BOS,2,NYI,OVER_UNDER,-118.0,-104.0,FanDuel,2025-10-28T23:15:00Z,2025-10-28T20:05:01Z
2,2025020154,6,BOS,2,NYI,MONEY_LINE_3_WAY,350.0,350.0,FanDuel,2025-10-28T23:15:00Z,2025-10-28T20:05:01Z
2,2025020154,6,BOS,2,NYI,MONEY_LINE_2_WAY,125.0,-150.0,FanDuel,2025-10-28T23:15:00Z,2025-10-28T20:05:01Z
2,2025020155,12,CAR,54,VGK,PUCK_LINE,160.0,-200.0,FanDuel,2025-10-28T22:30:00Z,2025-10-28T20:05:01Z
2,2025020155,12,CAR,54,VGK,OVER_UNDER,-134.0,110.0,FanDuel,2025-10-28T22:30:00Z,2025-10-28T20:05:01Z
2,2025020155,12,CAR,54,VGK,MONEY_LINE_3_WAY,105.0,190.0,FanDuel,2025-10-28T22:30:00Z,2025-10-28T20:05:01Z
2,2025020155,12,CAR,54,VGK,MONEY_LINE_2_WAY,-150.0,125.0,FanDuel,2025-10-28T22:30:00Z,2025-10-28T20:05:01Z
2,2025020156,18,NSH,14,TBL,PUCK_LINE,-188.0,152.0,FanDuel,2025-10-28T23:45:00Z,2025-10-28T20:05:01Z
2,2025020156,18,NSH,14,TBL,OVER_UNDER,108.0,-132.0,FanDuel,2025-10-28T23:45:00Z,2025-10-28T20:05:01Z
2,2025020156,18,NSH,14,TBL,MONEY_LINE_3_WAY,200.0,100.0,FanDuel,2025-10-28T23:45:00Z,2025-10-28T20:05:01Z
2,2025020156,18,NSH,14,TBL,MONEY_LINE_2_WAY,132.0,-160.0,FanDuel,2025-10-28T23:45:00Z,2025-10-28T20:05:01Z
2,2025020157,30,MIN,52,WPG,PUCK_LINE,-280.0,220.0,FanDuel,2025-10-29T00:00:00Z,2025-10-28T20:05:01Z
2,2025020157,30,MIN,52,WPG,OVER_UNDER,100.0,-122.0,FanDuel,2025-10-29T00:00:00Z,2025-10-28T20:05:01Z
2,2025020157,30,MIN,52,WPG,MONEY_LINE_3_WAY,140.0,140.0,FanDuel,2025-10-29T00:00:00Z,2025-10-28T20:05:01Z
2,2025020157,30,MIN,52,WPG,MONEY_LINE_2_WAY,-110.0,-110.0,FanDuel,2025-10-29T00:00:00Z,2025-10-28T20:05:01Z
2,2025020158,19,STL,17,DET,PUCK_LINE,-280.0,220.0,FanDuel,2025-10-29T00:15:00Z,2025-10-28T20:05:01Z
2,2025020158,19,STL,17,DET,OVER_UNDER,112.0,-140.0,FanDuel,2025-10-29T00:15:00Z,2025-10-28T20:05:01Z
2,2025020158,19,STL,17,DET,MONEY_LINE_3_WAY,140.0,140.0,FanDuel,2025-10-29T00:15:00Z,2025-10-28T20:05:01Z
2,2025020158,19,STL,17,DET,MONEY_LINE_2_WAY,-110.0,-110.0,FanDuel,2025-10-29T00:15:00Z,2025-10-28T20:05:01Z
2,2025020159,25,DAL,15,WSH,PUCK_LINE,194.0,-245.0,FanDuel,2025-10-29T00:30:00Z,2025-10-28T20:05:01Z
2,2025020159,25,DAL,15,WSH,OVER_UNDER,104.0,-128.0,FanDuel,2025-10-29T00:30:00Z,2025-10-28T20:05:01Z
2,2025020159,25,DAL,15,WSH,MONEY_LINE_3_WAY,125.0,165.0,FanDuel,2025-10-29T00:30:00Z,2025-10-28T20:05:01Z
2,2025020159,25,DAL,15,WSH,MONEY_LINE_2_WAY,-126.0,105.0,FanDuel,2025-10-29T00:30:00Z,2025-10-28T20:05:01Z
2,2025020160,16,CHI,9,OTT,PUCK_LINE,-215.0,172.0,FanDuel,2025-10-29T00:45:00Z,2025-10-28T20:05:01Z
2,2025020160,16,CHI,9,OTT,OVER_UNDER,108.0,-132.0,FanDuel,2025-10-29T00:45:00Z,2025-10-28T20:05:01Z
2,2025020160,16,CHI,9,OTT,MONEY_LINE_3_WAY,340.0,340.0,FanDuel,2025-10-29T00:45:00Z,2025-10-28T20:05:01Z
2,2025020160,16,CHI,9,OTT,MONEY_LINE_2_WAY,116.0,-140.0,FanDuel,2025-10-29T00:45:00Z,2025-10-28T20:05:01Z
2,2025020161,21,COL,1,NJD,PUCK_LINE,152.0,-188.0,FanDuel,2025-10-29T01:00:00Z,2025-10-28T20:05:01Z
2,2025020161,21,COL,1,NJD,OVER_UNDER,-128.0,102.0,FanDuel,2025-10-29T01:00:00Z,2025-10-28T20:05:01Z
2,2025020161,21,COL,1,NJD,MONEY_LINE_3_WAY,340.0,340.0,FanDuel,2025-10-29T01:00:00Z,2025-10-28T20:05:01Z
2,2025020161,21,COL,1,NJD,MONEY_LINE_2_WAY,-162.0,134.0,FanDuel,2025-10-29T01:00:00Z,2025-10-28T20:05:01Z
2,2025020162,22,EDM,68,UTA,PUCK_LINE,164.0,-205.0,FanDuel,2025-10-29T01:30:00Z,2025-10-28T20:05:01Z
2,2025020162,22,EDM,68,UTA,OVER_UNDER,-130.0,106.0,FanDuel,2025-10-29T01:30:00Z,2025-10-28T20:05:01Z
2,2025020162,22,EDM,68,UTA,MONEY_LINE_3_WAY,110.0,185.0,FanDuel,2025-10-29T01:30:00Z,2025-10-28T20:05:01Z
2,2025020162,22,EDM,68,UTA,MONEY_LINE_2_WAY,-146.0,122.0,FanDuel,2025-10-29T01:30:00Z,2025-10-28T20:05:01Z
2,2025020163,23,VAN,3,NYR,PUCK_LINE,-265.0,210.0,FanDuel,2025-10-29T02:00:00Z,2025-10-28T20:05:01Z
2,2025020163,23,VAN,3,NYR,OVER_UNDER,102.0,-124.0,FanDuel,2025-10-29T02:00:00Z,2025-10-28T20:05:01Z
2,2025020163,23,VAN,3,NYR,MONEY_LINE_3_WAY,330.0,330.0,FanDuel,2025-10-29T02:00:00Z,2025-10-28T20:05:01Z
2,2025020163,23,VAN,3,NYR,MONEY_LINE_2_WAY,-102.0,-118.0,FanDuel,2025-10-29T02:00:00Z,2025-10-28T20:05:01Z
2,2025020164,55,SEA,8,MTL,PUCK_LINE,-235.0,186.0,FanDuel,2025-10-29T02:30:00Z,2025-10-28T20:05:01Z
2,2025020164,55,SEA,8,MTL,OVER_UNDER,102.0,-124.0,FanDuel,2025-10-29T02:30:00Z,2025-10-28T20:05:01Z
2,2025020164,55,SEA,8,MTL,MONEY_LINE_3_WAY,170.0,120.0,FanDuel,2025-10-29T02:30:00Z,2025-10-28T20:05:01Z
2,2025020164,55,SEA,8,MTL,MONEY_LINE_2_WAY,105.0,-126.0,FanDuel,2025-10-29T02:30:00Z,2025-10-28T20:05:01Z
2,2025020165,28,SJS,26,LAK,PUCK_LINE,-144.0,118.0,FanDuel,2025-10-29T03:00:00Z,2025-10-28T20:05:01Z
2,2025020165,28,SJS,26,LAK,OVER_UNDER,114.0,-140.0,FanDuel,2025-10-29T03:00:00Z,2025-10-28T20:05:01Z
2,2025020165,28,SJS,26,LAK,MONEY_LINE_3_WAY,260.0,-140.0,FanDuel,2025-10-29T03:00:00Z,2025-10-28T20:05:01Z
2,2025020165,28,SJS,26,LAK,MONEY_LINE_2_WAY,172.0,-210.0,FanDuel,2025-10-29T03:00:00Z,2025-10-28T20:05:01Z
2,2025020166,29,CBJ,10,TOR,PUCK_LINE,198.0,-250.0,FanDuel,2025-10-29T23:30:00Z,2025-10-29T20:05:01Z
2,2025020166,29,CBJ,10,TOR,OVER_UNDER,104.0,-128.0,FanDuel,2025-10-29T23:30:00Z,2025-10-29T20:05:01Z
2,2025020166,29,CBJ,10,TOR,MONEY_LINE_3_WAY,130.0,145.0,FanDuel,2025-10-29T23:30:00Z,2025-10-29T20:05:01Z
2,2025020166,29,CBJ,10,TOR,MONEY_LINE_2_WAY,-118.0,-102.0,FanDuel,2025-10-29T23:30:00Z,2025-10-29T20:05:01Z
2,2025020167,6,BOS,7,BUF,PUCK_LINE,-250.0,198.0,FanDuel,2025-10-30T23:00:00Z,2025-10-30T20:05:00Z
2,2025020167,6,BOS,7,BUF,OVER_UNDER,-118.0,-104.0,FanDuel,2025-10-30T23:00:00Z,2025-10-30T20:05:00Z
2,2025020167,6,BOS,7,BUF,MONEY_LINE_3_WAY,330.0,330.0,FanDuel,2025-10-30T23:00:00Z,2025-10-30T20:05:00Z
2,2025020167,6,BOS,7,BUF,MONEY_LINE_2_WAY,100.0,-120.0,FanDuel,2025-10-30T23:00:00Z,2025-10-30T20:05:00Z
2,2025020168,9,OTT,20,CGY,PUCK_LINE,138.0,-170.0,FanDuel,2025-10-30T23:00:00Z,2025-10-30T20:05:00Z
2,2025020168,9,OTT,20,CGY,OVER_UNDER,-134.0,110.0,FanDuel,2025-10-30T23:00:00Z,2025-10-30T20:05:00Z
2,2025020168,9,OTT,20,CGY,MONEY_LINE_3_WAY,-110.0,220.0,FanDuel,2025-10-30T23:00:00Z,2025-10-30T20:05:00Z
2,2025020168,9,OTT,20,CGY,MONEY_LINE_2_WAY,-176.0,146.0,FanDuel,2025-10-30T23:00:00Z,2025-10-30T20:05:00Z
2,2025020169,14,TBL,25,DAL,PUCK_LINE,168.0,-210.0,FanDuel,2025-10-30T23:00:00Z,2025-10-30T20:05:00Z
2,2025020169,14,TBL,25,DAL,OVER_UNDER,112.0,-140.0,FanDuel,2025-10-30T23:00:00Z,2025-10-30T20:05:00Z
2,2025020169,14,TBL,25,DAL,MONEY_LINE_3_WAY,105.0,190.0,FanDuel,2025-10-30T23:00:00Z,2025-10-30T20:05:00Z
2,2025020169,14,TBL,25,DAL,MONEY_LINE_2_WAY,-150.0,125.0,FanDuel,2025-10-30T23:00:00Z,2025-10-30T20:05:00Z
2,2025020170,4,PHI,18,NSH,PUCK_LINE,168.0,-210.0,FanDuel,2025-10-30T23:00:00Z,2025-10-30T20:05:00Z
2,2025020170,4,PHI,18,NSH,OVER_UNDER,-104.0,-118.0,FanDuel,2025-10-30T23:00:00Z,2025-10-30T20:05:00Z
2,2025020170,4,PHI,18,NSH,MONEY_LINE_3_WAY,100.0,195.0,FanDuel,2025-10-30T23:00:00Z,2025-10-30T20:05:00Z
2,2025020170,4,PHI,18,NSH,MONEY_LINE_2_WAY,-152.0,126.0,FanDuel,2025-10-30T23:00:00Z,2025-10-30T20:05:00Z
2,2025020171,12,CAR,2,NYI,PUCK_LINE,112.0,-138.0,FanDuel,2025-10-30T23:30:00Z,2025-10-30T20:05:00Z
2,2025020171,12,CAR,2,NYI,OVER_UNDER,-114.0,-106.0,FanDuel,2025-10-30T23:30:00Z,2025-10-30T20:05:00Z
2,2025020171,12,CAR,2,NYI,MONEY_LINE_3_WAY,-140.0,260.0,FanDuel,2025-10-30T23:30:00Z,2025-10-30T20:05:00Z
2,2025020171,12,CAR,2,NYI,MONEY_LINE_2_WAY,-220.0,180.0,FanDuel,2025-10-30T23:30:00Z,2025-10-30T20:05:00Z
2,2025020172,19,STL,23,VAN,PUCK_LINE,158.0,-196.0,FanDuel,2025-10-31T00:00:00Z,2025-10-30T20:05:00Z
2,2025020172,19,STL,23,VAN,OVER_UNDER,108.0,-132.0,FanDuel,2025-10-31T00:00:00Z,2025-10-30T20:05:00Z
2,2025020172,19,STL,23,VAN,MONEY_LINE_3_WAY,100.0,200.0,FanDuel,2025-10-31T00:00:00Z,2025-10-30T20:05:00Z
2,2025020172,19,STL,23,VAN,MONEY_LINE_2_WAY,-160.0,132.0,FanDuel,2025-10-31T00:00:00Z,2025-10-30T20:05:00Z
2,2025020173,30,MIN,5,PIT,PUCK_LINE,140.0,-172.0,FanDuel,2025-10-31T00:00:00Z,2025-10-30T20:05:00Z
2,2025020173,30,MIN,5,PIT,OVER_UNDER,-124.0,102.0,FanDuel,2025-10-31T00:00:00Z,2025-10-30T20:05:00Z
2,2025020173,30,MIN,5,PIT,MONEY_LINE_3_WAY,340.0,340.0,FanDuel,2025-10-31T00:00:00Z,2025-10-30T20:05:00Z
2,2025020173,30,MIN,5,PIT,MONEY_LINE_2_WAY,-170.0,140.0,FanDuel,2025-10-31T00:00:00Z,2025-10-30T20:05:00Z
2,2025020174,52,WPG,16,CHI,PUCK_LINE,118.0,-144.0,FanDuel,2025-10-31T00:00:00Z,2025-10-30T20:05:00Z
2,2025020174,52,WPG,16,CHI,OVER_UNDER,106.0,-130.0,FanDuel,2025-10-31T00:00:00Z,2025-10-30T20:05:00Z
2,2025020174,52,WPG,16,CHI,MONEY_LINE_3_WAY,-150.0,280.0,FanDuel,2025-10-31T00:00:00Z,2025-10-30T20:05:00Z
2,2025020174,52,WPG,16,CHI,MONEY_LINE_2_WAY,-225.0,184.0,FanDuel,2025-10-31T00:00:00Z,2025-10-30T20:05:00Z
2,2025020175,22,EDM,3,NYR,PUCK_LINE,152.0,-188.0,FanDuel,2025-10-31T01:00:00Z,2025-10-30T20:05:00Z
2,2025020175,22,EDM,3,NYR,OVER_UNDER,100.0,-122.0,FanDuel,2025-10-31T01:00:00Z,2025-10-30T20:05:00Z
2,2025020175,22,EDM,3,NYR,MONEY_LINE_3_WAY,100.0,200.0,FanDuel,2025-10-31T01:00:00Z,2025-10-30T20:05:00Z
2,2025020175,22,EDM,3,NYR,MONEY_LINE_2_WAY,-160.0,132.0,FanDuel,2025-10-31T01:00:00Z,2025-10-30T20:05:00Z
2,2025020176,28,SJS,1,NJD,PUCK_LINE,-140.0,114.0,FanDuel,2025-10-31T02:00:00Z,2025-10-30T20:05:00Z
2,2025020176,28,SJS,1,NJD,OVER_UNDER,-105.0,-115.0,FanDuel,2025-10-31T02:00:00Z,2025-10-30T20:05:00Z
2,2025020176,28,SJS,1,NJD,MONEY_LINE_3_WAY,260.0,-140.0,FanDuel,2025-10-31T02:00:00Z,2025-10-30T20:05:00Z
2,2025020176,28,SJS,1,NJD,MONEY_LINE_2_WAY,172.0,-210.0,FanDuel,2025-10-31T02:00:00Z,2025-10-30T20:05:00Z
2,2025020177,26,LAK,17,DET,PUCK_LINE,164.0,-205.0,FanDuel,2025-10-31T02:30:00Z,2025-10-30T20:05:00Z
2,2025020177,26,LAK,17,DET,OVER_UNDER,108.0,-130.0,FanDuel,2025-10-31T02:30:00Z,2025-10-30T20:05:00Z
2,2025020177,26,LAK,17,DET,MONEY_LINE_3_WAY,105.0,185.0,FanDuel,2025-10-31T02:30:00Z,2025-10-30T20:05:00Z
2,2025020177,26,LAK,17,DET,MONEY_LINE_2_WAY,-146.0,122.0,FanDuel,2025-10-31T02:30:00Z,2025-10-30T20:05:00Z
2,2025020178,54,VGK,21,COL,PUCK_LINE,-210.0,168.0,FanDuel,2025-10-31T20:00:00Z,2025-10-31T20:05:00Z
2,2025020178,54,VGK,21,COL,OVER_UNDER,-110.0,-110.0,FanDuel,2025-10-31T20:00:00Z,2025-10-31T20:05:00Z
2,2025020178,54,VGK,21,COL,MONEY_LINE_3_WAY,175.0,110.0,FanDuel,2025-10-31T20:00:00Z,2025-10-31T20:05:00Z
2,2025020178,54,VGK,21,COL,MONEY_LINE_2_WAY,114.0,-137.0,FanDuel,2025-10-31T20:00:00Z,2025-10-31T20:05:00Z
2,2025020179,15,WSH,2,NYI,PUCK_LINE,112.0,-138.0,FanDuel,2025-10-31T23:00:00Z,2025-10-31T20:05:00Z
2,2025020179,15,WSH,2,NYI,OVER_UNDER,-134.0,110.0,FanDuel,2025-10-31T23:00:00Z,2025-10-31T20:05:00Z
2,2025020179,15,WSH,2,NYI,MONEY_LINE_3_WAY,370.0,370.0,FanDuel,2025-10-31T23:00:00Z,2025-10-31T20:05:00Z
2,2025020179,15,WSH,2,NYI,MONEY_LINE_2_WAY,-225.0,184.0,FanDuel,2025-10-31T23:00:00Z,2025-10-31T20:05:00Z
2,2025020180,24,ANA,17,DET,PUCK_LINE,210.0,-265.0,FanDuel,2025-11-01T02:00:00Z,2025-10-31T20:05:00Z
2,2025020180,24,ANA,17,DET,OVER_UNDER,-118.0,-104.0,FanDuel,2025-11-01T02:00:00Z,2025-10-31T20:05:00Z
2,2025020180,24,ANA,17,DET,MONEY_LINE_3_WAY,330.0,330.0,FanDuel,2025-11-01T02:00:00Z,2025-10-31T20:05:00Z
2,2025020180,24,ANA,17,DET,MONEY_LINE_2_WAY,-115.0,-104.0,FanDuel,2025-11-01T02:00:00Z,2025-10-31T20:05:00Z
2,2025020181,6,BOS,12,CAR,PUCK_LINE,112.0,-146.0,FanDuel,2025-11-01T17:00:00Z,2025-11-01T20:05:00Z
2,2025020181,6,BOS,12,CAR,OVER_UNDER,148.0,-196.0,FanDuel,2025-11-01T17:00:00Z,2025-11-01T20:05:00Z
2,2025020181,6,BOS,12,CAR,MONEY_LINE_3_WAY,440.0,440.0,FanDuel,2025-11-01T17:00:00Z,2025-11-01T20:05:00Z
2,2025020181,6,BOS,12,CAR,MONEY_LINE_2_WAY,-1600.0,750.0,FanDuel,2025-11-01T17:00:00Z,2025-11-01T20:05:00Z
2,2025020182,52,WPG,5,PIT,PUCK_LINE,108.0,-140.0,FanDuel,2025-11-01T19:00:00Z,2025-11-01T20:05:00Z
2,2025020182,52,WPG,5,PIT,OVER_UNDER,126.0,-165.0,FanDuel,2025-11-01T19:00:00Z,2025-11-01T20:05:00Z
2,2025020182,52,WPG,5,PIT,MONEY_LINE_3_WAY,-2000.0,2500.0,FanDuel,2025-11-01T19:00:00Z,2025-11-01T20:05:00Z
2,2025020182,52,WPG,5,PIT,MONEY_LINE_2_WAY,-4000.0,1200.0,FanDuel,2025-11-01T19:00:00Z,2025-11-01T20:05:00Z
2,2025020183,18,NSH,20,CGY,PUCK_LINE,104.0,-135.0,FanDuel,2025-11-01T19:30:00Z,2025-11-01T20:05:00Z
2,2025020183,18,NSH,20,CGY,OVER_UNDER,112.0,-146.0,FanDuel,2025-11-01T19:30:00Z,2025-11-01T20:05:00Z
2,2025020183,18,NSH,20,CGY,MONEY_LINE_3_WAY,500.0,500.0,FanDuel,2025-11-01T19:30:00Z,2025-11-01T20:05:00Z
2,2025020183,18,NSH,20,CGY,MONEY_LINE_2_WAY,-590.0,390.0,FanDuel,2025-11-01T19:30:00Z,2025-11-01T20:05:00Z
2,2025020184,28,SJS,21,COL,PUCK_LINE,-112.0,-108.0,FanDuel,2025-11-01T20:00:00Z,2025-11-01T20:05:00Z
2,2025020184,28,SJS,21,COL,OVER_UNDER,106.0,-130.0,FanDuel,2025-11-01T20:00:00Z,2025-11-01T20:05:00Z
2,2025020184,28,SJS,21,COL,MONEY_LINE_3_WAY,320.0,-170.0,FanDuel,2025-11-01T20:00:00Z,2025-11-01T20:05:00Z
2,2025020184,28,SJS,21,COL,MONEY_LINE_2_WAY,215.0,-265.0,FanDuel,2025-11-01T20:00:00Z,2025-11-01T20:05:00Z
2,2025020185,13,FLA,25,DAL,PUCK_LINE,172.0,-215.0,FanDuel,2025-11-01T22:00:00Z,2025-11-01T20:05:00Z
2,2025020185,13,FLA,25,DAL,OVER_UNDER,-110.0,-110.0,FanDuel,2025-11-01T22:00:00Z,2025-11-01T20:05:00Z
2,2025020185,13,FLA,25,DAL,MONEY_LINE_3_WAY,320.0,320.0,FanDuel,2025-11-01T22:00:00Z,2025-11-01T20:05:00Z
2,2025020185,13,FLA,25,DAL,MONEY_LINE_2_WAY,-138.0,115.0,FanDuel,2025-11-01T22:00:00Z,2025-11-01T20:05:00Z
2,2025020186,7,BUF,15,WSH,PUCK_LINE,198.0,-250.0,FanDuel,2025-11-01T23:00:00Z,2025-11-01T20:05:00Z
2,2025020186,7,BUF,15,WSH,OVER_UNDER,-118.0,-104.0,FanDuel,2025-11-01T23:00:00Z,2025-11-01T20:05:00Z
2,2025020186,7,BUF,15,WSH,MONEY_LINE_3_WAY,340.0,340.0,FanDuel,2025-11-01T23:00:00Z,2025-11-01T20:05:00Z
2,2025020186,7,BUF,15,WSH,MONEY_LINE_2_WAY,-118.0,-102.0,FanDuel,2025-11-01T23:00:00Z,2025-11-01T20:05:00Z
2,2025020187,8,MTL,9,OTT,PUCK_LINE,205.0,-260.0,FanDuel,2025-11-01T23:00:00Z,2025-11-01T20:05:00Z
2,2025020187,8,MTL,9,OTT,OVER_UNDER,-122.0,100.0,FanDuel,2025-11-01T23:00:00Z,2025-11-01T20:05:00Z
2,2025020187,8,MTL,9,OTT,MONEY_LINE_3_WAY,130.0,150.0,FanDuel,2025-11-01T23:00:00Z,2025-11-01T20:05:00Z
2,2025020187,8,MTL,9,OTT,MONEY_LINE_2_WAY,-118.0,-102.0,FanDuel,2025-11-01T23:00:00Z,2025-11-01T20:05:00Z
2,2025020188,4,PHI,10,TOR,PUCK_LINE,-265.0,210.0,FanDuel,2025-11-01T23:00:00Z,2025-11-01T20:05:00Z
2,2025020188,4,PHI,10,TOR,OVER_UNDER,-104.0,-118.0,FanDuel,2025-11-01T23:00:00Z,2025-11-01T20:05:00Z
2,2025020188,4,PHI,10,TOR,MONEY_LINE_3_WAY,320.0,320.0,FanDuel,2025-11-01T23:00:00Z,2025-11-01T20:05:00Z
2,2025020188,4,PHI,10,TOR,MONEY_LINE_2_WAY,-102.0,-118.0,FanDuel,2025-11-01T23:00:00Z,2025-11-01T20:05:00Z
2,2025020189,29,CBJ,19,STL,PUCK_LINE,154.0,-192.0,FanDuel,2025-11-01T23:00:00Z,2025-11-01T20:05:00Z
2,2025020189,29,CBJ,19,STL,OVER_UNDER,-118.0,-104.0,FanDuel,2025-11-01T23:00:00Z,2025-11-01T20:05:00Z
2,2025020189,29,CBJ,19,STL,MONEY_LINE_3_WAY,100.0,185.0,FanDuel,2025-11-01T23:00:00Z,2025-11-01T20:05:00Z
2,2025020189,29,CBJ,19,STL,MONEY_LINE_2_WAY,-152.0,126.0,FanDuel,2025-11-01T23:00:00Z,2025-11-01T20:05:00Z
2,2025020190,30,MIN,23,VAN,PUCK_LINE,158.0,-196.0,FanDuel,2025-11-01T23:00:00Z,2025-11-01T20:05:00Z
2,2025020190,30,MIN,23,VAN,OVER_UNDER,102.0,-124.0,FanDuel,2025-11-01T23:00:00Z,2025-11-01T20:05:00Z
2,2025020190,30,MIN,23,VAN,MONEY_LINE_3_WAY,100.0,200.0,FanDuel,2025-11-01T23:00:00Z,2025-11-01T20:05:00Z
2,2025020190,30,MIN,23,VAN,MONEY_LINE_2_WAY,-160.0,132.0,FanDuel,2025-11-01T23:00:00Z,2025-11-01T20:05:00Z
2,2025020191,26,LAK,1,NJD,PUCK_LINE,198.0,-250.0,FanDuel,2025-11-02T01:00:00Z,2025-11-01T20:05:00Z
2,2025020191,26,LAK,1,NJD,OVER_UNDER,114.0,-140.0,FanDuel,2025-11-02T01:00:00Z,2025-11-01T20:05:00Z
2,2025020191,26,LAK,1,NJD,MONEY_LINE_3_WAY,130.0,150.0,FanDuel,2025-11-02T01:00:00Z,2025-11-01T20:05:00Z
2,2025020191,26,LAK,1,NJD,MONEY_LINE_2_WAY,-118.0,-102.0,FanDuel,2025-11-02T01:00:00Z,2025-11-01T20:05:00Z
2,2025020192,22,EDM,16,CHI,PUCK_LINE,-118.0,-104.0,FanDuel,2025-11-02T02:00:00Z,2025-11-01T20:05:00Z
2,2025020192,22,EDM,16,CHI,OVER_UNDER,-122.0,100.0,FanDuel,2025-11-02T02:00:00Z,2025-11-01T20:05:00Z
2,2025020192,22,EDM,16,CHI,MONEY_LINE_3_WAY,420.0,420.0,FanDuel,2025-11-02T02:00:00Z,2025-11-01T20:05:00Z
2,2025020192,22,EDM,16,CHI,MONEY_LINE_2_WAY,-300.0,240.0,FanDuel,2025-11-02T02:00:00Z,2025-11-01T20:05:00Z
2,2025020193,55,SEA,3,NYR,PUCK_LINE,-225.0,184.0,FanDuel,2025-11-02T02:00:00Z,2025-11-01T20:05:00Z
2,2025020193,55,SEA,3,NYR,OVER_UNDER,-120.0,-102.0,FanDuel,2025-11-02T02:00:00Z,2025-11-01T20:05:00Z
2,2025020193,55,SEA,3,NYR,MONEY_LINE_3_WAY,320.0,320.0,FanDuel,2025-11-02T02:00:00Z,2025-11-01T20:05:00Z
2,2025020193,55,SEA,3,NYR,MONEY_LINE_2_WAY,116.0,-140.0,FanDuel,2025-11-02T02:00:00Z,2025-11-01T20:05:00Z
2,2025020194,68,UTA,14,TBL,PUCK_LINE,198.0,-250.0,FanDuel,2025-11-02T20:30:00Z,2025-11-02T20:05:00Z
2,2025020194,68,UTA,14,TBL,OVER_UNDER,-122.0,100.0,FanDuel,2025-11-02T20:30:00Z,2025-11-02T20:05:00Z
2,2025020194,68,UTA,14,TBL,MONEY_LINE_3_WAY,130.0,145.0,FanDuel,2025-11-02T20:30:00Z,2025-11-02T20:05:00Z
2,2025020194,68,UTA,14,TBL,MONEY_LINE_2_WAY,-114.0,-105.0,FanDuel,2025-11-02T20:30:00Z,2025-11-02T20:05:00Z
2,2025020195,2,NYI,29,CBJ,PUCK_LINE,164.0,-205.0,FanDuel,2025-11-02T22:00:00Z,2025-11-02T20:05:00Z
2,2025020195,2,NYI,29,CBJ,OVER_UNDER,104.0,-128.0,FanDuel,2025-11-02T22:00:00Z,2025-11-02T20:05:00Z
2,2025020195,2,NYI,29,CBJ,MONEY_LINE_3_WAY,105.0,175.0,FanDuel,2025-11-02T22:00:00Z,2025-11-02T20:05:00Z
2,2025020195,2,NYI,29,CBJ,MONEY_LINE_2_WAY,-138.0,115.0,FanDuel,2025-11-02T22:00:00Z,2025-11-02T20:05:00Z
2,2025020196,4,PHI,20,CGY,PUCK_LINE,180.0,-225.0,FanDuel,2025-11-03T00:00:00Z,2025-11-02T20:05:00Z
2,2025020196,4,PHI,20,CGY,OVER_UNDER,100.0,-122.0,FanDuel,2025-11-03T00:00:00Z,2025-11-02T20:05:00Z
2,2025020196,4,PHI,20,CGY,MONEY_LINE_3_WAY,115.0,180.0,FanDuel,2025-11-03T00:00:00Z,2025-11-02T20:05:00Z
2,2025020196,4,PHI,20,CGY,MONEY_LINE_2_WAY,-137.0,114.0,FanDuel,2025-11-03T00:00:00Z,2025-11-02T20:05:00Z
2,2025020197,24,ANA,1,NJD,PUCK_LINE,-240.0,190.0,FanDuel,2025-11-03T01:00:00Z,2025-11-02T20:05:00Z
2,2025020197,24,ANA,1,NJD,OVER_UNDER,-110.0,-110.0,FanDuel,2025-11-03T01:00:00Z,2025-11-02T20:05:00Z
2,2025020197,24,ANA,1,NJD,MONEY_LINE_3_WAY,155.0,125.0,FanDuel,2025-11-03T01:00:00Z,2025-11-02T20:05:00Z
2,2025020197,24,ANA,1,NJD,MONEY_LINE_2_WAY,104.0,-125.0,FanDuel,2025-11-03T01:00:00Z,2025-11-02T20:05:00Z
2,2025020198,28,SJS,17,DET,PUCK_LINE,-164.0,134.0,FanDuel,2025-11-03T01:00:00Z,2025-11-02T20:05:00Z
2,2025020198,28,SJS,17,DET,OVER_UNDER,-108.0,-112.0,FanDuel,2025-11-03T01:00:00Z,2025-11-02T20:05:00Z
2,2025020198,28,SJS,17,DET,MONEY_LINE_3_WAY,220.0,-125.0,FanDuel,2025-11-03T01:00:00Z,2025-11-02T20:05:00Z
2,2025020198,28,SJS,17,DET,MONEY_LINE_2_WAY,146.0,-178.0,FanDuel,2025-11-03T01:00:00Z,2025-11-02T20:05:00Z
2,2025020199,10,TOR,5,PIT,PUCK_LINE,128.0,-158.0,FanDuel,2025-11-04T00:30:00Z,2025-11-03T20:05:00Z
2,2025020199,10,TOR,5,PIT,OVER_UNDER,-106.0,-114.0,FanDuel,2025-11-04T00:30:00Z,2025-11-03T20:05:00Z
2,2025020199,10,TOR,5,PIT,MONEY_LINE_3_WAY,370.0,370.0,FanDuel,2025-11-04T00:30:00Z,2025-11-03T20:05:00Z
2,2025020199,10,TOR,5,PIT,MONEY_LINE_2_WAY,-188.0,155.0,FanDuel,2025-11-04T00:30:00Z,2025-11-03T20:05:00Z
2,2025020200,19,STL,22,EDM,PUCK_LINE,-225.0,176.0,FanDuel,2025-11-04T01:30:00Z,2025-11-03T20:05:00Z
2,2025020200,19,STL,22,EDM,OVER_UNDER,-130.0,106.0,FanDuel,2025-11-04T01:30:00Z,2025-11-03T20:05:00Z
2,2025020200,19,STL,22,EDM,MONEY_LINE_3_WAY,170.0,115.0,FanDuel,2025-11-04T01:30:00Z,2025-11-03T20:05:00Z
2,2025020200,19,STL,22,EDM,MONEY_LINE_2_WAY,112.0,-134.0,FanDuel,2025-11-04T01:30:00Z,2025-11-03T20:05:00Z
2,2025020201,18,NSH,23,VAN,PUCK_LINE,225.0,-290.0,FanDuel,2025-11-04T01:30:00Z,2025-11-03T20:05:00Z
2,2025020201,18,NSH,23,VAN,OVER_UNDER,-105.0,-115.0,FanDuel,2025-11-04T01:30:00Z,2025-11-03T20:05:00Z
2,2025020201,18,NSH,23,VAN,MONEY_LINE_3_WAY,145.0,145.0,FanDuel,2025-11-04T01:30:00Z,2025-11-03T20:05:00Z
2,2025020201,18,NSH,23,VAN,MONEY_LINE_2_WAY,-110.0,-110.0,FanDuel,2025-11-04T01:30:00Z,2025-11-03T20:05:00Z
2,2025020202,55,SEA,16,CHI,PUCK_LINE,148.0,-188.0,FanDuel,2025-11-04T03:00:00Z,2025-11-03T20:05:00Z
2,2025020202,55,SEA,16,CHI,OVER_UNDER,-140.0,114.0,FanDuel,2025-11-04T03:00:00Z,2025-11-03T20:05:00Z
2,2025020202,55,SEA,16,CHI,MONEY_LINE_3_WAY,-105.0,200.0,FanDuel,2025-11-04T03:00:00Z,2025-11-03T20:05:00Z
2,2025020202,55,SEA,16,CHI,MONEY_LINE_2_WAY,-160.0,132.0,FanDuel,2025-11-04T03:00:00Z,2025-11-03T20:05:00Z
2,2025020203,7,BUF,68,UTA,PUCK_LINE,-215.0,172.0,FanDuel,2025-11-05T00:00:00Z,2025-11-04T20:05:00Z
2,2025020203,7,BUF,68,UTA,OVER_UNDER,-128.0,104.0,FanDuel,2025-11-05T00:00:00Z,2025-11-04T20:05:00Z
2,2025020203,7,BUF,68,UTA,MONEY_LINE_3_WAY,175.0,105.0,FanDuel,2025-11-05T00:00:00Z,2025-11-04T20:05:00Z
2,2025020203,7,BUF,68,UTA,MONEY_LINE_2_WAY,116.0,-140.0,FanDuel,2025-11-05T00:00:00Z,2025-11-04T20:05:00Z
2,2025020204,8,MTL,4,PHI,PUCK_LINE,156.0,-194.0,FanDuel,2025-11-05T00:00:00Z,2025-11-04T20:05:00Z
2,2025020204,8,MTL,4,PHI,OVER_UNDER,100.0,-122.0,FanDuel,2025-11-05T00:00:00Z,2025-11-04T20:05:00Z
2,2025020204,8,MTL,4,PHI,MONEY_LINE_3_WAY,320.0,320.0,FanDuel,2025-11-05T00:00:00Z,2025-11-04T20:05:00Z
2,2025020204,8,MTL,4,PHI,MONEY_LINE_2_WAY,-156.0,130.0,FanDuel,2025-11-05T00:00:00Z,2025-11-04T20:05:00Z
2,2025020205,2,NYI,6,BOS,PUCK_LINE,152.0,-188.0,FanDuel,2025-11-05T00:00:00Z,2025-11-04T20:05:00Z
2,2025020205,2,NYI,6,BOS,OVER_UNDER,-128.0,104.0,FanDuel,2025-11-05T00:00:00Z,2025-11-04T20:05:00Z
2,2025020205,2,NYI,6,BOS,MONEY_LINE_3_WAY,-105.0,200.0,FanDuel,2025-11-05T00:00:00Z,2025-11-04T20:05:00Z
2,2025020205,2,NYI,6,BOS,MONEY_LINE_2_WAY,-162.0,134.0,FanDuel,2025-11-05T00:00:00Z,2025-11-04T20:05:00Z
2,2025020206,3,NYR,12,CAR,PUCK_LINE,-260.0,205.0,FanDuel,2025-11-05T00:00:00Z,2025-11-04T20:05:00Z
2,2025020206,3,NYR,12,CAR,OVER_UNDER,102.0,-124.0,FanDuel,2025-11-05T00:00:00Z,2025-11-04T20:05:00Z
2,2025020206,3,NYR,12,CAR,MONEY_LINE_3_WAY,320.0,320.0,FanDuel,2025-11-05T00:00:00Z,2025-11-04T20:05:00Z
2,2025020206,3,NYR,12,CAR,MONEY_LINE_2_WAY,-102.0,-118.0,FanDuel,2025-11-05T00:00:00Z,2025-11-04T20:05:00Z
2,2025020207,25,DAL,22,EDM,PUCK_LINE,194.0,-245.0,FanDuel,2025-11-05T01:00:00Z,2025-11-04T20:05:00Z
2,2025020207,25,DAL,22,EDM,OVER_UNDER,114.0,-140.0,FanDuel,2025-11-05T01:00:00Z,2025-11-04T20:05:00Z
2,2025020207,25,DAL,22,EDM,MONEY_LINE_3_WAY,330.0,330.0,FanDuel,2025-11-05T01:00:00Z,2025-11-04T20:05:00Z
2,2025020207,25,DAL,22,EDM,MONEY_LINE_2_WAY,-126.0,105.0,FanDuel,2025-11-05T01:00:00Z,2025-11-04T20:05:00Z
2,2025020208,30,MIN,18,NSH,PUCK_LINE,108.0,-132.0,FanDuel,2025-11-05T01:00:00Z,2025-11-04T20:05:00Z
2,2025020208,30,MIN,18,NSH,OVER_UNDER,-122.0,100.0,FanDuel,2025-11-05T01:00:00Z,2025-11-04T20:05:00Z
2,2025020208,30,MIN,18,NSH,MONEY_LINE_3_WAY,370.0,370.0,FanDuel,2025-11-05T01:00:00Z,2025-11-04T20:05:00Z
2,2025020208,30,MIN,18,NSH,MONEY_LINE_2_WAY,-225.0,184.0,FanDuel,2025-11-05T01:00:00Z,2025-11-04T20:05:00Z
2,2025020209,21,COL,14,TBL,PUCK_LINE,160.0,-200.0,FanDuel,2025-11-05T02:30:00Z,2025-11-04T20:05:00Z
2,2025020209,21,COL,14,TBL,OVER_UNDER,-132.0,108.0,FanDuel,2025-11-05T02:30:00Z,2025-11-04T20:05:00Z
2,2025020209,21,COL,14,TBL,MONEY_LINE_3_WAY,350.0,350.0,FanDuel,2025-11-05T02:30:00Z,2025-11-04T20:05:00Z
2,2025020209,21,COL,14,TBL,MONEY_LINE_2_WAY,-150.0,125.0,FanDuel,2025-11-05T02:30:00Z,2025-11-04T20:05:00Z
2,2025020210,54,VGK,17,DET,PUCK_LINE,128.0,-158.0,FanDuel,2025-11-05T03:00:00Z,2025-11-04T20:05:00Z
2,2025020210,54,VGK,17,DET,OVER_UNDER,-132.0,108.0,FanDuel,2025-11-05T03:00:00Z,2025-11-04T20:05:00Z
2,2025020210,54,VGK,17,DET,MONEY_LINE_3_WAY,-130.0,240.0,FanDuel,2025-11-05T03:00:00Z,2025-11-04T20:05:00Z
2,2025020210,54,VGK,17,DET,MONEY_LINE_2_WAY,-194.0,160.0,FanDuel,2025-11-05T03:00:00Z,2025-11-04T20:05:00Z
2,2025020211,24,ANA,13,FLA,PUCK_LINE,-178.0,144.0,FanDuel,2025-11-05T03:00:00Z,2025-11-04T20:05:00Z
2,2025020211,24,ANA,13,FLA,OVER_UNDER,-138.0,112.0,FanDuel,2025-11-05T03:00:00Z,2025-11-04T20:05:00Z
2,2025020211,24,ANA,13,FLA,MONEY_LINE_3_WAY,360.0,360.0,FanDuel,2025-11-05T03:00:00Z,2025-11-04T20:05:00Z
2,2025020211,24,ANA,13,FLA,MONEY_LINE_2_WAY,136.0,-164.0,FanDuel,2025-11-05T03:00:00Z,2025-11-04T20:05:00Z
2,2025020212,26,LAK,52,WPG,PUCK_LINE,198.0,-250.0,FanDuel,2025-11-05T03:30:00Z,2025-11-04T20:05:00Z
2,2025020212,26,LAK,52,WPG,OVER_UNDER,-102.0,-120.0,FanDuel,2025-11-05T03:30:00Z,2025-11-04T20:05:00Z
2,2025020212,26,LAK,52,WPG,MONEY_LINE_3_WAY,330.0,330.0,FanDuel,2025-11-05T03:30:00Z,2025-11-04T20:05:00Z
2,2025020212,26,LAK,52,WPG,MONEY_LINE_2_WAY,-125.0,104.0,FanDuel,2025-11-05T03:30:00Z,2025-11-04T20:05:00Z
2,2025020213,10,TOR,68,UTA,PUCK_LINE,156.0,-194.0,FanDuel,2025-11-06T00:00:00Z,2025-11-05T20:05:00Z
2,2025020213,10,TOR,68,UTA,OVER_UNDER,-112.0,-108.0,FanDuel,2025-11-06T00:00:00Z,2025-11-05T20:05:00Z
2,2025020213,10,TOR,68,UTA,MONEY_LINE_3_WAY,100.0,190.0,FanDuel,2025-11-06T00:00:00Z,2025-11-05T20:05:00Z
2,2025020213,10,TOR,68,UTA,MONEY_LINE_2_WAY,-154.0,128.0,FanDuel,2025-11-06T00:00:00Z,2025-11-05T20:05:00Z
2,2025020214,15,WSH,19,STL,PUCK_LINE,164.0,-205.0,FanDuel,2025-11-06T00:30:00Z,2025-11-05T20:05:00Z
2,2025020214,15,WSH,19,STL,OVER_UNDER,112.0,-138.0,FanDuel,2025-11-06T00:30:00Z,2025-11-05T20:05:00Z
2,2025020214,15,WSH,19,STL,MONEY_LINE_3_WAY,340.0,340.0,FanDuel,2025-11-06T00:30:00Z,2025-11-05T20:05:00Z
2,2025020214,15,WSH,19,STL,MONEY_LINE_2_WAY,-146.0,122.0,FanDuel,2025-11-06T00:30:00Z,2025-11-05T20:05:00Z
2,2025020215,20,CGY,29,CBJ,PUCK_LINE,198.0,-250.0,FanDuel,2025-11-06T02:30:00Z,2025-11-05T20:05:00Z
2,2025020215,20,CGY,29,CBJ,OVER_UNDER,-132.0,108.0,FanDuel,2025-11-06T02:30:00Z,2025-11-05T20:05:00Z
2,2025020215,20,CGY,29,CBJ,MONEY_LINE_3_WAY,130.0,155.0,FanDuel,2025-11-06T02:30:00Z,2025-11-05T20:05:00Z
2,2025020215,20,CGY,29,CBJ,MONEY_LINE_2_WAY,-120.0,100.0,FanDuel,2025-11-06T02:30:00Z,2025-11-05T20:05:00Z
2,2025020216,23,VAN,16,CHI,PUCK_LINE,136.0,-168.0,FanDuel,2025-11-06T03:00:00Z,2025-11-05T20:05:00Z
2,2025020216,23,VAN,16,CHI,OVER_UNDER,-138.0,112.0,FanDuel,2025-11-06T03:00:00Z,2025-11-05T20:05:00Z
2,2025020216,23,VAN,16,CHI,MONEY_LINE_3_WAY,-120.0,220.0,FanDuel,2025-11-06T03:00:00Z,2025-11-05T20:05:00Z
2,2025020216,23,VAN,16,CHI,MONEY_LINE_2_WAY,-176.0,146.0,FanDuel,2025-11-06T03:00:00Z,2025-11-05T20:05:00Z
2,2025020217,55,SEA,28,SJS,PUCK_LINE,140.0,-172.0,FanDuel,2025-11-06T03:00:00Z,2025-11-05T20:05:00Z
2,2025020217,55,SEA,28,SJS,OVER_UNDER,-132.0,108.0,FanDuel,2025-11-06T03:00:00Z,2025-11-05T20:05:00Z
2,2025020217,55,SEA,28,SJS,MONEY_LINE_3_WAY,350.0,350.0,FanDuel,2025-11-06T03:00:00Z,2025-11-05T20:05:00Z
2,2025020217,55,SEA,28,SJS,MONEY_LINE_2_WAY,-172.0,142.0,FanDuel,2025-11-06T03:00:00Z,2025-11-05T20:05:00Z
