id,season,gameType,gameDate,neutralSite,startTimeUTC,easternUTCOffset,venueUTCOffset,venueTimezone,gameState,gameScheduleState,awayTeam.id,awayTeam.commonName.default,awayTeam.placeNameWithPreposition.default,awayTeam.placeNameWithPreposition.fr,awayTeam.abbrev,awayTeam.score,homeTeam.id,homeTeam.commonName.default,homeTeam.placeNameWithPreposition.default,homeTeam.placeNameWithPreposition.fr,homeTeam.abbrev,homeTeam.score,periodDescriptor.number,periodDescriptor.periodType,periodDescriptor.maxRegulationPeriods,gameOutcome.lastPeriodType,winningGoalie.playerId,winningGoalScorer.playerId,condensedGame,condensedGameFr,ticketsLinkFr,awayTeam.commonName.fr,homeTeam.commonName.fr,winningGoalie.lastName.de,winningGoalie.lastName.es,winningGoalie.lastName.sv,specialEvent.parentId,specialEvent.name.default,specialEvent.lightLogoUrl.default,specialEvent.lightLogoUrl.fr,specialEvent.name.fr,tricode_winteam
2026020001,20262027,2,2026-09-29,False,2026-09-29T21:00:00Z,-04:00,-04:00,US/Eastern,OFF,OK,13,Panthers,Florida,de la Floride,FLA,1.0,12,Hurricanes,Carolina,de la Caroline,CAR,0.0,4,OT,3,OT,8474593.0,8478055.0,/video/fla-at-car-condensed-game-6405930872112,,,,,,,Markström,,,,,,FLA
2026020002,20262027,2,2026-09-29,False,2026-09-29T23:00:00Z,-04:00,-04:00,America/Toronto,OFF,OK,8,Canadiens,Montréal,de Montréal,MTL,3.0,10,Maple Leafs,Toronto,de Toronto,TOR,2.0,3,REG,3,REG,8482487.0,8478851.0,/video/mtl-at-tor-condensed-game-6405934025112,/fr/video/match-condense-canadiens-maple-leafs-29-09-2026-6405934913112,,,,,,,,,,,,MTL
2026020003,20262027,2,2026-09-29,False,2026-09-30T00:00:00Z,-04:00,-04:00,US/Eastern,OFF,OK,3,Rangers,New York,de New York,NYR,0.0,6,Bruins,Boston,de Boston,BOS,3.0,3,REG,3,REG,8480280.0,8483489.0,/video/nyr-at-bos-condensed-game-6405935272112,,,,,,,,,,,,,BOS
2026020004,20262027,2,2026-09-29,False,2026-09-30T02:00:00Z,-04:00,-06:00,America/Edmonton,OFF,OK,23,Canucks,Vancouver,de Vancouver,VAN,6.0,22,Oilers,Edmonton,d'Edmonton,EDM,5.0,4,OT,3,OT,8480947.0,8481032.0,/video/van-at-edm-condensed-game-6405941321112,,,,,,,,,,,,,VAN
2026020005,20262027,2,2026-09-29,False,2026-09-30T02:30:00Z,-04:00,-07:00,US/Pacific,OFF,OK,16,Blackhawks,Chicago,de Chicago,CHI,2.0,54,Golden Knights,Vegas,de Vegas,VGK,5.0,3,REG,3,REG,8479394.0,8478403.0,/video/chi-at-vgk-condensed-game-6405943904112,/fr/video/match-condense-blackhawks-golden-knights-29-09-2026-6405943029112,,,,,,,,,,,,VGK
2026020008,20262027,2,2026-09-30,False,2026-09-30T23:30:00Z,-04:00,-04:00,America/Toronto,OFF,OK,2,Islanders,New York,de New York,NYI,1.0,10,Maple Leafs,Toronto,de Toronto,TOR,2.0,3,REG,3,REG,8476932.0,8484158.0,/video/nyi-at-tor-condensed-game-6405994685112,,,,,,,,,,,,,TOR
2026020006,20262027,2,2026-09-30,False,2026-09-30T23:30:00Z,-04:00,-04:00,US/Eastern,OFF,OK,5,Penguins,Pittsburgh,de Pittsburgh,PIT,7.0,4,Flyers,Philadelphia,de Philadelphie,PHI,0.0,3,REG,3,REG,8481668.0,8481582.0,/video/pit-at-phi-condensed-game-6405995354112,,,,,,,,,,,,,PIT
2026020007,20262027,2,2026-09-30,False,2026-10-01T02:00:00Z,-04:00,-06:00,America/Denver,OFF,OK,26,Kings,Los Angeles,de Los Angeles,LAK,4.0,21,Avalanche,Colorado,du Colorado,COL,8.0,3,REG,3,REG,8478406.0,8478462.0,/video/lak-at-col-condensed-game-6406002366112,,,,,,,,,,,,,COL
2026020011,20262027,2,2026-10-01,False,2026-10-01T23:00:00Z,-04:00,-04:00,US/Eastern,OFF,OK,7,Sabres,Buffalo,de Buffalo,BUF,3.0,29,Blue Jackets,Columbus,de Columbus,CBJ,6.0,3,REG,3,REG,8482982.0,8482720.0,/video/buf-at-cbj-condensed-game-6406081779112,,,,,,,,,,,,,CBJ
2026020009,20262027,2,2026-10-01,False,2026-10-01T23:00:00Z,-04:00,-04:00,US/Eastern,OFF,OK,4,Flyers,Philadelphia,de Philadelphie,PHI,2.0,1,Devils,New Jersey,du New Jersey,NJD,3.0,4,OT,3,OT,8474596.0,8481559.0,/video/phi-at-njd-condensed-game-6406080612112,,,,,,,,,,,,,NJD
2026020010,20262027,2,2026-10-01,False,2026-10-01T23:00:00Z,-04:00,-04:00,America/New_York,OFF,OK,14,Lightning,Tampa Bay,de Tampa Bay,TBL,1.0,3,Rangers,New York,de New York,NYR,5.0,3,REG,3,REG,8478048.0,8481604.0,/video/tbl-at-nyr-condensed-game-6406081776112,/fr/video/match-condense-lightning-rangers-01-10-2026-6406082768112,,,,,,,,,,,,NYR
2026020012,20262027,2,2026-10-01,False,2026-10-02T00:00:00Z,-04:00,-05:00,US/Central,OFF,OK,30,Wild,Minnesota,du Minnesota,MIN,3.0,18,Predators,Nashville,de Nashville,NSH,1.0,3,REG,3,REG,8482661.0,8476399.0,/video/min-at-nsh-condensed-game-6406084116112,,,,,,,,,,,,,MIN
2026020014,20262027,2,2026-10-01,False,2026-10-02T01:00:00Z,-04:00,-06:00,America/Edmonton,OFF,OK,55,Kraken,Seattle,de Seattle,SEA,6.0,20,Flames,Calgary,de Calgary,CGY,1.0,3,REG,3,REG,8478916.0,8478407.0,/video/sea-at-cgy-condensed-game-6406087602112,,,,,,,,,,,,,SEA
2026020013,20262027,2,2026-10-01,False,2026-10-02T01:30:00Z,-04:00,-06:00,America/Denver,OFF,OK,16,Blackhawks,Chicago,de Chicago,CHI,0.0,68,Mammoth,Utah,de l'Utah,UTA,6.0,3,REG,3,REG,8478872.0,8482699.0,/video/chi-at-uta-condensed-game-6406090347112,,,,,,,,,,,,,UTA
2026020015,20262027,2,2026-10-01,False,2026-10-02T02:00:00Z,-04:00,-07:00,America/Vancouver,OFF,OK,22,Oilers,Edmonton,d'Edmonton,EDM,9.0,23,Canucks,Vancouver,de Vancouver,VAN,7.0,3,REG,3,REG,8482221.0,8477953.0,/video/edm-at-van-condensed-game-6406092682112,,,,,,,,,,,,,EDM
2026020016,20262027,2,2026-10-01,False,2026-10-02T02:00:00Z,-04:00,-07:00,US/Pacific,OFF,OK,13,Panthers,Florida,de la Floride,FLA,3.0,28,Sharks,San Jose,de San Jose,SJS,4.0,4,OT,3,OT,8482137.0,8484152.0,/video/fla-at-sjs-condensed-game-6406091029112,/fr/video/match-condense-panthers-sharks-01-10-2026-6406090817112,,,,,,,,,,,,SJS
2026020017,20262027,2,2026-10-02,False,2026-10-02T22:30:00Z,-04:00,-04:00,America/Detroit,OFF,OK,3,Rangers,New York,de New York,NYR,2.0,17,Red Wings,Detroit,de Detroit,DET,0.0,3,REG,3,REG,8482193.0,8480434.0,/video/nyr-at-det-condensed-game-6406147517112,,,,,,,,,,,,,NYR
2026020018,20262027,2,2026-10-02,False,2026-10-02T23:00:00Z,-04:00,-04:00,US/Eastern,OFF,OK,15,Capitals,Washington,de Washington,WSH,5.0,12,Hurricanes,Carolina,de la Caroline,CAR,2.0,3,REG,3,REG,8480313.0,8477949.0,/video/wsh-at-car-condensed-game-6406148747112,/fr/video/match-condense-capitals-hurricanes-02-10-2026-6406148671112,,,,,,,,,,,,WSH
2026020019,20262027,2,2026-10-02,False,2026-10-03T00:00:00Z,-04:00,-05:00,America/Winnipeg,OFF,OK,6,Bruins,Boston,de Boston,BOS,4.0,52,Jets,Winnipeg,de Winnipeg,WPG,3.0,4,OT,3,OT,8480280.0,8482175.0,/video/bos-at-wpg-condensed-game-6406150873112,,,,,,,,,,,,,BOS
2026020020,20262027,2,2026-10-02,False,2026-10-03T01:00:00Z,-04:00,-05:00,US/Central,OFF,OK,19,Blues,St. Louis,de St. Louis,STL,4.0,25,Stars,Dallas,de Dallas,DAL,0.0,3,REG,3,REG,8480981.0,8482745.0,/video/stl-at-dal-condensed-game-6406151843112,,,,,,,,,,,,,STL
2026020021,20262027,2,2026-10-02,False,2026-10-03T02:00:00Z,-04:00,-07:00,US/Pacific,OFF,OK,24,Ducks,Anaheim,d'Anaheim,ANA,4.0,54,Golden Knights,Vegas,de Vegas,VGK,3.0,3,REG,3,REG,8480843.0,8484153.0,/video/ana-at-vgk-condensed-game-6406156360112,/fr/video/match-condense-ducks-golden-knights-02-10-2026-6406156535112,,,,,,,,,,,,ANA
