playerId,sweaterNumber,position,goals,assists,points,plusMinus,pim,hits,powerPlayGoals,sog,faceoffWinningPctg,toi,blockedShots,shifts,giveaways,takeaways,name.default,teamid,abbrev,gameid,teamloc,gameDate,seasonIdx,evenStrengthShotsAgainst,powerPlayShotsAgainst,shorthandedShotsAgainst,saveShotsAgainst,savePctg,evenStrengthGoalsAgainst,powerPlayGoalsAgainst,shorthandedGoalsAgainst,goalsAgainst,starter,decision,shotsAgainst,saves,name.cs,name.fi,name.sk,name.sv,name.de,name.es
8480801,8,L,0.0,0.0,0.0,1.0,2,4.0,0.0,1.0,1.0,16:33,0.0,22.0,1.0,0.0,B. Tkachuk,13.0,FLA,2026020001,away,2026-09-29,2,,,,,,,,,,,,,,,,,,,
8477935,9,C,0.0,0.0,0.0,0.0,0,7.0,0.0,1.0,0.5,19:08,0.0,21.0,1.0,0.0,S. Bennett,,,2026020001,away,2026-09-29,2,,,,,,,,,,,,,,,,,,,
8477933,13,C,0.0,0.0,0.0,0.0,0,4.0,0.0,2.0,0.0,20:57,0.0,25.0,1.0,0.0,S. Reinhart,,,2026020001,away,2026-09-29,2,,,,,,,,,,,,,,,,,,,
8478147,14,L,0.0,0.0,0.0,0.0,7,3.0,0.0,0.0,0.0,06:03,0.0,10.0,0.0,0.0,B. Imama,,,2026020001,away,2026-09-29,2,,,,,,,,,,,,,,,,,,,
8482113,15,C,0.0,0.0,0.0,0.0,0,2.0,0.0,3.0,0.5,19:02,1.0,24.0,1.0,0.0,A. Lundell,,,2026020001,away,2026-09-29,2,,,,,,,,,,,,,,,,,,,
8477493,16,C,0.0,0.0,0.0,0.0,0,0.0,0.0,1.0,0.55,20:32,1.0,26.0,0.0,0.0,A. Barkov,,,2026020001,away,2026-09-29,2,,,,,,,,,,,,,,,,,,,
8479314,19,L,0.0,0.0,0.0,0.0,0,1.0,0.0,2.0,0.0,19:01,0.0,21.0,3.0,0.0,M. Tkachuk,,,2026020001,away,2026-09-29,2,,,,,,,,,,,,,,,,,,,
8474189,20,C,0.0,0.0,0.0,0.0,0,1.0,0.0,1.0,0.222222,11:34,1.0,18.0,1.0,0.0,L. Eller,,,2026020001,away,2026-09-29,2,,,,,,,,,,,,,,,,,,,
8477903,21,R,0.0,0.0,0.0,0.0,4,4.0,0.0,0.0,0.0,09:37,0.0,17.0,0.0,1.0,G. Hathaway,,,2026020001,away,2026-09-29,2,,,,,,,,,,,,,,,,,,,
8477409,23,C,0.0,1.0,1.0,1.0,0,0.0,0.0,1.0,0.0,18:58,1.0,22.0,0.0,0.0,C. Verhaeghe,,,2026020001,away,2026-09-29,2,,,,,,,,,,,,,,,,,,,
8480185,27,C,0.0,0.0,0.0,0.0,0,4.0,0.0,1.0,0.0,13:58,0.0,20.0,1.0,0.0,E. Luostarinen,,,2026020001,away,2026-09-29,2,,,,,,,,,,,,,,,,,,,
8483771,95,L,0.0,0.0,0.0,0.0,0,3.0,0.0,0.0,1.0,11:23,3.0,16.0,1.0,0.0,S. Vilmanis,,,2026020001,away,2026-09-29,2,,,,,,,,,,,,,,,,,,,
8477495,3,D,0.0,0.0,0.0,0.0,0,1.0,0.0,1.0,0.0,28:59,0.0,30.0,0.0,1.0,S. Jones,13.0,FLA,2026020001,away,2026-09-29,2,,,,,,,,,,,,,,,,,,,
8477932,5,D,0.0,0.0,0.0,0.0,0,2.0,0.0,0.0,0.0,20:17,0.0,24.0,1.0,0.0,A. Ekblad,,,2026020001,away,2026-09-29,2,,,,,,,,,,,,,,,,,,,
8475462,6,D,0.0,0.0,0.0,0.0,0,3.0,0.0,0.0,0.0,10:45,0.0,19.0,0.0,0.0,R. Gudas,,,2026020001,away,2026-09-29,2,,,,,,,,,,,,,,,,,,,
8475179,7,D,0.0,0.0,0.0,0.0,2,1.0,0.0,0.0,0.0,11:46,2.0,18.0,1.0,1.0,D. Kulikov,,,2026020001,away,2026-09-29,2,,,,,,,,,,,,,,,,,,,
8478055,42,D,1.0,0.0,1.0,1.0,2,3.0,0.0,2.0,0.0,22:40,2.0,28.0,0.0,0.0,G. Forsling,,,2026020001,away,2026-09-29,2,,,,,,,,,,,,,,,,,,,
8478859,77,D,0.0,0.0,0.0,0.0,0,0.0,0.0,4.0,0.0,21:32,2.0,27.0,0.0,0.0,N. Mikkola,,,2026020001,away,2026-09-29,2,,,,,,,,,,,,,,,,,,,
8474593,25,G,,,,,0,,,,,64:55,,,,,J. Markstrom,13.0,FLA,2026020001,away,2026-09-29,2,7/7,7/7,1/1,15/15,1.0,0.0,0.0,0.0,0.0,True,W,15.0,15.0,J. Markström,J. Markström,J. Markström,J. Markström,,
8481033,40,G,,,,,0,,,,,00:00,,,,,A. Schmid,,,2026020001,away,2026-09-29,2,0/0,0/0,0/0,0/0,,0.0,0.0,0.0,0.0,False,,0.0,0.0,,,,,,
8473533,11,C,0.0,0.0,0.0,0.0,0,7.0,0.0,0.0,0.5,17:17,1.0,27.0,0.0,0.0,J. Staal,12.0,CAR,2026020001,home,2026-09-29,2,,,,,,,,,,,,,,,,,,,
8478427,20,C,0.0,0.0,0.0,0.0,4,0.0,0.0,4.0,0.625,20:56,1.0,27.0,1.0,0.0,S. Aho,,,2026020001,home,2026-09-29,2,,,,,,,,,,,,,,,,,,,
8482702,22,C,0.0,0.0,0.0,0.0,0,1.0,0.0,0.0,0.625,19:54,0.0,26.0,1.0,0.0,L. Stankoven,,,2026020001,home,2026-09-29,2,,,,,,,,,,,,,,,,,,,
8477940,27,L,0.0,0.0,0.0,0.0,0,1.0,0.0,2.0,0.0,19:24,1.0,19.0,1.0,0.0,N. Ehlers,,,2026020001,home,2026-09-29,2,,,,,,,,,,,,,,,,,,,
8477478,28,L,0.0,0.0,0.0,0.0,0,2.0,0.0,0.0,0.0,06:46,0.0,10.0,0.0,0.0,W. Carrier,,,2026020001,home,2026-09-29,2,,,,,,,,,,,,,,,,,,,
8480830,37,R,0.0,0.0,0.0,0.0,2,8.0,0.0,2.0,0.0,16:21,1.0,21.0,0.0,0.0,A. Svechnikov,,,2026020001,home,2026-09-29,2,,,,,,,,,,,,,,A. Svečnikov,A. Svetshnikov,A. Svečnikov,,,
8475235,44,L,0.0,0.0,0.0,0.0,5,3.0,0.0,0.0,0.0,05:01,0.0,8.0,0.0,0.0,N. Deslauriers,,,2026020001,home,2026-09-29,2,,,,,,,,,,,,,,,,,,,
8476921,48,L,0.0,0.0,0.0,0.0,0,2.0,0.0,0.0,0.0,13:50,0.0,20.0,2.0,0.0,J. Martinook,,,2026020001,home,2026-09-29,2,,,,,,,,,,,,,,,,,,,
8480762,50,L,0.0,0.0,0.0,0.0,0,5.0,0.0,0.0,0.0,13:00,0.0,19.0,1.0,0.0,E. Robinson,,,2026020001,home,2026-09-29,2,,,,,,,,,,,,,,,,,,,
8482809,53,R,0.0,0.0,0.0,-1.0,0,0.0,0.0,2.0,0.0,21:38,2.0,20.0,3.0,0.0,J. Blake,,,2026020001,home,2026-09-29,2,,,,,,,,,,,,,,,,,,,
8475791,71,L,0.0,0.0,0.0,-1.0,2,3.0,0.0,1.0,0.0,15:27,0.0,21.0,1.0,0.0,T. Hall,,,2026020001,home,2026-09-29,2,,,,,,,,,,,,,,,,,,,
8476873,77,L,0.0,0.0,0.0,0.0,0,0.0,0.0,0.0,0.583333,13:13,1.0,21.0,1.0,0.0,M. Jankowski,,,2026020001,home,2026-09-29,2,,,,,,,,,,,,,,,,,,,
8476906,4,D,0.0,0.0,0.0,0.0,0,1.0,0.0,1.0,0.0,19:09,1.0,19.0,0.0,0.0,S. Gostisbehere,12.0,CAR,2026020001,home,2026-09-29,2,,,,,,,,,,,,,,,,,,,
8478970,5,D,0.0,0.0,0.0,0.0,0,2.0,0.0,0.0,0.0,19:12,1.0,26.0,1.0,2.0,J. Chatfield,,,2026020001,home,2026-09-29,2,,,,,,,,,,,,,,,,,,,
8480817,19,D,0.0,0.0,0.0,-1.0,2,0.0,0.0,0.0,0.0,25:15,3.0,31.0,0.0,1.0,K. Miller,,,2026020001,home,2026-09-29,2,,,,,,,,,,,,,,,,,,,
8480336,26,D,0.0,0.0,0.0,0.0,2,4.0,0.0,1.0,0.0,19:10,3.0,27.0,1.0,1.0,S. Walker,,,2026020001,home,2026-09-29,2,,,,,,,,,,,,,,,,,,,
8484428,62,D,0.0,0.0,0.0,0.0,0,1.0,0.0,1.0,0.0,12:40,1.0,18.0,2.0,0.0,C. Legault,,,2026020001,home,2026-09-29,2,,,,,,,,,,,,,,,,,,,
8476958,74,D,0.0,0.0,0.0,0.0,0,1.0,0.0,1.0,0.0,22:32,3.0,28.0,0.0,0.0,J. Slavin,,,2026020001,home,2026-09-29,2,,,,,,,,,,,,,,,,,,,
8483548,32,G,,,,,0,,,,,64:55,,,,,B. Bussi,12.0,CAR,2026020001,home,2026-09-29,2,13/14,4/4,2/2,19/20,0.95,1.0,0.0,0.0,1.0,True,O,20.0,19.0,,,,,,
8481611,52,G,,,,,0,,,,,00:00,,,,,P. Kochetkov,,,2026020001,home,2026-09-29,2,0/0,0/0,0/0,0/0,,0.0,0.0,0.0,0.0,False,,0.0,0.0,,P. Kotshetkov,,,,
8481540,13,R,0.0,0.0,0.0,-1.0,2,3.0,0.0,3.0,1.0,15:55,0.0,21.0,0.0,0.0,C. Caufield,8.0,MTL,2026020002,away,2026-09-29,2,,,,,,,,,,,,,,,,,,,
8480018,14,C,0.0,0.0,0.0,-1.0,0,2.0,0.0,2.0,0.583333,18:43,1.0,23.0,3.0,1.0,N. Suzuki,,,2026020002,away,2026-09-29,2,,,,,,,,,,,,,,,,,,,
8481618,15,C,0.0,0.0,0.0,0.0,2,3.0,0.0,1.0,0.777778,16:11,1.0,24.0,1.0,0.0,A. Newhook,,,2026020002,away,2026-09-29,2,,,,,,,,,,,,,,,,,,,
8476981,17,R,1.0,1.0,2.0,2.0,0,4.0,0.0,3.0,0.0,12:53,0.0,22.0,1.0,0.0,J. Anderson,,,2026020002,away,2026-09-29,2,,,,,,,,,,,,,,,,,,,
8483515,20,L,0.0,0.0,0.0,0.0,0,0.0,0.0,2.0,0.0,17:53,0.0,20.0,2.0,0.0,J. Slafkovský,,,2026020002,away,2026-09-29,2,,,,,,,,,,,,,,,,,,,
8475184,22,L,0.0,0.0,0.0,0.0,0,3.0,0.0,1.0,0.0,14:21,0.0,20.0,0.0,1.0,C. Kreider,,,2026020002,away,2026-09-29,2,,,,,,,,,,,,,,,,,,,
8476479,24,C,0.0,0.0,0.0,1.0,0,1.0,0.0,0.0,0.5,15:37,0.0,21.0,1.0,0.0,P. Danault,,,2026020002,away,2026-09-29,2,,,,,,,,,,,,,,,,,,,
8478133,71,C,0.0,0.0,0.0,1.0,0,3.0,0.0,1.0,0.588235,14:50,1.0,22.0,0.0,1.0,J. Evans,,,2026020002,away,2026-09-29,2,,,,,,,,,,,,,,,,,,,
8482737,76,R,1.0,0.0,1.0,1.0,0,0.0,0.0,2.0,0.0,11:04,0.0,15.0,0.0,0.0,Z. Bolduc,,,2026020002,away,2026-09-29,2,,,,,,,,,,,,,,,,,,,
8481523,77,C,0.0,1.0,1.0,1.0,0,2.0,0.0,1.0,1.0,11:07,0.0,14.0,2.0,0.0,K. Dach,,,2026020002,away,2026-09-29,2,,,,,,,,,,,,,,,,,,,
8480074,85,L,0.0,0.0,0.0,0.0,2,2.0,0.0,0.0,0.0,12:13,1.0,16.0,1.0,0.0,A. Texier,,,2026020002,away,2026-09-29,2,,,,,,,,,,,,,,,,,,,
8484984,93,R,0.0,0.0,0.0,-1.0,2,2.0,0.0,1.0,0.0,15:11,0.0,19.0,0.0,0.0,I. Demidov,,,2026020002,away,2026-09-29,2,,,,,,,,,,,,,,,,,,,
8476875,8,D,0.0,1.0,1.0,1.0,0,0.0,0.0,3.0,0.0,25:07,2.0,31.0,1.0,1.0,M. Matheson,8.0,MTL,2026020002,away,2026-09-29,2,,,,,,,,,,,,,,,,,,,
8478851,45,D,1.0,1.0,2.0,1.0,0,1.0,0.0,3.0,0.0,21:54,1.0,28.0,1.0,0.0,A. Carrier,,,2026020002,away,2026-09-29,2,,,,,,,,,,,,,,,,,,,
8481593,47,D,0.0,0.0,0.0,0.0,0,2.0,0.0,0.0,0.0,11:02,0.0,14.0,1.0,1.0,J. Struble,,,2026020002,away,2026-09-29,2,,,,,,,,,,,,,,,,,,,
8483457,48,D,0.0,0.0,0.0,0.0,0,0.0,0.0,0.0,0.0,24:07,1.0,25.0,2.0,0.0,L. Hutson,,,2026020002,away,2026-09-29,2,,,,,,,,,,,,,,,,,,,
8480865,53,D,0.0,0.0,0.0,0.0,0,0.0,0.0,1.0,0.0,21:56,2.0,32.0,3.0,1.0,N. Dobson,,,2026020002,away,2026-09-29,2,,,,,,,,,,,,,,,,,,,
8482964,72,D,0.0,0.0,0.0,0.0,0,0.0,0.0,0.0,0.0,12:20,1.0,16.0,1.0,1.0,A. Xhekaj,,,2026020002,away,2026-09-29,2,,,,,,,,,,,,,,,,,,,
8478470,35,G,,,,,0,,,,,00:00,,,,,S. Montembeault,8.0,MTL,2026020002,away,2026-09-29,2,0/0,0/0,0/0,0/0,,0.0,0.0,0.0,0.0,False,,0.0,0.0,,,,,,
8482487,75,G,,,,,0,,,,,59:36,,,,,J. Dobes,,,2026020002,away,2026-09-29,2,22/24,4/4,0/0,26/28,0.928571,2.0,0.0,0.0,2.0,True,W,28.0,26.0,,,,,,
8476925,15,C,0.0,0.0,0.0,0.0,0,4.0,0.0,0.0,0.4,14:58,1.0,20.0,1.0,1.0,C. Sissons,10.0,TOR,2026020002,home,2026-09-29,2,,,,,,,,,,,,,,,,,,,
8479772,19,R,0.0,0.0,0.0,0.0,0,0.0,0.0,0.0,0.0,05:25,0.0,9.0,0.0,0.0,Z. MacEwen,,,2026020002,home,2026-09-29,2,,,,,,,,,,,,,,Z. Macewen,Z. Macewen,Z. Macewen,Z. Macewen,Z. Macewen,Z. Macewen
8477426,20,L,0.0,0.0,0.0,-1.0,2,2.0,0.0,0.0,0.333333,15:32,2.0,21.0,0.0,0.0,N. Paul,,,2026020002,home,2026-09-29,2,,,,,,,,,,,,,,,,,,,
8479520,24,L,0.0,0.0,0.0,0.0,0,5.0,0.0,0.0,0.0,09:04,1.0,16.0,0.0,0.0,B. Duhaime,,,2026020002,home,2026-09-29,2,,,,,,,,,,,,,,,,,,,
8479318,34,C,0.0,0.0,0.0,-1.0,0,0.0,0.0,3.0,0.5,22:34,0.0,23.0,0.0,0.0,A. Matthews,,,2026020002,home,2026-09-29,2,,,,,,,,,,,,,,,,,,,
8484158,53,R,0.0,1.0,1.0,1.0,0,1.0,0.0,1.0,0.0,15:58,0.0,19.0,2.0,0.0,E. Cowan,,,2026020002,home,2026-09-29,2,,,,,,,,,,,,,,,,,,,
8476927,73,C,0.0,0.0,0.0,0.0,0,1.0,0.0,1.0,0.125,09:46,0.0,15.0,1.0,0.0,T. Blueger,,,2026020002,home,2026-09-29,2,,,,,,,,,,,,,,T. Blugers,,T. Blugers,,,
8480893,86,R,0.0,1.0,1.0,1.0,0,2.0,0.0,4.0,0.0,20:08,0.0,21.0,1.0,0.0,K. Marchenko,,,2026020002,home,2026-09-29,2,,,,,,,,,,,,,,K. Marčenko,K. Martshenko,K. Marčenko,,,
8477939,88,R,2.0,0.0,2.0,-1.0,0,0.0,0.0,5.0,0.0,18:55,1.0,24.0,1.0,0.0,W. Nylander,,,2026020002,home,2026-09-29,2,,,,,,,,,,,,,,,,,,,
8475166,91,C,0.0,1.0,1.0,0.0,2,1.0,0.0,4.0,0.5625,16:36,2.0,21.0,3.0,0.0,J. Tavares,,,2026020002,home,2026-09-29,2,,,,,,,,,,,,,,,,,,,
8486067,92,L,0.0,0.0,0.0,-2.0,0,0.0,0.0,1.0,0.0,15:19,0.0,18.0,2.0,0.0,G. McKenna,,,2026020002,home,2026-09-29,2,,,,,,,,,,,,,,,,,,,
8478458,96,C,0.0,0.0,0.0,0.0,0,1.0,0.0,2.0,0.333333,18:14,0.0,21.0,1.0,0.0,J. Roslovic,,,2026020002,home,2026-09-29,2,,,,,,,,,,,,,,,,,,,
8475690,8,D,0.0,0.0,0.0,0.0,0,0.0,0.0,1.0,0.0,18:39,3.0,31.0,0.0,0.0,C. Tanev,10.0,TOR,2026020002,home,2026-09-29,2,,,,,,,,,,,,,,,,,,,
8476931,22,D,0.0,0.0,0.0,0.0,2,2.0,0.0,1.0,0.0,11:38,0.0,21.0,1.0,0.0,J. McCabe,,,2026020002,home,2026-09-29,2,,,,,,,,,,,,,,,,,,,
8479442,28,D,0.0,0.0,0.0,1.0,0,1.0,0.0,0.0,0.0,19:05,0.0,26.0,1.0,0.0,T. Stecher,,,2026020002,home,2026-09-29,2,,,,,,,,,,,,,,,,,,,
8478178,43,D,0.0,0.0,0.0,-2.0,0,0.0,0.0,3.0,0.0,23:47,2.0,28.0,5.0,1.0,D. Raddysh,,,2026020002,home,2026-09-29,2,,,,,,,,,,,,,,,,,,,
8476853,44,D,0.0,1.0,1.0,-1.0,0,2.0,0.0,1.0,0.0,21:30,0.0,30.0,1.0,0.0,M. Rielly,,,2026020002,home,2026-09-29,2,,,,,,,,,,,,,,,,,,,
8475171,95,D,0.0,0.0,0.0,0.0,2,1.0,0.0,1.0,0.0,18:07,2.0,26.0,1.0,0.0,O. Ekman-Larsson,,,2026020002,home,2026-09-29,2,,,,,,,,,,,,,,,,,,,
8476932,41,G,,,,,0,,,,,00:00,,,,,A. Stolarz,10.0,TOR,2026020002,home,2026-09-29,2,0/0,0/0,0/0,0/0,,0.0,0.0,0.0,0.0,False,,0.0,0.0,,,,,,
8475683,72,G,,,,,0,,,,,58:45,,,,,S. Bobrovsky,,,2026020002,home,2026-09-29,2,18/21,3/3,0/0,21/24,0.875,3.0,0.0,0.0,3.0,True,L,24.0,21.0,S. Bobrovskij,S. Bobrovski,S. Bobrovskij,,,
8476468,10,C,0.0,0.0,0.0,-1.0,0,2.0,0.0,2.0,0.533333,16:12,0.0,24.0,3.0,0.0,J. Miller,3.0,NYR,2026020003,away,2026-09-29,2,,,,,,,,,,,,,,,,,,,
8482109,13,L,0.0,0.0,0.0,-1.0,0,4.0,0.0,0.0,1.0,18:17,0.0,22.0,3.0,0.0,A. Lafrenière,,,2026020003,away,2026-09-29,2,,,,,,,,,,,,,,,,,,,
8481604,16,R,0.0,0.0,0.0,-1.0,0,1.0,0.0,5.0,0.0,15:49,0.0,22.0,1.0,1.0,P. Dorofeyev,,,2026020003,away,2026-09-29,2,,,,,,,,,,,,,,P. Dorofejev,P. Dorofejev,P. Dorofejev,,,
8480009,17,R,0.0,0.0,0.0,-1.0,0,4.0,0.0,2.0,0.0,13:56,0.0,22.0,0.0,0.0,E. Tolvanen,,,2026020003,away,2026-09-29,2,,,,,,,,,,,,,,,,,,,
8481789,24,L,0.0,0.0,0.0,-1.0,0,3.0,0.0,0.0,0.0,13:20,0.0,17.0,0.0,0.0,T. Kartye,,,2026020003,away,2026-09-29,2,,,,,,,,,,,,,,,,,,,
8477416,28,R,0.0,0.0,0.0,0.0,0,0.0,0.0,4.0,0.0,14:33,0.0,20.0,0.0,0.0,O. Bjorkstrand,,,2026020003,away,2026-09-29,2,,,,,,,,,,,,,,,,,,,
8483690,42,C,0.0,0.0,0.0,-2.0,2,2.0,0.0,0.0,0.571429,12:56,0.0,21.0,0.0,0.0,N. Laba,,,2026020003,away,2026-09-29,2,,,,,,,,,,,,,,,,,,,
8482157,50,L,0.0,0.0,0.0,-2.0,0,2.0,0.0,3.0,0.0,15:03,0.0,22.0,1.0,0.0,W. Cuylle,,,2026020003,away,2026-09-29,2,,,,,,,,,,,,,,,,,,,
8482460,73,C,0.0,0.0,0.0,0.0,0,6.0,0.0,1.0,0.0,09:49,0.0,12.0,0.0,0.0,M. Rempe,,,2026020003,away,2026-09-29,2,,,,,,,,,,,,,,,,,,,
8480813,90,C,0.0,0.0,0.0,0.0,0,3.0,0.0,0.0,0.363636,15:57,3.0,19.0,1.0,0.0,J. Veleno,,,2026020003,away,2026-09-29,2,,,,,,,,,,,,,,,,,,,
8476459,93,C,0.0,0.0,0.0,-1.0,0,2.0,0.0,2.0,0.5625,18:31,0.0,23.0,1.0,2.0,M. Zibanejad,,,2026020003,away,2026-09-29,2,,,,,,,,,,,,,,,,,,,
8484210,94,R,0.0,0.0,0.0,-1.0,0,0.0,0.0,0.0,0.0,16:20,1.0,21.0,1.0,0.0,G. Perreault,,,2026020003,away,2026-09-29,2,,,,,,,,,,,,,,,,,,,
8482073,4,D,0.0,0.0,0.0,-1.0,0,4.0,0.0,2.0,0.0,16:14,1.0,22.0,1.0,0.0,B. Schneider,3.0,NYR,2026020003,away,2026-09-29,2,,,,,,,,,,,,,,,,,,,
8480434,5,D,0.0,0.0,0.0,0.0,0,1.0,0.0,1.0,0.0,23:15,1.0,25.0,0.0,0.0,S. Durzi,,,2026020003,away,2026-09-29,2,,,,,,,,,,,,,,,,,,,
8485957,12,D,0.0,0.0,0.0,-1.0,0,2.0,0.0,0.0,0.0,16:54,1.0,23.0,2.0,0.0,A. Smits,,,2026020003,away,2026-09-29,2,,,,,,,,,,,,,,,,,,,
8479323,23,D,0.0,0.0,0.0,-2.0,0,0.0,0.0,0.0,0.0,18:25,1.0,27.0,1.0,0.0,A. Fox,,,2026020003,away,2026-09-29,2,,,,,,,,,,,,,,,,,,,
8477969,26,D,0.0,0.0,0.0,0.0,0,1.0,0.0,1.0,0.0,23:08,2.0,26.0,3.0,1.0,M. Pettersson,,,2026020003,away,2026-09-29,2,,,,,,,,,,,,,,,,,,,
8478882,44,D,0.0,0.0,0.0,-1.0,0,0.0,0.0,1.0,0.0,19:58,2.0,27.0,2.0,0.0,V. Gavrikov,,,2026020003,away,2026-09-29,2,,,,,,,,,,,,,,,,,,,
8478048,31,G,,,,,0,,,,,59:23,,,,,I. Shesterkin,3.0,NYR,2026020003,away,2026-09-29,2,19/21,1/1,0/0,20/22,0.909091,2.0,0.0,0.0,2.0,True,L,22.0,20.0,I. Šesťorkin,I. Shestjorkin,I. Šesťorkin,,,
8476914,70,G,,,,,0,,,,,00:00,,,,,J. Korpisalo,,,2026020003,away,2026-09-29,2,0/0,0/0,0/0,0/0,,0.0,0.0,0.0,0.0,False,,0.0,0.0,,,,,,
8482175,10,R,1.0,0.0,1.0,1.0,0,0.0,0.0,1.0,0.0,17:09,0.0,21.0,1.0,0.0,J. Peterka,6.0,BOS,2026020003,home,2026-09-29,2,,,,,,,,,,,,,,,,,,,
8479999,11,C,0.0,0.0,0.0,0.0,0,1.0,0.0,3.0,0.0,14:28,0.0,18.0,0.0,0.0,C. Mittelstadt,,,2026020003,home,2026-09-29,2,,,,,,,,,,,,,,,,,,,
8478401,18,C,0.0,0.0,0.0,0.0,0,1.0,0.0,3.0,0.625,15:24,0.0,18.0,0.0,0.0,P. Zacha,,,2026020003,home,2026-09-29,2,,,,,,,,,,,,,,,,,,,
8477496,28,C,0.0,1.0,1.0,1.0,0,1.0,0.0,0.0,0.5,15:59,1.0,21.0,1.0,0.0,E. Lindholm,,,2026020003,home,2026-09-29,2,,,,,,,,,,,,,,,,,,,
8479987,39,C,0.0,0.0,0.0,0.0,0,5.0,0.0,1.0,0.25,16:18,0.0,17.0,0.0,1.0,M. Geekie,,,2026020003,home,2026-09-29,2,,,,,,,,,,,,,,,,,,,
8485395,44,C,0.0,0.0,0.0,0.0,0,0.0,0.0,1.0,0.0,13:27,2.0,17.0,1.0,1.0,J. Hagens,,,2026020003,home,2026-09-29,2,,,,,,,,,,,,,,,,,,,
8480355,47,C,1.0,0.0,1.0,2.0,0,3.0,0.0,1.0,0.666667,13:07,3.0,16.0,0.0,1.0,M. Kastelic,,,2026020003,home,2026-09-29,2,,,,,,,,,,,,,,,,,,,
8476374,52,C,0.0,0.0,0.0,0.0,0,1.0,0.0,2.0,0.625,15:01,2.0,16.0,0.0,0.0,S. Kuraly,,,2026020003,home,2026-09-29,2,,,,,,,,,,,,,,,,,,,
8479661,84,L,0.0,0.0,0.0,0.0,2,4.0,0.0,0.0,0.0,13:13,1.0,16.0,0.0,0.0,T. Jeannot,,,2026020003,home,2026-09-29,2,,,,,,,,,,,,,,,,,,,
8477956,88,R,0.0,0.0,0.0,1.0,0,1.0,0.0,4.0,0.0,17:32,0.0,21.0,1.0,0.0,D. Pastrnak,,,2026020003,home,2026-09-29,2,,,,,,,,,,,,,,D. Pastrňák,,D. Pastrňák,,,
8482177,92,C,0.0,1.0,1.0,2.0,0,1.0,0.0,0.0,0.0,13:23,1.0,19.0,0.0,0.0,M. Khusnutdinov,,,2026020003,home,2026-09-29,2,,,,,,,,,,,,,,M. Chusnutdinov,M. Husnutdinov,M. Chusnutdinov,,,
8483489,93,C,1.0,1.0,2.0,2.0,0,1.0,0.0,3.0,0.2,14:48,0.0,20.0,1.0,1.0,F. Minten,,,2026020003,home,2026-09-29,2,,,,,,,,,,,,,,,,,,,
8482511,6,D,0.0,1.0,1.0,1.0,0,0.0,0.0,0.0,0.0,19:21,0.0,23.0,0.0,0.0,M. Lohrei,6.0,BOS,2026020003,home,2026-09-29,2,,,,,,,,,,,,,,,,,,,
8478840,17,D,0.0,0.0,0.0,2.0,0,4.0,0.0,1.0,0.0,17:43,1.0,23.0,1.0,0.0,W. Borgen,,,2026020003,home,2026-09-29,2,,,,,,,,,,,,,,,,,,,
8476854,27,D,0.0,1.0,1.0,2.0,0,0.0,0.0,0.0,0.0,18:37,1.0,23.0,0.0,0.0,H. Lindholm,,,2026020003,home,2026-09-29,2,,,,,,,,,,,,,,,,,,,
8481219,45,D,0.0,0.0,0.0,1.0,0,2.0,0.0,0.0,0.0,17:13,1.0,21.0,2.0,0.0,J. Aspirot,,,2026020003,home,2026-09-29,2,,,,,,,,,,,,,,,,,,,
8477365,75,D,0.0,0.0,0.0,0.0,0,3.0,0.0,2.0,0.0,23:23,2.0,27.0,1.0,0.0,C. Clifton,,,2026020003,home,2026-09-29,2,,,,,,,,,,,,,,,,,,,
8477507,91,D,0.0,0.0,0.0,0.0,0,8.0,0.0,1.0,0.0,21:54,1.0,27.0,0.0,0.0,N. Zadorov,,,2026020003,home,2026-09-29,2,,,,,,,,,,,,,,,,,,,
8480280,1,G,,,,,0,,,,,60:00,,,,,J. Swayman,6.0,BOS,2026020003,home,2026-09-29,2,22/22,1/1,1/1,24/24,1.0,0.0,0.0,0.0,0.0,True,W,24.0,24.0,,,,,,
8480022,30,G,,,,,0,,,,,00:00,,,,,M. DiPietro,,,2026020003,home,2026-09-29,2,0/0,0/0,0/0,0/0,,0.0,0.0,0.0,0.0,False,,0.0,0.0,M. Dipietro,M. Dipietro,M. Dipietro,M. Dipietro,M. Dipietro,M. Dipietro
8478444,6,R,0.0,1.0,1.0,-1.0,0,0.0,0.0,1.0,0.0,14:51,0.0,20.0,2.0,0.0,B. Boeser,23.0,VAN,2026020004,away,2026-09-29,2,,,,,,,,,,,,,,,,,,,
8475848,7,R,0.0,0.0,0.0,0.0,0,1.0,0.0,1.0,0.0,10:54,0.0,16.0,0.0,0.0,B. Gallagher,,,2026020004,away,2026-09-29,2,,,,,,,,,,,,,,,,,,,
8483395,13,L,0.0,0.0,0.0,1.0,0,0.0,0.0,0.0,0.0,10:52,2.0,17.0,1.0,0.0,A. Bains,,,2026020004,away,2026-09-29,2,,,,,,,,,,,,,,,,,,,
8482055,18,L,0.0,1.0,1.0,-1.0,0,2.0,0.0,3.0,1.0,17:40,2.0,28.0,0.0,0.0,D. O'Connor,,,2026020004,away,2026-09-29,2,,,,,,,,,,,,,,,,,,,
8482079,23,C,1.0,0.0,1.0,-1.0,0,0.0,0.0,1.0,0.333333,15:01,0.0,23.0,0.0,0.0,M. Rossi,,,2026020004,away,2026-09-29,2,,,,,,,,,,,,,,,,,,,
8480012,40,C,1.0,0.0,1.0,0.0,0,0.0,1.0,1.0,0.5,19:23,2.0,29.0,3.0,0.0,E. Pettersson,,,2026020004,away,2026-09-29,2,,,,,,,,,,,,,,,,,,,
8481032,47,L,2.0,0.0,2.0,2.0,0,2.0,0.0,3.0,0.375,11:51,0.0,18.0,0.0,1.0,P. Cotter,,,2026020004,away,2026-09-29,2,,,,,,,,,,,,,,,,,,,
8484136,63,C,1.0,1.0,2.0,1.0,2,0.0,0.0,2.0,0.285714,16:37,2.0,30.0,1.0,1.0,M. Sasson,,,2026020004,away,2026-09-29,2,,,,,,,,,,,,,,,,,,,
8478498,74,L,0.0,1.0,1.0,1.0,0,0.0,0.0,0.0,0.0,15:35,0.0,23.0,0.0,1.0,J. DeBrusk,,,2026020004,away,2026-09-29,2,,,,,,,,,,,,,,,,,,,
8483476,88,R,1.0,0.0,1.0,1.0,0,0.0,0.0,1.0,0.0,12:36,0.0,17.0,1.0,1.0,J. Lekkerimäki,,,2026020004,away,2026-09-29,2,,,,,,,,,,,,,,,,,,,
8483499,92,L,0.0,1.0,1.0,-1.0,0,1.0,0.0,1.0,0.0,17:29,1.0,25.0,2.0,0.0,L. Ohgren,,,2026020004,away,2026-09-29,2,,,,,,,,,,,,,,L. Öhgren,L. Öhgren,L. Öhgren,L. Öhgren,,
8481024,94,C,0.0,1.0,1.0,-1.0,2,0.0,0.0,2.0,0.5,13:37,0.0,25.0,0.0,0.0,L. Karlsson,,,2026020004,away,2026-09-29,2,,,,,,,,,,,,,,,,,,,
8474568,2,D,0.0,0.0,0.0,1.0,0,1.0,0.0,2.0,0.0,14:25,0.0,22.0,0.0,0.0,L. Schenn,23.0,VAN,2026020004,away,2026-09-29,2,,,,,,,,,,,,,,,,,,,
8476467,4,D,0.0,1.0,1.0,-3.0,0,3.0,0.0,0.0,0.0,23:38,2.0,31.0,2.0,1.0,J. Oleksiak,,,2026020004,away,2026-09-29,2,,,,,,,,,,,,,,,,,,,
8484240,5,D,0.0,0.0,0.0,-1.0,2,0.0,0.0,0.0,0.0,20:40,1.0,31.0,0.0,0.0,T. Willander,,,2026020004,away,2026-09-29,2,,,,,,,,,,,,,,,,,,,
8484798,8,D,0.0,0.0,0.0,2.0,0,0.0,0.0,1.0,0.0,22:46,1.0,31.0,2.0,0.0,Z. Buium,,,2026020004,away,2026-09-29,2,,,,,,,,,,,,,,,,,,,
8479425,17,D,0.0,2.0,2.0,2.0,0,0.0,0.0,2.0,0.0,25:08,3.0,33.0,0.0,0.0,F. Hronek,,,2026020004,away,2026-09-29,2,,,,,,,,,,,,,,,,,,,
8483678,25,D,0.0,0.0,0.0,0.0,2,3.0,0.0,2.0,0.0,16:01,5.0,23.0,1.0,0.0,E. Pettersson,,,2026020004,away,2026-09-29,2,,,,,,,,,,,,,,,,,,,
8482447,31,G,,,,,0,,,,,00:00,,,,,L. Meriläinen,23.0,VAN,2026020004,away,2026-09-29,2,0/0,0/0,0/0,0/0,,0.0,0.0,0.0,0.0,False,,0.0,0.0,,,,,,
8480947,32,G,,,,,0,,,,,61:43,,,,,K. Lankinen,,,2026020004,away,2026-09-29,2,27/31,5/6,0/0,32/37,0.864865,4.0,1.0,0.0,5.0,True,W,37.0,32.0,,,,,,
8479365,10,C,0.0,0.0,0.0,0.0,0,4.0,0.0,1.0,1.0,09:21,0.0,15.0,0.0,0.0,T. Frederic,22.0,EDM,2026020004,home,2026-09-29,2,,,,,,,,,,,,,,,,,,,
8475786,18,L,0.0,0.0,0.0,1.0,0,2.0,0.0,3.0,0.0,20:33,0.0,25.0,0.0,0.0,Z. Hyman,,,2026020004,home,2026-09-29,2,,,,,,,,,,,,,,,,,,,
8478472,21,R,0.0,0.0,0.0,-1.0,2,5.0,0.0,0.0,0.0,14:57,1.0,24.0,0.0,0.0,M. Joseph,,,2026020004,home,2026-09-29,2,,,,,,,,,,,,,,,,,,,
8480029,26,L,0.0,1.0,1.0,3.0,0,5.0,0.0,2.0,0.0,15:09,0.0,22.0,0.0,0.0,A. Formenton,,,2026020004,home,2026-09-29,2,,,,,,,,,,,,,,,,,,,
8477934,29,C,0.0,1.0,1.0,-1.0,0,0.0,0.0,5.0,0.571429,21:15,0.0,23.0,2.0,0.0,L. Draisaitl,,,2026020004,home,2026-09-29,2,,,,,,,,,,,,,,,,,,,
8482703,34,C,0.0,0.0,0.0,-1.0,0,4.0,0.0,2.0,0.533333,14:49,0.0,24.0,0.0,1.0,C. Dach,,,2026020004,home,2026-09-29,2,,,,,,,,,,,,,,,,,,,
8477953,42,R,0.0,0.0,0.0,-2.0,2,4.0,0.0,3.0,0.0,17:55,0.0,23.0,1.0,0.0,K. Kapanen,,,2026020004,home,2026-09-29,2,,,,,,,,,,,,,,,,,,,
8486161,43,R,0.0,0.0,0.0,0.0,0,0.0,0.0,0.0,0.6,08:22,1.0,16.0,1.0,0.0,O. Michaels,,,2026020004,home,2026-09-29,2,,,,,,,,,,,,,,,,,,,
8479368,46,L,0.0,0.0,0.0,-1.0,0,5.0,0.0,2.0,0.0,12:18,0.0,20.0,0.0,0.0,M. Jones,,,2026020004,home,2026-09-29,2,,,,,,,,,,,,,,,,,,,
8483455,53,L,0.0,0.0,0.0,0.0,0,0.0,0.0,1.0,0.0,11:06,0.0,17.0,0.0,0.0,I. Howard,,,2026020004,home,2026-09-29,2,,,,,,,,,,,,,,,,,,,
8481617,92,R,2.0,0.0,2.0,-2.0,0,5.0,1.0,7.0,0.0,18:20,0.0,22.0,1.0,0.0,V. Podkolzin,,,2026020004,home,2026-09-29,2,,,,,,,,,,,,,,,,,,,
8478402,97,C,0.0,2.0,2.0,1.0,0,1.0,0.0,0.0,0.75,22:51,0.0,27.0,3.0,0.0,C. McDavid,,,2026020004,home,2026-09-29,2,,,,,,,,,,,,,,,,,,,
8480803,2,D,3.0,2.0,5.0,2.0,0,1.0,0.0,6.0,0.0,25:41,3.0,28.0,2.0,0.0,E. Bouchard,22.0,EDM,2026020004,home,2026-09-29,2,,,,,,,,,,,,,,,,,,,
8476473,5,D,0.0,0.0,0.0,-1.0,0,0.0,0.0,2.0,0.0,18:29,4.0,26.0,1.0,0.0,C. Murphy,,,2026020004,home,2026-09-29,2,,,,,,,,,,,,,,,,,,,
8478854,6,D,0.0,1.0,1.0,-1.0,0,1.0,0.0,0.0,0.0,22:41,0.0,30.0,0.0,0.0,R. Shea,,,2026020004,home,2026-09-29,2,,,,,,,,,,,,,,,,,,,
8475218,14,D,0.0,0.0,0.0,2.0,0,1.0,0.0,2.0,0.0,20:56,0.0,24.0,4.0,0.0,M. Ekholm,,,2026020004,home,2026-09-29,2,,,,,,,,,,,,,,,,,,,
8482166,85,D,0.0,0.0,0.0,-2.0,0,0.0,0.0,0.0,0.0,13:03,0.0,20.0,2.0,0.0,S. Mukhamadullin,,,2026020004,home,2026-09-29,2,,,,,,,,,,,,,,,,,,,
8478013,96,D,0.0,0.0,0.0,0.0,0,0.0,0.0,1.0,0.0,16:25,3.0,24.0,2.0,1.0,J. Walman,,,2026020004,home,2026-09-29,2,,,,,,,,,,,,,,,,,,,
8482221,27,G,,,,,0,,,,,00:00,,,,,D. Levi,22.0,EDM,2026020004,home,2026-09-29,2,0/0,0/0,0/0,0/0,,0.0,0.0,0.0,0.0,False,,0.0,0.0,,,,,,
8477465,35,G,,,,,0,,,,,61:33,,,,,T. Jarry,,,2026020004,home,2026-09-29,2,16/20,1/2,0/1,17/23,0.73913,4.0,1.0,1.0,6.0,True,O,23.0,17.0,,,,,,
8477987,8,C,0.0,0.0,0.0,-2.0,0,0.0,0.0,2.0,1.0,12:50,0.0,18.0,0.0,0.0,R. Donato,16.0,CHI,2026020005,away,2026-09-29,2,,,,,,,,,,,,,,,,,,,
8484197,11,C,0.0,0.0,0.0,0.0,0,0.0,0.0,2.0,1.0,13:57,0.0,20.0,0.0,0.0,O. Moore,,,2026020005,away,2026-09-29,2,,,,,,,,,,,,,,,,,,,
8478413,12,L,1.0,0.0,1.0,1.0,0,3.0,0.0,5.0,0.0,14:08,0.0,17.0,0.0,0.0,J. Greenway,,,2026020005,away,2026-09-29,2,,,,,,,,,,,,,,,,,,,
8485391,16,C,0.0,0.0,0.0,-2.0,0,1.0,0.0,1.0,0.5,17:40,0.0,19.0,0.0,0.0,A. Frondell,,,2026020005,away,2026-09-29,2,,,,,,,,,,,,,,,,,,,
8483450,20,C,0.0,1.0,1.0,1.0,0,0.0,0.0,1.0,0.411765,14:43,0.0,19.0,2.0,0.0,R. Greene,,,2026020005,away,2026-09-29,2,,,,,,,,,,,,,,,,,,,
8482062,22,R,0.0,0.0,0.0,1.0,0,1.0,0.0,1.0,0.0,15:16,0.0,21.0,0.0,0.0,C. Smith,,,2026020005,away,2026-09-29,2,,,,,,,,,,,,,,,,,,,
8478233,26,L,0.0,0.0,0.0,0.0,2,1.0,0.0,1.0,0.0,05:23,0.0,9.0,1.0,0.0,A. Mangiapane,,,2026020005,away,2026-09-29,2,,,,,,,,,,,,,,,,,,,
8477479,59,L,0.0,0.0,0.0,-1.0,0,1.0,0.0,0.0,0.0,16:51,0.0,17.0,1.0,0.0,T. Bertuzzi,,,2026020005,away,2026-09-29,2,,,,,,,,,,,,,,,,,,,
8484185,76,L,0.0,0.0,0.0,-2.0,0,0.0,0.0,2.0,0.0,11:44,1.0,18.0,0.0,0.0,N. Lardis,,,2026020005,away,2026-09-29,2,,,,,,,,,,,,,,,,,,,
8484390,80,R,0.0,0.0,0.0,-1.0,0,3.0,0.0,1.0,0.333333,17:07,0.0,19.0,0.0,1.0,R. Kantserov,,,2026020005,away,2026-09-29,2,,,,,,,,,,,,,,,,,,,
8474141,88,R,1.0,0.0,1.0,-1.0,0,2.0,0.0,4.0,0.0,21:36,0.0,22.0,0.0,0.0,P. Kane,,,2026020005,away,2026-09-29,2,,,,,,,,,,,,,,,,,,,
8483493,91,C,0.0,0.0,0.0,-2.0,0,0.0,0.0,3.0,0.470588,18:01,0.0,26.0,1.0,1.0,F. Nazar,,,2026020005,away,2026-09-29,2,,,,,,,,,,,,,,,,,,,
8483506,6,D,0.0,0.0,0.0,-1.0,0,1.0,0.0,2.0,0.0,18:16,2.0,23.0,0.0,0.0,S. Rinzel,16.0,CHI,2026020005,away,2026-09-29,2,,,,,,,,,,,,,,,,,,,
8481524,24,D,0.0,0.0,0.0,-2.0,0,0.0,0.0,0.0,0.0,25:08,2.0,25.0,1.0,1.0,B. Byram,,,2026020005,away,2026-09-29,2,,,,,,,,,,,,,,,,,,,
8474013,28,D,0.0,0.0,0.0,0.0,2,0.0,0.0,0.0,0.0,12:40,1.0,17.0,1.0,0.0,I. Cole,,,2026020005,away,2026-09-29,2,,,,,,,,,,,,,,,,,,,
8482176,44,D,0.0,1.0,1.0,1.0,0,0.0,0.0,0.0,0.0,20:37,2.0,26.0,1.0,0.0,W. Kaiser,,,2026020005,away,2026-09-29,2,,,,,,,,,,,,,,,,,,,
8484783,55,D,0.0,0.0,0.0,0.0,0,1.0,0.0,1.0,0.0,19:14,1.0,23.0,4.0,2.0,A. Levshunov,,,2026020005,away,2026-09-29,2,,,,,,,,,,,,,,,,,,,
8481568,72,D,0.0,0.0,0.0,-1.0,0,0.0,0.0,0.0,0.0,20:01,1.0,25.0,0.0,0.0,A. Vlasic,,,2026020005,away,2026-09-29,2,,,,,,,,,,,,,,,,,,,
8481519,30,G,,,,,0,,,,,59:47,,,,,S. Knight,16.0,CHI,2026020005,away,2026-09-29,2,28/31,3/4,1/1,32/36,0.888889,3.0,1.0,0.0,4.0,True,L,36.0,32.0,,,,,,
8482821,40,G,,,,,0,,,,,00:00,,,,,A. Soderblom,,,2026020005,away,2026-09-29,2,0/0,0/0,0/0,0/0,,0.0,0.0,0.0,0.0,False,,0.0,0.0,A. Söderblom,A. Söderblom,A. Söderblom,A. Söderblom,,
8478403,9,C,1.0,2.0,3.0,1.0,0,1.0,0.0,2.0,0.461538,18:00,0.0,25.0,2.0,0.0,J. Eichel,54.0,VGK,2026020005,home,2026-09-29,2,,,,,,,,,,,,,,,,,,,
8483553,17,C,0.0,1.0,1.0,1.0,2,8.0,0.0,3.0,0.0,10:31,0.0,17.0,0.0,0.0,M. Gatcomb,,,2026020005,home,2026-09-29,2,,,,,,,,,,,,,,,,,,,
8479353,21,C,0.0,0.0,0.0,1.0,0,2.0,0.0,3.0,0.0,17:16,0.0,23.0,0.0,0.0,B. Howden,,,2026020005,home,2026-09-29,2,,,,,,,,,,,,,,,,,,,
8484803,24,L,1.0,0.0,1.0,-1.0,0,1.0,0.0,4.0,0.0,11:22,0.0,15.0,1.0,0.0,T. Connelly,,,2026020005,home,2026-09-29,2,,,,,,,,,,,,,,,,,,,
8475343,26,C,0.0,1.0,1.0,0.0,0,2.0,0.0,0.0,0.533333,12:37,0.0,19.0,1.0,0.0,N. Dowd,,,2026020005,home,2026-09-29,2,,,,,,,,,,,,,,,,,,,
8483890,42,R,0.0,0.0,0.0,-1.0,0,0.0,0.0,1.0,0.0,10:58,1.0,17.0,0.0,0.0,B. Bowman,,,2026020005,home,2026-09-29,2,,,,,,,,,,,,,,,,,,,
8476881,48,C,0.0,0.0,0.0,1.0,0,2.0,0.0,4.0,0.5,15:45,0.0,17.0,1.0,0.0,T. Hertl,,,2026020005,home,2026-09-29,2,,,,,,,,,,,,,,,,,,,
8477964,49,L,0.0,2.0,2.0,2.0,0,2.0,0.0,1.0,0.0,14:27,0.0,19.0,0.0,1.0,I. Barbashev,,,2026020005,home,2026-09-29,2,,,,,,,,,,,,,,I. Barbašev,I. Barbashov,I. Barbašev,,,
8475913,61,R,1.0,0.0,1.0,2.0,0,2.0,0.0,1.0,0.0,17:11,0.0,24.0,0.0,0.0,M. Stone,,,2026020005,home,2026-09-29,2,,,,,,,,,,,,,,,,,,,
8476448,71,C,0.0,0.0,0.0,0.0,0,0.0,0.0,1.0,0.705882,17:26,0.0,25.0,0.0,0.0,W. Karlsson,,,2026020005,home,2026-09-29,2,,,,,,,,,,,,,,,,,,,
8478483,93,R,0.0,0.0,0.0,0.0,0,0.0,0.0,4.0,0.0,21:21,0.0,24.0,3.0,1.0,M. Marner,,,2026020005,home,2026-09-29,2,,,,,,,,,,,,,,,,,,,
8478109,95,L,1.0,0.0,1.0,0.0,0,0.0,1.0,2.0,1.0,13:57,0.0,19.0,1.0,0.0,V. Olofsson,,,2026020005,home,2026-09-29,2,,,,,,,,,,,,,,,,,,,
8475188,3,D,0.0,2.0,2.0,2.0,0,0.0,0.0,1.0,0.0,18:45,0.0,25.0,2.0,1.0,B. McNabb,54.0,VGK,2026020005,home,2026-09-29,2,,,,,,,,,,,,,,,,,,,
8478397,4,D,0.0,0.0,0.0,-1.0,0,0.0,0.0,2.0,0.0,18:46,1.0,27.0,2.0,0.0,R. Andersson,,,2026020005,home,2026-09-29,2,,,,,,,,,,,,,,,,,,,
8478468,5,D,0.0,0.0,0.0,1.0,0,2.0,0.0,3.0,0.0,17:20,3.0,25.0,2.0,0.0,J. Lauzon,,,2026020005,home,2026-09-29,2,,,,,,,,,,,,,,,,,,,
8478396,15,D,1.0,0.0,1.0,1.0,0,0.0,0.0,3.0,0.0,18:51,2.0,27.0,0.0,0.0,N. Hanifin,,,2026020005,home,2026-09-29,2,,,,,,,,,,,,,,,,,,,
8477447,27,D,0.0,2.0,2.0,2.0,0,0.0,0.0,1.0,0.0,21:22,1.0,26.0,1.0,1.0,S. Theodore,,,2026020005,home,2026-09-29,2,,,,,,,,,,,,,,,,,,,
8478450,29,D,0.0,0.0,0.0,-1.0,2,1.0,0.0,1.0,0.0,20:08,0.0,27.0,5.0,1.0,P. Wotherspoon,,,2026020005,home,2026-09-29,2,,,,,,,,,,,,,,,,,,,
8478499,33,G,,,,,0,,,,,00:00,,,,,A. Hill,54.0,VGK,2026020005,home,2026-09-29,2,0/0,0/0,0/0,0/0,,0.0,0.0,0.0,0.0,False,,0.0,0.0,,,,,,
8479394,79,G,,,,,0,,,,,59:57,,,,,C. Hart,,,2026020005,home,2026-09-29,2,20/22,2/2,2/2,24/26,0.923077,2.0,0.0,0.0,2.0,True,W,26.0,24.0,,,,,,
8475170,10,C,0.0,0.0,0.0,0.0,2,3.0,0.0,1.0,0.333333,14:27,0.0,16.0,0.0,0.0,B. Schenn,2.0,NYI,2026020008,away,2026-09-30,2,,,,,,,,,,,,,,,,,,,
8477407,11,L,0.0,0.0,0.0,0.0,0,0.0,0.0,4.0,0.0,12:17,1.0,16.0,0.0,0.0,A. Duclair,,,2026020008,away,2026-09-30,2,,,,,,,,,,,,,,,,,,,
8477500,14,C,0.0,1.0,1.0,1.0,0,1.0,0.0,4.0,0.4,22:31,0.0,23.0,3.0,0.0,B. Horvat,,,2026020008,away,2026-09-30,2,,,,,,,,,,,,,,,,,,,
8475151,21,C,0.0,0.0,0.0,0.0,0,1.0,0.0,4.0,0.0,18:35,1.0,20.0,0.0,0.0,K. Palmieri,,,2026020008,away,2026-09-30,2,,,,,,,,,,,,,,,,,,,
8485388,38,R,0.0,0.0,0.0,-1.0,2,1.0,0.0,2.0,0.0,11:58,0.0,16.0,0.0,0.0,V. Eklund,,,2026020008,away,2026-09-30,2,,,,,,,,,,,,,,,,,,,
8476419,44,C,0.0,0.0,0.0,-1.0,0,2.0,0.0,1.0,0.538462,13:50,0.0,19.0,0.0,0.0,J. Pageau,,,2026020008,away,2026-09-30,2,,,,,,,,,,,,,,,,,,,
8482476,51,L,1.0,0.0,1.0,0.0,0,3.0,0.0,1.0,0.0,13:26,0.0,20.0,0.0,1.0,E. Heineman,,,2026020008,away,2026-09-30,2,,,,,,,,,,,,,,,,,,,
8475231,53,C,0.0,0.0,0.0,0.0,0,2.0,0.0,0.0,0.444444,09:29,0.0,14.0,0.0,0.0,C. Cizikas,,,2026020008,away,2026-09-30,2,,,,,,,,,,,,,,,,,,,
8481711,63,L,0.0,0.0,0.0,0.0,2,1.0,0.0,1.0,0.0,17:39,0.0,18.0,1.0,1.0,M. Maccelli,,,2026020008,away,2026-09-30,2,,,,,,,,,,,,,,,,,,,
8484221,64,C,0.0,0.0,0.0,0.0,0,2.0,0.0,2.0,0.333333,16:03,1.0,19.0,0.0,0.0,C. Ritchie,,,2026020008,away,2026-09-30,2,,,,,,,,,,,,,,,,,,,
8476292,81,L,0.0,0.0,0.0,0.0,0,1.0,0.0,2.0,0.0,10:06,0.0,15.0,0.0,1.0,O. Palat,,,2026020008,away,2026-09-30,2,,,,,,,,,,,,,,O. Palát,,O. Palát,,,
8481601,92,R,0.0,0.0,0.0,0.0,0,0.0,0.0,0.0,0.0,20:17,0.0,22.0,1.0,0.0,S. Holmstrom,,,2026020008,away,2026-09-30,2,,,,,,,,,,,,,,S. Holmström,S. Holmström,S. Holmström,S. Holmström,,
8476917,3,D,0.0,0.0,0.0,0.0,0,1.0,0.0,0.0,0.0,19:51,1.0,31.0,1.0,0.0,A. Pelech,2.0,NYI,2026020008,away,2026-09-30,2,,,,,,,,,,,,,,,,,,,
8477506,6,D,0.0,0.0,0.0,0.0,0,1.0,0.0,0.0,0.0,16:27,2.0,25.0,0.0,0.0,R. Pulock,,,2026020008,away,2026-09-30,2,,,,,,,,,,,,,,,,,,,
8479378,8,D,0.0,0.0,0.0,0.0,0,3.0,0.0,0.0,0.0,15:06,1.0,19.0,0.0,0.0,L. Stanley,,,2026020008,away,2026-09-30,2,,,,,,,,,,,,,,,,,,,
8481014,28,D,0.0,0.0,0.0,1.0,0,2.0,0.0,2.0,0.0,17:09,2.0,21.0,3.0,1.0,A. Romanov,,,2026020008,away,2026-09-30,2,,,,,,,,,,,,,,,,,,,
8485366,48,D,0.0,0.0,0.0,0.0,2,0.0,0.0,3.0,0.0,27:45,1.0,27.0,2.0,0.0,M. Schaefer,,,2026020008,away,2026-09-30,2,,,,,,,,,,,,,,,,,,,
8477950,77,D,0.0,0.0,0.0,-1.0,0,0.0,0.0,0.0,0.0,17:14,1.0,21.0,0.0,0.0,T. DeAngelo,,,2026020008,away,2026-09-30,2,,,,,,,,,,,,,,,,,,,
8478009,30,G,,,,,0,,,,,57:56,,,,,I. Sorokin,2.0,NYI,2026020008,away,2026-09-30,2,19/20,5/6,0/0,24/26,0.923077,1.0,1.0,0.0,2.0,True,L,26.0,24.0,,,,,,
8473575,40,G,,,,,0,,,,,00:00,,,,,S. Varlamov,,,2026020008,away,2026-09-30,2,0/0,0/0,0/0,0/0,,0.0,0.0,0.0,0.0,False,,0.0,0.0,,,,,,
8476925,15,C,1.0,0.0,1.0,1.0,0,2.0,0.0,2.0,0.583333,11:22,2.0,16.0,1.0,0.0,C. Sissons,10.0,TOR,2026020008,home,2026-09-30,2,,,,,,,,,,,,,,,,,,,
8477426,20,L,0.0,1.0,1.0,1.0,2,1.0,0.0,1.0,0.666667,15:43,0.0,19.0,0.0,0.0,N. Paul,,,2026020008,home,2026-09-30,2,,,,,,,,,,,,,,,,,,,
8479520,24,L,0.0,0.0,0.0,0.0,0,1.0,0.0,2.0,0.0,14:39,3.0,21.0,3.0,0.0,B. Duhaime,,,2026020008,home,2026-09-30,2,,,,,,,,,,,,,,,,,,,
8480870,29,C,0.0,0.0,0.0,0.0,0,3.0,0.0,1.0,0.5,09:49,0.0,13.0,0.0,0.0,B. Groulx,,,2026020008,home,2026-09-30,2,,,,,,,,,,,,,,,,,,,
8479318,34,C,0.0,0.0,0.0,-1.0,0,1.0,0.0,1.0,0.615385,20:04,1.0,20.0,0.0,0.0,A. Matthews,,,2026020008,home,2026-09-30,2,,,,,,,,,,,,,,,,,,,
8484158,53,R,1.0,1.0,2.0,1.0,0,2.0,1.0,3.0,0.0,13:23,0.0,18.0,3.0,0.0,E. Cowan,,,2026020008,home,2026-09-30,2,,,,,,,,,,,,,,,,,,,
8476927,73,C,0.0,0.0,0.0,0.0,0,2.0,0.0,0.0,0.6,12:32,1.0,17.0,1.0,0.0,T. Blueger,,,2026020008,home,2026-09-30,2,,,,,,,,,,,,,,T. Blugers,,T. Blugers,,,
8480893,86,R,0.0,0.0,0.0,-1.0,2,4.0,0.0,3.0,0.0,18:16,0.0,20.0,1.0,0.0,K. Marchenko,,,2026020008,home,2026-09-30,2,,,,,,,,,,,,,,K. Marčenko,K. Martshenko,K. Marčenko,,,
8477939,88,R,0.0,0.0,0.0,-1.0,0,0.0,0.0,1.0,0.0,17:29,1.0,17.0,1.0,0.0,W. Nylander,,,2026020008,home,2026-09-30,2,,,,,,,,,,,,,,,,,,,
8475166,91,C,0.0,0.0,0.0,-1.0,2,0.0,0.0,1.0,0.375,16:58,1.0,17.0,0.0,1.0,J. Tavares,,,2026020008,home,2026-09-30,2,,,,,,,,,,,,,,,,,,,
8486067,92,L,0.0,0.0,0.0,0.0,0,0.0,0.0,1.0,0.0,15:32,0.0,16.0,1.0,1.0,G. McKenna,,,2026020008,home,2026-09-30,2,,,,,,,,,,,,,,,,,,,
8478458,96,C,0.0,1.0,1.0,0.0,0,1.0,0.0,2.0,1.0,14:53,1.0,19.0,0.0,0.0,J. Roslovic,,,2026020008,home,2026-09-30,2,,,,,,,,,,,,,,,,,,,
8475690,8,D,0.0,0.0,0.0,0.0,0,0.0,0.0,0.0,0.0,20:39,3.0,27.0,1.0,1.0,C. Tanev,10.0,TOR,2026020008,home,2026-09-30,2,,,,,,,,,,,,,,,,,,,
8476931,22,D,0.0,0.0,0.0,0.0,2,0.0,0.0,1.0,0.0,20:19,5.0,26.0,1.0,0.0,J. McCabe,,,2026020008,home,2026-09-30,2,,,,,,,,,,,,,,,,,,,
8479442,28,D,0.0,0.0,0.0,1.0,0,1.0,0.0,0.0,0.0,16:05,0.0,24.0,0.0,0.0,T. Stecher,,,2026020008,home,2026-09-30,2,,,,,,,,,,,,,,,,,,,
8478178,43,D,0.0,0.0,0.0,-1.0,0,0.0,0.0,4.0,0.0,20:36,1.0,20.0,1.0,0.0,D. Raddysh,,,2026020008,home,2026-09-30,2,,,,,,,,,,,,,,,,,,,
8476853,44,D,0.0,1.0,1.0,0.0,0,0.0,0.0,1.0,0.0,19:49,1.0,21.0,1.0,1.0,M. Rielly,,,2026020008,home,2026-09-30,2,,,,,,,,,,,,,,,,,,,
8475171,95,D,0.0,0.0,0.0,1.0,0,1.0,0.0,2.0,0.0,15:30,1.0,24.0,0.0,0.0,O. Ekman-Larsson,,,2026020008,home,2026-09-30,2,,,,,,,,,,,,,,,,,,,
8476932,41,G,,,,,0,,,,,58:22,,,,,A. Stolarz,10.0,TOR,2026020008,home,2026-09-30,2,23/23,2/2,1/2,26/27,0.962963,0.0,0.0,1.0,1.0,True,W,27.0,26.0,,,,,,
8475683,72,G,,,,,0,,,,,00:00,,,,,S. Bobrovsky,,,2026020008,home,2026-09-30,2,0/0,0/0,0/0,0/0,,0.0,0.0,0.0,0.0,False,,0.0,0.0,S. Bobrovskij,S. Bobrovski,S. Bobrovskij,,,
8480842,11,C,1.0,2.0,3.0,4.0,0,1.0,0.0,3.0,0.0,10:55,0.0,16.0,0.0,0.0,F. Hallander,5.0,PIT,2026020006,away,2026-09-30,2,,,,,,,,,,,,,,,,,,,
8481582,14,L,2.0,0.0,2.0,2.0,2,0.0,0.0,4.0,0.0,15:02,1.0,21.0,0.0,0.0,N. Robertson,,,2026020006,away,2026-09-30,2,,,,,,,,,,,,,,,,,,,
8478438,18,C,0.0,1.0,1.0,0.0,0,0.0,0.0,0.0,0.153846,16:04,1.0,19.0,1.0,0.0,T. Novak,,,2026020006,away,2026-09-30,2,,,,,,,,,,,,,,,,,,,
8480980,19,C,0.0,0.0,0.0,0.0,2,4.0,0.0,0.0,0.0,14:51,1.0,20.0,0.0,0.0,C. Dewar,,,2026020006,away,2026-09-30,2,,,,,,,,,,,,,,,,,,,
8482148,22,C,1.0,1.0,2.0,3.0,0,4.0,0.0,1.0,0.333333,13:02,0.0,16.0,1.0,0.0,H. Lapierre,,,2026020006,away,2026-09-30,2,,,,,,,,,,,,,,,,,,,
8481725,25,L,0.0,0.0,0.0,0.0,0,2.0,0.0,0.0,0.0,12:39,0.0,16.0,0.0,1.0,E. Soderblom,,,2026020006,away,2026-09-30,2,,,,,,,,,,,,,,,,,E. Söderblom,,
8482758,41,R,1.0,0.0,1.0,3.0,0,0.0,0.0,2.0,0.0,13:50,0.0,15.0,0.0,0.0,V. Koivunen,,,2026020006,away,2026-09-30,2,,,,,,,,,,,,,,,,,,,
8481481,46,C,0.0,0.0,0.0,0.0,0,0.0,0.0,4.0,0.5,13:13,1.0,20.0,2.0,0.0,B. Lizotte,,,2026020006,away,2026-09-30,2,,,,,,,,,,,,,,,,,,,
8482475,59,R,1.0,0.0,1.0,0.0,0,1.0,1.0,3.0,0.0,16:58,0.0,19.0,1.0,0.0,E. Chinakhov,,,2026020006,away,2026-09-30,2,,,,,,,,,,,,,,E. Činachov,E. Tshinahov,E. Činachov,,,
8476483,67,R,0.0,1.0,1.0,1.0,0,3.0,0.0,2.0,0.5,18:32,0.0,21.0,0.0,0.0,R. Rakell,,,2026020006,away,2026-09-30,2,,,,,,,,,,,,,,,,,,,
8471215,71,C,1.0,0.0,1.0,0.0,0,0.0,1.0,2.0,0.0,15:47,0.0,17.0,0.0,0.0,E. Malkin,,,2026020006,away,2026-09-30,2,,,,,,,,,,,,,,,,,,,
8471675,87,C,0.0,1.0,1.0,1.0,0,2.0,0.0,3.0,0.45,17:39,0.0,21.0,0.0,0.0,S. Crosby,,,2026020006,away,2026-09-30,2,,,,,,,,,,,,,,,,,,,
8481527,6,D,0.0,2.0,2.0,3.0,0,1.0,0.0,3.0,0.0,18:31,2.0,21.0,0.0,0.0,K. Korczak,5.0,PIT,2026020006,away,2026-09-30,2,,,,,,,,,,,,,,,,,,,
8479398,49,D,0.0,2.0,2.0,3.0,0,1.0,0.0,2.0,0.0,21:02,0.0,21.0,0.0,1.0,S. Girard,,,2026020006,away,2026-09-30,2,,,,,,,,,,,,,,,,,,,
8477845,57,D,0.0,0.0,0.0,1.0,0,1.0,0.0,0.0,0.0,20:42,4.0,23.0,1.0,0.0,T. van Riemsdyk,,,2026020006,away,2026-09-30,2,,,,,,,,,,,,,,,,,,,
8471724,58,D,0.0,1.0,1.0,1.0,0,2.0,0.0,4.0,0.0,18:44,0.0,21.0,2.0,1.0,K. Letang,,,2026020006,away,2026-09-30,2,,,,,,,,,,,,,,,,,,,
8474578,65,D,0.0,1.0,1.0,1.0,0,0.0,0.0,3.0,0.0,19:59,1.0,22.0,3.0,0.0,E. Karlsson,,,2026020006,away,2026-09-30,2,,,,,,,,,,,,,,,,,,,
8483398,72,D,0.0,1.0,1.0,1.0,4,1.0,0.0,2.0,0.0,16:30,0.0,23.0,0.0,0.0,D. Carlile,,,2026020006,away,2026-09-30,2,,,,,,,,,,,,,,,,,,,
8483703,1,G,,,,,0,,,,,00:00,,,,,S. Murashov,5.0,PIT,2026020006,away,2026-09-30,2,0/0,0/0,0/0,0/0,,0.0,0.0,0.0,0.0,False,,0.0,0.0,,,,,,
8481668,37,G,,,,,0,,,,,60:00,,,,,A. Silovs,,,2026020006,away,2026-09-30,2,11/11,6/6,2/2,19/19,1.0,0.0,0.0,0.0,0.0,True,W,19.0,19.0,A. Šilovs,,A. Šilovs,,,
8478439,11,R,0.0,0.0,0.0,-1.0,2,3.0,0.0,2.0,0.5,14:47,0.0,21.0,1.0,0.0,T. Konecny,4.0,PHI,2026020006,home,2026-09-30,2,,,,,,,,,,,,,,,,,,,
8476461,14,C,0.0,0.0,0.0,-1.0,0,1.0,0.0,0.0,0.75,15:04,0.0,20.0,0.0,0.0,S. Couturier,,,2026020006,home,2026-09-30,2,,,,,,,,,,,,,,,,,,,
8483731,20,L,0.0,0.0,0.0,0.0,0,2.0,0.0,1.0,0.0,14:39,0.0,17.0,1.0,2.0,A. Bump,,,2026020006,home,2026-09-30,2,,,,,,,,,,,,,,,,,,,
8477989,22,C,0.0,0.0,0.0,-1.0,0,2.0,0.0,2.0,0.666667,14:58,1.0,23.0,2.0,0.0,C. Dvorak,,,2026020006,home,2026-09-30,2,,,,,,,,,,,,,,,,,,,
8480220,27,L,0.0,0.0,0.0,-1.0,0,0.0,0.0,1.0,0.555556,14:17,0.0,19.0,1.0,1.0,N. Cates,,,2026020006,home,2026-09-30,2,,,,,,,,,,,,,,,,,,,
8484387,39,R,0.0,0.0,0.0,-1.0,0,0.0,0.0,1.0,0.0,15:47,0.0,18.0,1.0,0.0,M. Michkov,,,2026020006,home,2026-09-30,2,,,,,,,,,,,,,,M. Mičkov,M. Mitshkov,M. Mičkov,,,
8481533,46,C,0.0,0.0,0.0,-2.0,0,0.0,0.0,1.0,0.428571,16:25,0.0,20.0,1.0,0.0,T. Zegras,,,2026020006,home,2026-09-30,2,,,,,,,,,,,,,,,,,,,
8478569,52,C,0.0,0.0,0.0,-3.0,0,3.0,0.0,1.0,0.785714,15:20,1.0,21.0,2.0,0.0,N. Acciari,,,2026020006,home,2026-09-30,2,,,,,,,,,,,,,,,,,,,
8482159,71,R,0.0,0.0,0.0,-2.0,0,1.0,0.0,1.0,0.0,17:08,0.0,22.0,0.0,0.0,T. Foerster,,,2026020006,home,2026-09-30,2,,,,,,,,,,,,,,,,,,,
8480015,74,R,0.0,0.0,0.0,-1.0,0,6.0,0.0,4.0,0.0,14:11,0.0,19.0,0.0,0.0,O. Tippett,,,2026020006,home,2026-09-30,2,,,,,,,,,,,,,,,,,,,
8479336,91,R,0.0,0.0,0.0,-2.0,0,4.0,0.0,1.0,0.0,12:01,1.0,15.0,1.0,0.0,C. Grundstrom,,,2026020006,home,2026-09-30,2,,,,,,,,,,,,,,C. Grundström,C. Grundström,C. Grundström,C. Grundström,,
8485406,94,R,0.0,0.0,0.0,-1.0,2,0.0,0.0,0.0,0.0,14:05,0.0,18.0,4.0,0.0,P. Martone,,,2026020006,home,2026-09-30,2,,,,,,,,,,,,,,,,,,,
8477948,6,D,0.0,0.0,0.0,-2.0,0,0.0,0.0,3.0,0.0,20:15,0.0,24.0,4.0,1.0,T. Sanheim,4.0,PHI,2026020006,home,2026-09-30,2,,,,,,,,,,,,,,,,,,,
8481546,8,D,0.0,0.0,0.0,-2.0,0,0.0,0.0,1.0,0.0,21:08,1.0,28.0,2.0,0.0,C. York,,,2026020006,home,2026-09-30,2,,,,,,,,,,,,,,,,,,,
8482142,9,D,0.0,0.0,0.0,-3.0,2,1.0,0.0,0.0,0.0,17:21,1.0,23.0,0.0,0.0,J. Drysdale,,,2026020006,home,2026-09-30,2,,,,,,,,,,,,,,,,,,,
8476372,24,D,0.0,0.0,0.0,0.0,2,2.0,0.0,0.0,0.0,19:54,1.0,23.0,0.0,0.0,N. Seeler,,,2026020006,home,2026-09-30,2,,,,,,,,,,,,,,,,,,,
8481122,44,D,0.0,0.0,0.0,-1.0,2,2.0,0.0,0.0,0.0,18:29,0.0,23.0,1.0,0.0,S. Benoit,,,2026020006,home,2026-09-30,2,,,,,,,,,,,,,,,,,,,
8477499,55,D,0.0,0.0,0.0,-1.0,0,1.0,0.0,0.0,0.0,17:40,2.0,23.0,0.0,1.0,R. Ristolainen,,,2026020006,home,2026-09-30,2,,,,,,,,,,,,,,,,,,,
8479361,53,G,,,,,0,,,,,00:00,,,,,J. Woll,4.0,PHI,2026020006,home,2026-09-30,2,0/0,0/0,0/0,0/0,,0.0,0.0,0.0,0.0,False,,0.0,0.0,,,,,,
8478435,80,G,,,,,0,,,,,59:41,,,,,D. Vladar,,,2026020006,home,2026-09-30,2,27/31,4/6,0/1,31/38,0.815789,4.0,2.0,1.0,7.0,True,L,38.0,31.0,D. Vladař,,D. Vladař,,,
8477960,9,R,0.0,0.0,0.0,-2.0,2,2.0,0.0,3.0,0.0,19:23,0.0,22.0,1.0,0.0,A. Kempe,26.0,LAK,2026020007,away,2026-09-30,2,,,,,,,,,,,,,,,,,,,
8478550,10,L,1.0,0.0,1.0,-2.0,0,0.0,0.0,2.0,0.0,20:16,0.0,22.0,1.0,0.0,A. Panarin,,,2026020007,away,2026-09-30,2,,,,,,,,,,,,,,,,,,,
8479675,12,L,1.0,0.0,1.0,0.0,0,1.0,0.0,2.0,0.0,14:56,1.0,23.0,0.0,0.0,T. Moore,,,2026020007,away,2026-09-30,2,,,,,,,,,,,,,,,,,,,
8482155,14,R,0.0,2.0,2.0,1.0,0,5.0,0.0,2.0,0.0,15:31,1.0,21.0,0.0,0.0,A. Laferriere,,,2026020007,away,2026-09-30,2,,,,,,,,,,,,,,,,,,,
8481532,15,C,0.0,1.0,1.0,1.0,2,2.0,0.0,1.0,0.833333,15:35,0.0,21.0,0.0,1.0,A. Turcotte,,,2026020007,away,2026-09-30,2,,,,,,,,,,,,,,,,,,,
8476872,21,C,0.0,0.0,0.0,0.0,0,1.0,0.0,3.0,0.571429,15:07,1.0,23.0,1.0,0.0,S. Laughton,,,2026020007,away,2026-09-30,2,,,,,,,,,,,,,,,,,,,
8475692,36,R,0.0,0.0,0.0,2.0,0,0.0,0.0,0.0,0.0,17:59,0.0,18.0,1.0,0.0,M. Zuccarello,,,2026020007,away,2026-09-30,2,,,,,,,,,,,,,,,,,,,
8476469,40,R,1.0,0.0,1.0,1.0,0,0.0,0.0,2.0,0.0,12:55,1.0,19.0,1.0,0.0,J. Armia,,,2026020007,away,2026-09-30,2,,,,,,,,,,,,,,,,,,,
8481732,47,L,0.0,0.0,0.0,0.0,2,1.0,0.0,1.0,0.0,07:56,0.0,11.0,0.0,0.0,A. Lee,,,2026020007,away,2026-09-30,2,,,,,,,,,,,,,,,,,,,
8482124,55,R,0.0,0.0,0.0,-2.0,0,0.0,0.0,3.0,0.875,18:59,2.0,21.0,1.0,4.0,Q. Byfield,,,2026020007,away,2026-09-30,2,,,,,,,,,,,,,,,,,,,
8475287,56,L,0.0,1.0,1.0,-1.0,0,0.0,0.0,3.0,0.363636,15:26,0.0,27.0,0.0,0.0,E. Haula,,,2026020007,away,2026-09-30,2,,,,,,,,,,,,,,,,,,,
8482726,79,C,0.0,0.0,0.0,0.0,0,3.0,0.0,1.0,0.2,06:59,0.0,10.0,0.0,0.0,S. Helenius,,,2026020007,away,2026-09-30,2,,,,,,,,,,,,,,,,,,,
8475208,2,D,1.0,0.0,1.0,-1.0,0,0.0,0.0,2.0,0.0,16:30,2.0,22.0,1.0,1.0,B. Dumoulin,26.0,LAK,2026020007,away,2026-09-30,2,,,,,,,,,,,,,,,,,,,
8476879,5,D,0.0,1.0,1.0,3.0,0,0.0,0.0,1.0,0.0,19:24,1.0,26.0,0.0,0.0,C. Ceci,,,2026020007,away,2026-09-30,2,,,,,,,,,,,,,,,,,,,
8476441,6,D,0.0,0.0,0.0,0.0,2,1.0,0.0,1.0,0.0,15:34,0.0,22.0,1.0,1.0,J. Edmundson,,,2026020007,away,2026-09-30,2,,,,,,,,,,,,,,,,,,,
8474563,8,D,0.0,1.0,1.0,-2.0,2,0.0,0.0,1.0,0.0,22:41,2.0,28.0,1.0,0.0,D. Doughty,,,2026020007,away,2026-09-30,2,,,,,,,,,,,,,,,,,,,
8479998,44,D,0.0,1.0,1.0,1.0,0,1.0,0.0,2.0,0.0,19:21,2.0,26.0,0.0,0.0,M. Anderson,,,2026020007,away,2026-09-30,2,,,,,,,,,,,,,,,,,,,
8482730,92,D,0.0,0.0,0.0,0.0,5,0.0,0.0,1.0,0.0,18:57,2.0,19.0,1.0,0.0,B. Clarke,,,2026020007,away,2026-09-30,2,,,,,,,,,,,,,,,,,,,
8476341,31,G,,,,,0,,,,,00:00,,,,,A. Forsberg,26.0,LAK,2026020007,away,2026-09-30,2,0/0,0/0,0/0,0/0,,0.0,0.0,0.0,0.0,False,,0.0,0.0,,,,,,
8475311,35,G,,,,,0,,,,,59:25,,,,,D. Kuemper,,,2026020007,away,2026-09-30,2,18/22,3/7,0/0,21/29,0.724138,4.0,4.0,0.0,8.0,True,L,29.0,21.0,,,,,,
8482768,9,C,0.0,0.0,0.0,0.0,0,1.0,0.0,0.0,0.142857,15:28,1.0,20.0,0.0,0.0,F. Svechkov,21.0,COL,2026020007,home,2026-09-30,2,,,,,,,,,,,,,,,,,,,
8478462,10,C,1.0,0.0,1.0,1.0,0,2.0,0.0,2.0,0.333333,12:12,1.0,19.0,1.0,1.0,N. Roy,,,2026020007,home,2026-09-30,2,,,,,,,,,,,,,,,,,,,
8475754,11,C,1.0,2.0,3.0,0.0,0,0.0,1.0,1.0,0.214286,19:14,0.0,27.0,0.0,0.0,B. Nelson,,,2026020007,home,2026-09-30,2,,,,,,,,,,,,,,,,,,,
8486171,13,R,0.0,0.0,0.0,-3.0,2,2.0,0.0,2.0,0.6,13:35,0.0,15.0,0.0,0.0,T. Hughes,,,2026020007,home,2026-09-30,2,,,,,,,,,,,,,,,,,,,
8480448,17,C,1.0,1.0,2.0,2.0,0,3.0,0.0,1.0,0.0,12:53,0.0,22.0,2.0,0.0,P. Kelly,,,2026020007,home,2026-09-30,2,,,,,,,,,,,,,,,,,,,
8477492,29,C,2.0,0.0,2.0,-2.0,5,2.0,1.0,8.0,0.4,17:44,0.0,22.0,1.0,0.0,N. MacKinnon,,,2026020007,home,2026-09-30,2,,,,,,,,,,,,,,,,,,,
8477476,62,L,2.0,0.0,2.0,1.0,0,2.0,2.0,3.0,0.0,19:27,2.0,26.0,1.0,0.0,A. Lehkonen,,,2026020007,home,2026-09-30,2,,,,,,,,,,,,,,,,,,,
8475768,71,L,0.0,2.0,2.0,-1.0,2,2.0,0.0,1.0,0.0,12:49,0.0,19.0,1.0,0.0,J. Schwartz,,,2026020007,home,2026-09-30,2,,,,,,,,,,,,,,,,,,,
8480039,88,C,0.0,1.0,1.0,-1.0,0,1.0,0.0,4.0,0.0,19:11,0.0,22.0,1.0,1.0,M. Necas,,,2026020007,home,2026-09-30,2,,,,,,,,,,,,,,M. Nečas,,M. Nečas,,,
8475172,91,C,0.0,2.0,2.0,1.0,0,1.0,0.0,2.0,0.666667,17:57,0.0,26.0,1.0,0.0,N. Kadri,,,2026020007,home,2026-09-30,2,,,,,,,,,,,,,,,,,,,
8476455,92,L,1.0,0.0,1.0,-1.0,0,0.0,0.0,1.0,0.666667,17:52,1.0,21.0,0.0,0.0,G. Landeskog,,,2026020007,home,2026-09-30,2,,,,,,,,,,,,,,,,,,,
8478038,7,D,0.0,2.0,2.0,1.0,2,1.0,0.0,0.0,0.0,20:04,0.0,24.0,1.0,0.0,D. Toews,21.0,COL,2026020007,home,2026-09-30,2,,,,,,,,,,,,,,,,,,,
8480069,8,D,0.0,2.0,2.0,-1.0,0,0.0,0.0,1.0,0.0,18:14,3.0,20.0,0.0,0.0,C. Makar,,,2026020007,home,2026-09-30,2,,,,,,,,,,,,,,,,,,,
8476967,27,D,0.0,0.0,0.0,1.0,0,0.0,0.0,0.0,0.0,19:44,1.0,23.0,0.0,0.0,B. Kulak,,,2026020007,home,2026-09-30,2,,,,,,,,,,,,,,,,,,,
8476312,42,D,0.0,1.0,1.0,0.0,0,1.0,0.0,1.0,0.0,14:31,1.0,18.0,1.0,0.0,J. Manson,,,2026020007,home,2026-09-30,2,,,,,,,,,,,,,,,,,,,
8478454,47,D,0.0,0.0,0.0,1.0,2,0.0,0.0,0.0,0.0,11:15,1.0,21.0,1.0,0.0,N. Juulsen,,,2026020007,home,2026-09-30,2,,,,,,,,,,,,,,,,,,,
8484258,70,D,0.0,0.0,0.0,1.0,0,0.0,0.0,2.0,0.0,14:27,3.0,18.0,0.0,1.0,S. Malinski,,,2026020007,home,2026-09-30,2,,,,,,,,,,,,,,,,,,,
8470613,84,D,0.0,1.0,1.0,0.0,0,1.0,0.0,0.0,0.0,15:23,1.0,19.0,0.0,0.0,B. Burns,,,2026020007,home,2026-09-30,2,,,,,,,,,,,,,,,,,,,
8478406,39,G,,,,,0,,,,,60:00,,,,,M. Blackwood,21.0,COL,2026020007,home,2026-09-30,2,23/25,4/4,0/2,27/31,0.870968,2.0,0.0,2.0,4.0,True,W,31.0,27.0,,,,,,
8475809,41,G,,,,,0,,,,,00:00,,,,,S. Wedgewood,,,2026020007,home,2026-09-30,2,0/0,0/0,0/0,0/0,,0.0,0.0,0.0,0.0,False,,0.0,0.0,,,,,,
