gameIdx,team_tri,gameid,teamloc,goals,hits,goals_pp,shots,shots_blocked,poss_giveaway,poss_takeaway,win,seasonIdx,gameDate,gameEnd
FLA_CAR_2026-09-29,FLA,2026020001,away,1,5.0,0.0,2.0,0.0,1.0,1.0,1,2,2026-09-29,OT
FLA_CAR_2026-09-29,CAR,2026020001,home,0,8.0,0.0,1.0,2.0,0.0,0.0,0,2,2026-09-29,OT
MTL_TOR_2026-09-29,MTL,2026020002,away,3,3.0,0.0,6.0,2.0,1.0,1.0,1,2,2026-09-29,REG
MTL_TOR_2026-09-29,TOR,2026020002,home,2,4.0,0.0,1.0,4.0,1.0,1.0,0,2,2026-09-29,REG
NYR_BOS_2026-09-29,NYR,2026020003,away,0,6.0,0.0,4.0,1.0,4.0,0.0,0,2,2026-09-29,REG
NYR_BOS_2026-09-29,BOS,2026020003,home,3,0.0,0.0,1.0,0.0,1.0,0.0,1,2,2026-09-29,REG
VAN_EDM_2026-09-29,VAN,2026020004,away,6,1.0,0.0,3.0,0.0,2.0,0.0,1,2,2026-09-29,OT
VAN_EDM_2026-09-29,EDM,2026020004,home,5,5.0,0.0,7.0,3.0,2.0,0.0,0,2,2026-09-29,OT
CHI_VGK_2026-09-29,CHI,2026020005,away,2,1.0,0.0,4.0,2.0,0.0,0.0,0,2,2026-09-29,REG
CHI_VGK_2026-09-29,VGK,2026020005,home,5,1.0,0.0,3.0,0.0,4.0,1.0,1,2,2026-09-29,REG
NYI_TOR_2026-09-30,NYI,2026020008,away,1,4.0,0.0,1.0,1.0,1.0,0.0,0,2,2026-09-30,REG
NYI_TOR_2026-09-30,TOR,2026020008,home,2,2.0,0.0,2.0,5.0,2.0,1.0,1,2,2026-09-30,REG
PIT_PHI_2026-09-30,PIT,2026020006,away,7,2.0,0.0,6.0,2.0,0.0,0.0,1,2,2026-09-30,REG
PIT_PHI_2026-09-30,PHI,2026020006,home,0,3.0,0.0,5.0,0.0,5.0,1.0,0,2,2026-09-30,REG
LAK_COL_2026-09-30,LAK,2026020007,away,4,2.0,0.0,5.0,2.0,2.0,1.0,0,2,2026-09-30,REG
LAK_COL_2026-09-30,COL,2026020007,home,8,2.0,0.0,0.0,1.0,1.0,0.0,1,2,2026-09-30,REG
