,team_tri_for,gameid_for,teamloc_for,goals_for,hits_for,goals_pp_for,shots_for,shots_blocked_for,poss_giveaway_for,poss_takeaway_for,win_for,seasonIdx_for,gameDate_for,gameEnd_for,gameDate_prev_for,gameDate_del_for,gameIdx_next_for,team_tri_against,gameid_against,teamloc_against,goals_against,hits_against,goals_pp_against,shots_against,shots_blocked_against,poss_giveaway_against,poss_takeaway_against,win_against,seasonIdx_against,gameDate_against,gameEnd_against,gameDate_prev_against,gameDate_del_against,gameIdx_now_against,gameIdx_next_against,fenwick_for,corsi_for,fenwick_against,corsi_against,corsi_lvl,corsi_pct,fenwick_lvl,rshots_for,rshots_blocked_for,rshots_against,rshots_blocked_against,rgoals_for,rgoals_against,rpe,rpe_10,rwin,rgame,rwp,rfenwick_for,rfenwick_against,rfenwick_lvl,rcorsi_for,rcorsi_against,rcorsi_lvl,rcorsi_pct,team_tri_for_oppo,gameid_for_oppo,teamloc_for_oppo,goals_for_oppo,hits_for_oppo,goals_pp_for_oppo,shots_for_oppo,shots_blocked_for_oppo,poss_giveaway_for_oppo,poss_takeaway_for_oppo,win_for_oppo,seasonIdx_for_oppo,gameDate_for_oppo,gameEnd_for_oppo,gameDate_prev_for_oppo,gameDate_del_for_oppo,gameIdx_now_for_oppo,gameIdx_next_for_oppo,team_tri_against_oppo,gameid_against_oppo,teamloc_against_oppo,goals_against_oppo,hits_against_oppo,goals_pp_against_oppo,shots_against_oppo,shots_blocked_against_oppo,poss_giveaway_against_oppo,poss_takeaway_against_oppo,win_against_oppo,seasonIdx_against_oppo,gameDate_against_oppo,gameEnd_against_oppo,gameDate_prev_against_oppo,gameDate_del_against_oppo,gameIdx_now_against_oppo,gameIdx_next_against_oppo,fenwick_for_oppo,corsi_for_oppo,fenwick_against_oppo,corsi_against_oppo,corsi_lvl_oppo,corsi_pct_oppo,fenwick_lvl_oppo,rshots_for_oppo,rshots_blocked_for_oppo,rshots_against_oppo,rshots_blocked_against_oppo,rgoals_for_oppo,rgoals_against_oppo,rpe_oppo,rpe_10_oppo,rwin_oppo,rgame_oppo,rwp_oppo,rfenwick_for_oppo,rfenwick_against_oppo,rfenwick_lvl_oppo,rcorsi_for_oppo,rcorsi_against_oppo,rcorsi_lvl_oppo,rcorsi_pct_oppo,fenwick_lvl_for,corsi_lvl_for,rpe_for,rwin_for,rgame_for,wp,kpi_corsi,kpi_fenwick,kpi_pe,rwin_fittedPE,wp_own,wp_ow,wp_oow,rpi,pairwise_win,kpi_pairwise,kpi_rpi,kpi_wp,Final,team_tri_for_against,fenwick_lvl_against,corsi_lvl_against,rpe_against,rwin_against,rgame_against,wp_against,kpi_corsi_against,kpi_fenwick_against,kpi_pe_against,rwin_fittedPE_against,wp_own_against,wp_ow_against,wp_oow_against,rpi_against,pairwise_win_against,kpi_pairwise_against,kpi_rpi_against,kpi_wp_against,Final_against,idx_OppoGood,idx_OppoBetter,win_for_better,win_for_expected,yr_season
0,FLA,2026020001,away,1,5.0,0.0,2.0,0.0,1.0,1.0,1,2,2026-09-29,OT,,,,CAR,2026020001,home,0,8.0,0.0,1.0,2.0,0.0,0.0,0,2,2026-09-29,OT,,,FLA_CAR_2026-09-29,,2.0,2.0,1.0,3.0,-1.0,0.4,1.0,2.0,0.0,1.0,2.0,1,0,1.0,,1,1,1.0,2.0,1.0,1.0,2.0,3.0,-1.0,0.4,CAR,2026020001,home,0,8.0,0.0,1.0,2.0,0.0,0.0,0,2,2026-09-29,OT,,,FLA_CAR_2026-09-29,,FLA,2026020001,away,1,5.0,0.0,2.0,0.0,1.0,1.0,1,2,2026-09-29,OT,,,FLA_CAR_2026-09-29,,1.0,3.0,2.0,2.0,1.0,0.6,-1.0,1.0,2.0,2.0,0.0,0,1,0.0,,0,1,0.0,1.0,2.0,-1.0,3.0,2.0,1.0,0.6,1.0,-1.0,1.0,1,1,1.0,0.4375,0.6,1.0,69.90696799999999,1.0,0.0,0.0,0.25,1,,0.0,1.0,0.85,CAR,-1.0,1.0,0.0,0,1,0.0,0.5625,0.4,0.0,3.517882,0.0,1.0,0.0,0.5,1,,1.0,0.0,0.1,False,False,0,0,2026
1,CAR,2026020001,home,0,8.0,0.0,1.0,2.0,0.0,0.0,0,2,2026-09-29,OT,,,,FLA,2026020001,away,1,5.0,0.0,2.0,0.0,1.0,1.0,1,2,2026-09-29,OT,,,FLA_CAR_2026-09-29,,1.0,3.0,2.0,2.0,1.0,0.6,-1.0,1.0,2.0,2.0,0.0,0,1,0.0,,0,1,0.0,1.0,2.0,-1.0,3.0,2.0,1.0,0.6,FLA,2026020001,away,1,5.0,0.0,2.0,0.0,1.0,1.0,1,2,2026-09-29,OT,,,FLA_CAR_2026-09-29,,CAR,2026020001,home,0,8.0,0.0,1.0,2.0,0.0,0.0,0,2,2026-09-29,OT,,,FLA_CAR_2026-09-29,,2.0,2.0,1.0,3.0,-1.0,0.4,1.0,2.0,0.0,1.0,2.0,1,0,1.0,,1,1,1.0,2.0,1.0,1.0,2.0,3.0,-1.0,0.4,-1.0,1.0,0.0,0,1,0.0,0.5625,0.4,0.0,3.517882,0.0,1.0,0.0,0.5,1,,1.0,0.0,0.1,FLA,1.0,-1.0,1.0,1,1,1.0,0.4375,0.6,1.0,69.90696799999999,1.0,0.0,0.0,0.25,1,,0.0,1.0,0.85,False,True,0,0,2026
2,MTL,2026020002,away,3,3.0,0.0,6.0,2.0,1.0,1.0,1,2,2026-09-29,REG,,,,TOR,2026020002,home,2,4.0,0.0,1.0,4.0,1.0,1.0,0,2,2026-09-29,REG,,,MTL_TOR_2026-09-29,NYI_TOR_2026-09-30,6.0,8.0,1.0,5.0,3.0,0.6153846153846154,5.0,6.0,2.0,1.0,4.0,3,2,0.6923076923076923,,1,1,1.0,6.0,1.0,5.0,8.0,5.0,3.0,0.6153846153846154,TOR,2026020002,home,2,4.0,0.0,1.0,4.0,1.0,1.0,0,2,2026-09-29,REG,,,MTL_TOR_2026-09-29,NYI_TOR_2026-09-30,MTL,2026020002,away,3,3.0,0.0,6.0,2.0,1.0,1.0,1,2,2026-09-29,REG,,,MTL_TOR_2026-09-29,,1.0,5.0,6.0,8.0,-3.0,0.38461538461538464,-5.0,1.0,4.0,6.0,2.0,2,3,0.3076923076923077,,0,1,0.0,1.0,6.0,-5.0,5.0,8.0,-3.0,0.38461538461538464,5.0,3.0,0.6923076923076923,1,1,1.0,0.6875,1.0,0.6923076923076923,49.47955692307692,1.0,0.0,0.0,0.25,1,,0.0,1.0,0.95,TOR,-4.0,2.0,0.5,1,2,0.5,0.625,0.1,0.5,36.712425,0.5,0.5,0.0,0.375,1,,0.5,0.5,0.6,False,False,0,0,2026
3,TOR,2026020002,home,2,4.0,0.0,1.0,4.0,1.0,1.0,0,2,2026-09-29,REG,,,NYI_TOR_2026-09-30,MTL,2026020002,away,3,3.0,0.0,6.0,2.0,1.0,1.0,1,2,2026-09-29,REG,,,MTL_TOR_2026-09-29,,1.0,5.0,6.0,8.0,-3.0,0.38461538461538464,-5.0,1.0,4.0,6.0,2.0,2,3,0.3076923076923077,,0,1,0.0,1.0,6.0,-5.0,5.0,8.0,-3.0,0.38461538461538464,MTL,2026020002,away,3,3.0,0.0,6.0,2.0,1.0,1.0,1,2,2026-09-29,REG,,,MTL_TOR_2026-09-29,,TOR,2026020002,home,2,4.0,0.0,1.0,4.0,1.0,1.0,0,2,2026-09-29,REG,,,MTL_TOR_2026-09-29,NYI_TOR_2026-09-30,6.0,8.0,1.0,5.0,3.0,0.6153846153846154,5.0,6.0,2.0,1.0,4.0,3,2,0.6923076923076923,,1,1,1.0,6.0,1.0,5.0,8.0,5.0,3.0,0.6153846153846154,-4.0,2.0,0.5,1,2,0.5,0.625,0.1,0.5,36.712425,0.5,0.5,0.0,0.375,1,,0.5,0.5,0.6,MTL,5.0,3.0,0.6923076923076923,1,1,1.0,0.6875,1.0,0.6923076923076923,49.47955692307692,1.0,0.0,0.0,0.25,1,,0.0,1.0,0.95,False,True,0,0,2026
4,TOR,2026020008,home,2,2.0,0.0,2.0,5.0,2.0,1.0,1,2,2026-09-30,REG,2026-09-29,1 days,,NYI,2026020008,away,1,4.0,0.0,1.0,1.0,1.0,0.0,0,2,2026-09-30,REG,,,NYI_TOR_2026-09-30,,2.0,7.0,1.0,2.0,5.0,0.7777777777777778,1.0,3.0,9.0,7.0,3.0,4,4,0.5,,1,2,0.5,3.0,7.0,-4.0,12.0,10.0,2.0,0.5454545454545454,NYI,2026020008,away,1,4.0,0.0,1.0,1.0,1.0,0.0,0,2,2026-09-30,REG,,,NYI_TOR_2026-09-30,,TOR,2026020008,home,2,2.0,0.0,2.0,5.0,2.0,1.0,1,2,2026-09-30,REG,2026-09-29,1 days,NYI_TOR_2026-09-30,,1.0,2.0,2.0,7.0,-5.0,0.2222222222222222,-1.0,1.0,1.0,2.0,5.0,1,2,0.2,,0,1,0.0,1.0,2.0,-1.0,2.0,7.0,-5.0,0.2222222222222222,-4.0,2.0,0.5,1,2,0.5,0.625,0.1,0.5,36.712425,0.5,0.5,0.0,0.375,1,,0.5,0.5,0.6,NYI,-1.0,-5.0,0.2,0,1,0.0,0.1875,0.4,0.2,16.7956992,0.0,0.5,0.0,0.25,1,,0.0,0.0,0.05,False,True,0,1,2026
5,NYR,2026020003,away,0,6.0,0.0,4.0,1.0,4.0,0.0,0,2,2026-09-29,REG,,,TBL_NYR_2026-10-01,BOS,2026020003,home,3,0.0,0.0,1.0,0.0,1.0,0.0,1,2,2026-09-29,REG,,,NYR_BOS_2026-09-29,,4.0,5.0,1.0,1.0,4.0,0.8333333333333334,3.0,4.0,1.0,1.0,0.0,0,3,0.0,,0,1,0.0,4.0,1.0,3.0,5.0,1.0,4.0,0.8333333333333334,BOS,2026020003,home,3,0.0,0.0,1.0,0.0,1.0,0.0,1,2,2026-09-29,REG,,,NYR_BOS_2026-09-29,,NYR,2026020003,away,0,6.0,0.0,4.0,1.0,4.0,0.0,0,2,2026-09-29,REG,,,NYR_BOS_2026-09-29,TBL_NYR_2026-10-01,1.0,1.0,4.0,5.0,-4.0,0.16666666666666666,-3.0,1.0,0.0,4.0,1.0,3,0,1.0,,1,1,1.0,1.0,4.0,-3.0,1.0,5.0,-4.0,0.16666666666666666,5.0,8.0,0.6097560975609756,1,2,0.5,1.0,1.0,0.6097560975609756,43.999032,0.5,0.5,0.0,0.375,1,,0.5,0.5,1.0,BOS,-3.0,-4.0,1.0,1,1,1.0,0.25,0.2,1.0,69.90696799999999,1.0,0.0,0.0,0.25,1,,0.0,1.0,0.65,False,True,0,0,2026
6,NYR,2026020010,home,5,3.0,0.0,4.0,3.0,1.0,1.0,1,2,2026-10-01,REG,2026-09-29,2 days,,TBL,2026020010,away,1,5.0,0.0,2.0,1.0,2.0,1.0,0,2,2026-10-01,REG,,,TBL_NYR_2026-10-01,,4.0,7.0,2.0,3.0,4.0,0.7,2.0,8.0,4.0,3.0,1.0,5,4,0.6097560975609756,,1,2,0.5,8.0,3.0,5.0,12.0,4.0,8.0,0.75,TBL,2026020010,away,1,5.0,0.0,2.0,1.0,2.0,1.0,0,2,2026-10-01,REG,,,TBL_NYR_2026-10-01,,NYR,2026020010,home,5,3.0,0.0,4.0,3.0,1.0,1.0,1,2,2026-10-01,REG,2026-09-29,2 days,TBL_NYR_2026-10-01,,2.0,3.0,4.0,7.0,-4.0,0.3,-2.0,2.0,1.0,4.0,3.0,1,5,0.038461538461538464,,0,1,0.0,2.0,4.0,-2.0,3.0,7.0,-4.0,0.3,5.0,8.0,0.6097560975609756,1,2,0.5,1.0,1.0,0.6097560975609756,43.999032,0.5,0.5,0.0,0.375,1,,0.5,0.5,1.0,TBL,-2.0,-4.0,0.038461538461538464,0,1,0.0,0.25,0.3,0.038461538461538464,6.071308384615386,0.0,0.5,0.0,0.25,1,,0.0,0.0,0.0,False,True,0,1,2026
7,BOS,2026020003,home,3,0.0,0.0,1.0,0.0,1.0,0.0,1,2,2026-09-29,REG,,,,NYR,2026020003,away,0,6.0,0.0,4.0,1.0,4.0,0.0,0,2,2026-09-29,REG,,,NYR_BOS_2026-09-29,TBL_NYR_2026-10-01,1.0,1.0,4.0,5.0,-4.0,0.16666666666666666,-3.0,1.0,0.0,4.0,1.0,3,0,1.0,,1,1,1.0,1.0,4.0,-3.0,1.0,5.0,-4.0,0.16666666666666666,NYR,2026020003,away,0,6.0,0.0,4.0,1.0,4.0,0.0,0,2,2026-09-29,REG,,,NYR_BOS_2026-09-29,TBL_NYR_2026-10-01,BOS,2026020003,home,3,0.0,0.0,1.0,0.0,1.0,0.0,1,2,2026-09-29,REG,,,NYR_BOS_2026-09-29,,4.0,5.0,1.0,1.0,4.0,0.8333333333333334,3.0,4.0,1.0,1.0,0.0,0,3,0.0,,0,1,0.0,4.0,1.0,3.0,5.0,1.0,4.0,0.8333333333333334,-3.0,-4.0,1.0,1,1,1.0,0.25,0.2,1.0,69.90696799999999,1.0,0.0,0.0,0.25,1,,0.0,1.0,0.65,NYR,5.0,8.0,0.6097560975609756,1,2,0.5,1.0,1.0,0.6097560975609756,43.999032,0.5,0.5,0.0,0.375,1,,0.5,0.5,1.0,False,False,0,0,2026
8,VAN,2026020004,away,6,1.0,0.0,3.0,0.0,2.0,0.0,1,2,2026-09-29,OT,,,,EDM,2026020004,home,5,5.0,0.0,7.0,3.0,2.0,0.0,0,2,2026-09-29,OT,,,VAN_EDM_2026-09-29,,3.0,3.0,7.0,10.0,-7.0,0.23076923076923078,-4.0,3.0,0.0,7.0,3.0,6,5,0.5901639344262295,,1,1,1.0,3.0,7.0,-4.0,3.0,10.0,-7.0,0.23076923076923078,EDM,2026020004,home,5,5.0,0.0,7.0,3.0,2.0,0.0,0,2,2026-09-29,OT,,,VAN_EDM_2026-09-29,,VAN,2026020004,away,6,1.0,0.0,3.0,0.0,2.0,0.0,1,2,2026-09-29,OT,,,VAN_EDM_2026-09-29,,7.0,10.0,3.0,3.0,7.0,0.7692307692307693,4.0,7.0,3.0,3.0,0.0,5,6,0.4098360655737705,,0,1,0.0,7.0,3.0,4.0,10.0,3.0,7.0,0.7692307692307693,-4.0,-7.0,0.5901639344262295,1,1,1.0,0.0625,0.1,0.5901639344262295,42.69832619672131,1.0,0.0,0.0,0.25,1,,0.0,1.0,0.55,EDM,4.0,7.0,0.4098360655737705,0,1,0.0,0.9375,0.9,0.4098360655737705,30.72652380327869,0.0,1.0,0.0,0.5,1,,1.0,0.0,0.35,False,False,0,0,2026
9,EDM,2026020004,home,5,5.0,0.0,7.0,3.0,2.0,0.0,0,2,2026-09-29,OT,,,,VAN,2026020004,away,6,1.0,0.0,3.0,0.0,2.0,0.0,1,2,2026-09-29,OT,,,VAN_EDM_2026-09-29,,7.0,10.0,3.0,3.0,7.0,0.7692307692307693,4.0,7.0,3.0,3.0,0.0,5,6,0.4098360655737705,,0,1,0.0,7.0,3.0,4.0,10.0,3.0,7.0,0.7692307692307693,VAN,2026020004,away,6,1.0,0.0,3.0,0.0,2.0,0.0,1,2,2026-09-29,OT,,,VAN_EDM_2026-09-29,,EDM,2026020004,home,5,5.0,0.0,7.0,3.0,2.0,0.0,0,2,2026-09-29,OT,,,VAN_EDM_2026-09-29,,3.0,3.0,7.0,10.0,-7.0,0.23076923076923078,-4.0,3.0,0.0,7.0,3.0,6,5,0.5901639344262295,,1,1,1.0,3.0,7.0,-4.0,3.0,10.0,-7.0,0.23076923076923078,4.0,7.0,0.4098360655737705,0,1,0.0,0.9375,0.9,0.4098360655737705,30.72652380327869,0.0,1.0,0.0,0.5,1,,1.0,0.0,0.35,VAN,-4.0,-7.0,0.5901639344262295,1,1,1.0,0.0625,0.1,0.5901639344262295,42.69832619672131,1.0,0.0,0.0,0.25,1,,0.0,1.0,0.55,False,True,0,0,2026
10,CHI,2026020005,away,2,1.0,0.0,4.0,2.0,0.0,0.0,0,2,2026-09-29,REG,,,,VGK,2026020005,home,5,1.0,0.0,3.0,0.0,4.0,1.0,1,2,2026-09-29,REG,,,CHI_VGK_2026-09-29,,4.0,6.0,3.0,3.0,3.0,0.6666666666666666,1.0,4.0,2.0,3.0,0.0,2,5,0.13793103448275862,,0,1,0.0,4.0,3.0,1.0,6.0,3.0,3.0,0.6666666666666666,VGK,2026020005,home,5,1.0,0.0,3.0,0.0,4.0,1.0,1,2,2026-09-29,REG,,,CHI_VGK_2026-09-29,,CHI,2026020005,away,2,1.0,0.0,4.0,2.0,0.0,0.0,0,2,2026-09-29,REG,,,CHI_VGK_2026-09-29,,3.0,3.0,4.0,6.0,-3.0,0.3333333333333333,-1.0,3.0,0.0,4.0,2.0,5,2,0.8620689655172413,,1,1,1.0,3.0,4.0,-1.0,3.0,6.0,-3.0,0.3333333333333333,1.0,3.0,0.13793103448275862,0,1,0.0,0.6875,0.6,0.13793103448275862,12.674997310344827,0.0,1.0,0.0,0.5,1,,1.0,0.0,0.2,VGK,-1.0,-3.0,0.8620689655172413,1,1,1.0,0.3125,0.4,0.8620689655172413,60.74985268965517,1.0,0.0,0.0,0.25,1,,0.0,1.0,0.75,False,True,0,0,2026
11,VGK,2026020005,home,5,1.0,0.0,3.0,0.0,4.0,1.0,1,2,2026-09-29,REG,,,,CHI,2026020005,away,2,1.0,0.0,4.0,2.0,0.0,0.0,0,2,2026-09-29,REG,,,CHI_VGK_2026-09-29,,3.0,3.0,4.0,6.0,-3.0,0.3333333333333333,-1.0,3.0,0.0,4.0,2.0,5,2,0.8620689655172413,,1,1,1.0,3.0,4.0,-1.0,3.0,6.0,-3.0,0.3333333333333333,CHI,2026020005,away,2,1.0,0.0,4.0,2.0,0.0,0.0,0,2,2026-09-29,REG,,,CHI_VGK_2026-09-29,,VGK,2026020005,home,5,1.0,0.0,3.0,0.0,4.0,1.0,1,2,2026-09-29,REG,,,CHI_VGK_2026-09-29,,4.0,6.0,3.0,3.0,3.0,0.6666666666666666,1.0,4.0,2.0,3.0,0.0,2,5,0.13793103448275862,,0,1,0.0,4.0,3.0,1.0,6.0,3.0,3.0,0.6666666666666666,-1.0,-3.0,0.8620689655172413,1,1,1.0,0.3125,0.4,0.8620689655172413,60.74985268965517,1.0,0.0,0.0,0.25,1,,0.0,1.0,0.75,CHI,1.0,3.0,0.13793103448275862,0,1,0.0,0.6875,0.6,0.13793103448275862,12.674997310344827,0.0,1.0,0.0,0.5,1,,1.0,0.0,0.2,False,False,0,0,2026
12,NYI,2026020008,away,1,4.0,0.0,1.0,1.0,1.0,0.0,0,2,2026-09-30,REG,,,,TOR,2026020008,home,2,2.0,0.0,2.0,5.0,2.0,1.0,1,2,2026-09-30,REG,2026-09-29,1 days,NYI_TOR_2026-09-30,,1.0,2.0,2.0,7.0,-5.0,0.2222222222222222,-1.0,1.0,1.0,2.0,5.0,1,2,0.2,,0,1,0.0,1.0,2.0,-1.0,2.0,7.0,-5.0,0.2222222222222222,TOR,2026020008,home,2,2.0,0.0,2.0,5.0,2.0,1.0,1,2,2026-09-30,REG,2026-09-29,1 days,NYI_TOR_2026-09-30,,NYI,2026020008,away,1,4.0,0.0,1.0,1.0,1.0,0.0,0,2,2026-09-30,REG,,,NYI_TOR_2026-09-30,,2.0,7.0,1.0,2.0,5.0,0.7777777777777778,1.0,3.0,9.0,7.0,3.0,4,4,0.5,,1,2,0.5,3.0,7.0,-4.0,12.0,10.0,2.0,0.5454545454545454,-1.0,-5.0,0.2,0,1,0.0,0.1875,0.4,0.2,16.7956992,0.0,0.5,0.0,0.25,1,,0.0,0.0,0.05,TOR,-4.0,2.0,0.5,1,2,0.5,0.625,0.1,0.5,36.712425,0.5,0.5,0.0,0.375,1,,0.5,0.5,0.6,False,False,0,0,2026
13,PIT,2026020006,away,7,2.0,0.0,6.0,2.0,0.0,0.0,1,2,2026-09-30,REG,,,,PHI,2026020006,home,0,3.0,0.0,5.0,0.0,5.0,1.0,0,2,2026-09-30,REG,,,PIT_PHI_2026-09-30,PHI_NJD_2026-10-01,6.0,8.0,5.0,5.0,3.0,0.6153846153846154,1.0,6.0,2.0,5.0,0.0,7,0,1.0,,1,1,1.0,6.0,5.0,1.0,8.0,5.0,3.0,0.6153846153846154,PHI,2026020006,home,0,3.0,0.0,5.0,0.0,5.0,1.0,0,2,2026-09-30,REG,,,PIT_PHI_2026-09-30,PHI_NJD_2026-10-01,PIT,2026020006,away,7,2.0,0.0,6.0,2.0,0.0,0.0,1,2,2026-09-30,REG,,,PIT_PHI_2026-09-30,,5.0,5.0,6.0,8.0,-3.0,0.38461538461538464,-1.0,5.0,0.0,6.0,2.0,0,7,0.0,,0,1,0.0,5.0,6.0,-1.0,5.0,8.0,-3.0,0.38461538461538464,1.0,3.0,1.0,1,1,1.0,0.6875,0.6,1.0,69.90696799999999,1.0,0.0,0.0,0.25,1,,0.0,1.0,0.9,PHI,3.0,5.0,0.038461538461538464,0,2,0.0,0.8125,0.8,0.038461538461538464,6.071308384615386,0.0,1.0,0.0,0.5,1,,1.0,0.0,0.3,False,False,0,0,2026
14,PHI,2026020006,home,0,3.0,0.0,5.0,0.0,5.0,1.0,0,2,2026-09-30,REG,,,PHI_NJD_2026-10-01,PIT,2026020006,away,7,2.0,0.0,6.0,2.0,0.0,0.0,1,2,2026-09-30,REG,,,PIT_PHI_2026-09-30,,5.0,5.0,6.0,8.0,-3.0,0.38461538461538464,-1.0,5.0,0.0,6.0,2.0,0,7,0.0,,0,1,0.0,5.0,6.0,-1.0,5.0,8.0,-3.0,0.38461538461538464,PIT,2026020006,away,7,2.0,0.0,6.0,2.0,0.0,0.0,1,2,2026-09-30,REG,,,PIT_PHI_2026-09-30,,PHI,2026020006,home,0,3.0,0.0,5.0,0.0,5.0,1.0,0,2,2026-09-30,REG,,,PIT_PHI_2026-09-30,PHI_NJD_2026-10-01,6.0,8.0,5.0,5.0,3.0,0.6153846153846154,1.0,6.0,2.0,5.0,0.0,7,0,1.0,,1,1,1.0,6.0,5.0,1.0,8.0,5.0,3.0,0.6153846153846154,3.0,5.0,0.038461538461538464,0,2,0.0,0.8125,0.8,0.038461538461538464,6.071308384615386,0.0,1.0,0.0,0.5,1,,1.0,0.0,0.3,PIT,1.0,3.0,1.0,1,1,1.0,0.6875,0.6,1.0,69.90696799999999,1.0,0.0,0.0,0.25,1,,0.0,1.0,0.9,False,True,0,0,2026
15,PHI,2026020009,away,2,4.0,0.0,4.0,5.0,4.0,0.0,0,2,2026-10-01,OT,2026-09-30,1 days,,NJD,2026020009,home,3,5.0,0.0,0.0,1.0,1.0,0.0,1,2,2026-10-01,OT,,,PHI_NJD_2026-10-01,,4.0,9.0,0.0,1.0,8.0,0.9,4.0,9.0,5.0,6.0,3.0,2,10,0.038461538461538464,,0,2,0.0,9.0,6.0,3.0,14.0,9.0,5.0,0.6086956521739131,NJD,2026020009,home,3,5.0,0.0,0.0,1.0,1.0,0.0,1,2,2026-10-01,OT,,,PHI_NJD_2026-10-01,,PHI,2026020009,away,2,4.0,0.0,4.0,5.0,4.0,0.0,0,2,2026-10-01,OT,2026-09-30,1 days,PHI_NJD_2026-10-01,,0.0,1.0,4.0,9.0,-8.0,0.1,-4.0,0.0,1.0,4.0,5.0,3,2,0.6923076923076923,,1,1,1.0,0.0,4.0,-4.0,1.0,9.0,-8.0,0.1,3.0,5.0,0.038461538461538464,0,2,0.0,0.8125,0.8,0.038461538461538464,6.071308384615386,0.0,1.0,0.0,0.5,1,,1.0,0.0,0.3,NJD,-4.0,-8.0,0.6923076923076923,1,1,1.0,0.0,0.1,0.6923076923076923,49.47955692307692,1.0,0.0,0.0,0.25,1,,0.0,1.0,0.5,False,True,0,0,2026
16,LAK,2026020007,away,4,2.0,0.0,5.0,2.0,2.0,1.0,0,2,2026-09-30,REG,,,,COL,2026020007,home,8,2.0,0.0,0.0,1.0,1.0,0.0,1,2,2026-09-30,REG,,,LAK_COL_2026-09-30,,5.0,7.0,0.0,1.0,6.0,0.875,5.0,5.0,2.0,0.0,1.0,4,8,0.2,,0,1,0.0,5.0,0.0,5.0,7.0,1.0,6.0,0.875,COL,2026020007,home,8,2.0,0.0,0.0,1.0,1.0,0.0,1,2,2026-09-30,REG,,,LAK_COL_2026-09-30,,LAK,2026020007,away,4,2.0,0.0,5.0,2.0,2.0,1.0,0,2,2026-09-30,REG,,,LAK_COL_2026-09-30,,0.0,1.0,5.0,7.0,-6.0,0.125,-5.0,0.0,1.0,5.0,2.0,8,4,0.8,,1,1,1.0,0.0,5.0,-5.0,1.0,7.0,-6.0,0.125,5.0,6.0,0.2,0,1,0.0,0.875,1.0,0.2,16.7956992,0.0,1.0,0.0,0.5,1,,1.0,0.0,0.4,COL,-5.0,-6.0,0.8,1,1,1.0,0.125,0.0,0.8,56.6291508,1.0,0.0,0.0,0.25,1,,0.0,1.0,0.45,False,True,0,0,2026
17,COL,2026020007,home,8,2.0,0.0,0.0,1.0,1.0,0.0,1,2,2026-09-30,REG,,,,LAK,2026020007,away,4,2.0,0.0,5.0,2.0,2.0,1.0,0,2,2026-09-30,REG,,,LAK_COL_2026-09-30,,0.0,1.0,5.0,7.0,-6.0,0.125,-5.0,0.0,1.0,5.0,2.0,8,4,0.8,,1,1,1.0,0.0,5.0,-5.0,1.0,7.0,-6.0,0.125,LAK,2026020007,away,4,2.0,0.0,5.0,2.0,2.0,1.0,0,2,2026-09-30,REG,,,LAK_COL_2026-09-30,,COL,2026020007,home,8,2.0,0.0,0.0,1.0,1.0,0.0,1,2,2026-09-30,REG,,,LAK_COL_2026-09-30,,5.0,7.0,0.0,1.0,6.0,0.875,5.0,5.0,2.0,0.0,1.0,4,8,0.2,,0,1,0.0,5.0,0.0,5.0,7.0,1.0,6.0,0.875,-5.0,-6.0,0.8,1,1,1.0,0.125,0.0,0.8,56.6291508,1.0,0.0,0.0,0.25,1,,0.0,1.0,0.45,LAK,5.0,6.0,0.2,0,1,0.0,0.875,1.0,0.2,16.7956992,0.0,1.0,0.0,0.5,1,,1.0,0.0,0.4,False,False,0,0,2026
18,BUF,2026020011,away,3,2.0,0.0,2.0,1.0,3.0,0.0,0,2,2026-10-01,REG,,,,CBJ,2026020011,home,6,4.0,0.0,0.0,2.0,3.0,1.0,1,2,2026-10-01,REG,,,BUF_CBJ_2026-10-01,,2.0,3.0,0.0,2.0,1.0,0.6,2.0,2.0,1.0,0.0,2.0,3,6,0.2,,0,1,0.0,2.0,0.0,2.0,3.0,2.0,1.0,0.6,CBJ,2026020011,home,6,4.0,0.0,0.0,2.0,3.0,1.0,1,2,2026-10-01,REG,,,BUF_CBJ_2026-10-01,,BUF,2026020011,away,3,2.0,0.0,2.0,1.0,3.0,0.0,0,2,2026-10-01,REG,,,BUF_CBJ_2026-10-01,,0.0,2.0,2.0,3.0,-1.0,0.4,-2.0,0.0,2.0,2.0,1.0,6,3,0.8,,1,1,1.0,0.0,2.0,-2.0,2.0,3.0,-1.0,0.4,2.0,1.0,0.2,0,1,0.0,0.5625,0.7,0.2,16.7956992,0.0,1.0,0.0,0.5,1,,1.0,0.0,0.25,CBJ,-2.0,-1.0,0.8,1,1,1.0,0.4375,0.3,0.8,56.6291508,1.0,0.0,0.0,0.25,1,,0.0,1.0,0.7,False,True,0,0,2026
19,CBJ,2026020011,home,6,4.0,0.0,0.0,2.0,3.0,1.0,1,2,2026-10-01,REG,,,,BUF,2026020011,away,3,2.0,0.0,2.0,1.0,3.0,0.0,0,2,2026-10-01,REG,,,BUF_CBJ_2026-10-01,,0.0,2.0,2.0,3.0,-1.0,0.4,-2.0,0.0,2.0,2.0,1.0,6,3,0.8,,1,1,1.0,0.0,2.0,-2.0,2.0,3.0,-1.0,0.4,BUF,2026020011,away,3,2.0,0.0,2.0,1.0,3.0,0.0,0,2,2026-10-01,REG,,,BUF_CBJ_2026-10-01,,CBJ,2026020011,home,6,4.0,0.0,0.0,2.0,3.0,1.0,1,2,2026-10-01,REG,,,BUF_CBJ_2026-10-01,,2.0,3.0,0.0,2.0,1.0,0.6,2.0,2.0,1.0,0.0,2.0,3,6,0.2,,0,1,0.0,2.0,0.0,2.0,3.0,2.0,1.0,0.6,-2.0,-1.0,0.8,1,1,1.0,0.4375,0.3,0.8,56.6291508,1.0,0.0,0.0,0.25,1,,0.0,1.0,0.7,BUF,2.0,1.0,0.2,0,1,0.0,0.5625,0.7,0.2,16.7956992,0.0,1.0,0.0,0.5,1,,1.0,0.0,0.25,False,False,0,0,2026
20,NJD,2026020009,home,3,5.0,0.0,0.0,1.0,1.0,0.0,1,2,2026-10-01,OT,,,,PHI,2026020009,away,2,4.0,0.0,4.0,5.0,4.0,0.0,0,2,2026-10-01,OT,2026-09-30,1 days,PHI_NJD_2026-10-01,,0.0,1.0,4.0,9.0,-8.0,0.1,-4.0,0.0,1.0,4.0,5.0,3,2,0.6923076923076923,,1,1,1.0,0.0,4.0,-4.0,1.0,9.0,-8.0,0.1,PHI,2026020009,away,2,4.0,0.0,4.0,5.0,4.0,0.0,0,2,2026-10-01,OT,2026-09-30,1 days,PHI_NJD_2026-10-01,,NJD,2026020009,home,3,5.0,0.0,0.0,1.0,1.0,0.0,1,2,2026-10-01,OT,,,PHI_NJD_2026-10-01,,4.0,9.0,0.0,1.0,8.0,0.9,4.0,9.0,5.0,6.0,3.0,2,10,0.038461538461538464,,0,2,0.0,9.0,6.0,3.0,14.0,9.0,5.0,0.6086956521739131,-4.0,-8.0,0.6923076923076923,1,1,1.0,0.0,0.1,0.6923076923076923,49.47955692307692,1.0,0.0,0.0,0.25,1,,0.0,1.0,0.5,PHI,3.0,5.0,0.038461538461538464,0,2,0.0,0.8125,0.8,0.038461538461538464,6.071308384615386,0.0,1.0,0.0,0.5,1,,1.0,0.0,0.3,False,False,0,0,2026
21,TBL,2026020010,away,1,5.0,0.0,2.0,1.0,2.0,1.0,0,2,2026-10-01,REG,,,,NYR,2026020010,home,5,3.0,0.0,4.0,3.0,1.0,1.0,1,2,2026-10-01,REG,2026-09-29,2 days,TBL_NYR_2026-10-01,,2.0,3.0,4.0,7.0,-4.0,0.3,-2.0,2.0,1.0,4.0,3.0,1,5,0.038461538461538464,,0,1,0.0,2.0,4.0,-2.0,3.0,7.0,-4.0,0.3,NYR,2026020010,home,5,3.0,0.0,4.0,3.0,1.0,1.0,1,2,2026-10-01,REG,2026-09-29,2 days,TBL_NYR_2026-10-01,,TBL,2026020010,away,1,5.0,0.0,2.0,1.0,2.0,1.0,0,2,2026-10-01,REG,,,TBL_NYR_2026-10-01,,4.0,7.0,2.0,3.0,4.0,0.7,2.0,8.0,4.0,3.0,1.0,5,4,0.6097560975609756,,1,2,0.5,8.0,3.0,5.0,12.0,4.0,8.0,0.75,-2.0,-4.0,0.038461538461538464,0,1,0.0,0.25,0.3,0.038461538461538464,6.071308384615386,0.0,0.5,0.0,0.25,1,,0.0,0.0,0.0,NYR,5.0,8.0,0.6097560975609756,1,2,0.5,1.0,1.0,0.6097560975609756,43.999032,0.5,0.5,0.0,0.375,1,,0.5,0.5,1.0,False,False,0,0,2026
22,MIN,2026020012,away,3,1.0,0.0,2.0,1.0,0.0,0.0,1,2,2026-10-01,REG,,,,NSH,2026020012,home,1,2.0,0.0,2.0,3.0,3.0,0.0,0,2,2026-10-01,REG,,,MIN_NSH_2026-10-01,,2.0,3.0,2.0,5.0,-2.0,0.375,0.0,2.0,1.0,2.0,3.0,3,1,0.9,,1,1,1.0,2.0,2.0,0.0,3.0,5.0,-2.0,0.375,NSH,2026020012,home,1,2.0,0.0,2.0,3.0,3.0,0.0,0,2,2026-10-01,REG,,,MIN_NSH_2026-10-01,,MIN,2026020012,away,3,1.0,0.0,2.0,1.0,0.0,0.0,1,2,2026-10-01,REG,,,MIN_NSH_2026-10-01,,2.0,5.0,2.0,3.0,2.0,0.625,0.0,2.0,3.0,2.0,1.0,1,3,0.1,,0,1,0.0,2.0,2.0,0.0,5.0,3.0,2.0,0.625,0.0,-2.0,0.9,1,1,1.0,0.375,0.5,0.9,63.2680594,1.0,0.0,0.0,0.25,1,,0.0,1.0,0.8,NSH,0.0,2.0,0.1,0,1,0.0,0.625,0.5,0.1,10.1567906,0.0,1.0,0.0,0.5,1,,1.0,0.0,0.15,False,False,0,0,2026
23,NSH,2026020012,home,1,2.0,0.0,2.0,3.0,3.0,0.0,0,2,2026-10-01,REG,,,,MIN,2026020012,away,3,1.0,0.0,2.0,1.0,0.0,0.0,1,2,2026-10-01,REG,,,MIN_NSH_2026-10-01,,2.0,5.0,2.0,3.0,2.0,0.625,0.0,2.0,3.0,2.0,1.0,1,3,0.1,,0,1,0.0,2.0,2.0,0.0,5.0,3.0,2.0,0.625,MIN,2026020012,away,3,1.0,0.0,2.0,1.0,0.0,0.0,1,2,2026-10-01,REG,,,MIN_NSH_2026-10-01,,NSH,2026020012,home,1,2.0,0.0,2.0,3.0,3.0,0.0,0,2,2026-10-01,REG,,,MIN_NSH_2026-10-01,,2.0,3.0,2.0,5.0,-2.0,0.375,0.0,2.0,1.0,2.0,3.0,3,1,0.9,,1,1,1.0,2.0,2.0,0.0,3.0,5.0,-2.0,0.375,0.0,2.0,0.1,0,1,0.0,0.625,0.5,0.1,10.1567906,0.0,1.0,0.0,0.5,1,,1.0,0.0,0.15,MIN,0.0,-2.0,0.9,1,1,1.0,0.375,0.5,0.9,63.2680594,1.0,0.0,0.0,0.25,1,,0.0,1.0,0.8,False,True,0,0,2026
