gameType,gameid,homeTeam.id,homeTeam.abbrev,awayTeam.id,awayTeam.abbrev,odds_description,home_odds_value,away_odds_value,bettingPartner,startTimeUTC,lastUpdatedUTC
1,2026010001,19,STL,25,DAL,PUCK_LINE,-175.0,135.0,DraftKings,2026-09-19T23:00:00Z,2026-09-19T21:30:38Z
1,2026010001,19,STL,25,DAL,OVER_UNDER,-298.0,220.0,DraftKings,2026-09-19T23:00:00Z,2026-09-19T21:30:38Z
1,2026010001,19,STL,25,DAL,MONEY_LINE_3_WAY,120.0,165.0,DraftKings,2026-09-19T23:00:00Z,2026-09-19T21:30:38Z
1,2026010001,19,STL,25,DAL,MONEY_LINE_2_WAY,3500.0,-50000.0,DraftKings,2026-09-19T23:00:00Z,2026-09-19T21:30:38Z
1,2026010002,26,LAK,54,VGK,PUCK_LINE,-175.0,135.0,DraftKings,2026-09-20T01:00:00Z,2026-09-19T21:30:38Z
1,2026010002,26,LAK,54,VGK,OVER_UNDER,210.0,-280.0,DraftKings,2026-09-20T01:00:00Z,2026-09-19T21:30:38Z
1,2026010002,26,LAK,54,VGK,MONEY_LINE_3_WAY,115.0,170.0,DraftKings,2026-09-20T01:00:00Z,2026-09-19T21:30:38Z
1,2026010002,26,LAK,54,VGK,MONEY_LINE_2_WAY,260.0,-360.0,DraftKings,2026-09-20T01:00:00Z,2026-09-19T21:30:38Z
1,2026010003,22,EDM,52,WPG,PUCK_LINE,-130.0,110.0,DraftKings,2026-09-20T00:00:00Z,2026-09-19T21:30:38Z
1,2026010003,22,EDM,52,WPG,OVER_UNDER,100.0,-120.0,DraftKings,2026-09-20T00:00:00Z,2026-09-19T21:30:38Z
1,2026010003,22,EDM,52,WPG,MONEY_LINE_3_WAY,390.0,390.0,DraftKings,2026-09-20T00:00:00Z,2026-09-19T21:30:38Z
1,2026010003,22,EDM,52,WPG,MONEY_LINE_2_WAY,-325.0,260.0,DraftKings,2026-09-20T00:00:00Z,2026-09-19T21:30:38Z
1,2026010004,30,MIN,16,CHI,PUCK_LINE,160.0,-192.0,DraftKings,2026-09-20T00:00:00Z,2026-09-19T21:30:38Z
1,2026010004,30,MIN,16,CHI,OVER_UNDER,-125.0,105.0,DraftKings,2026-09-20T00:00:00Z,2026-09-19T21:30:38Z
1,2026010004,30,MIN,16,CHI,MONEY_LINE_3_WAY,105.0,180.0,DraftKings,2026-09-20T00:00:00Z,2026-09-19T21:30:38Z
1,2026010004,30,MIN,16,CHI,MONEY_LINE_2_WAY,-148.0,124.0,DraftKings,2026-09-20T00:00:00Z,2026-09-19T21:30:38Z
1,2026010005,55,SEA,23,VAN,PUCK_LINE,195.0,-238.0,DraftKings,2026-09-20T01:00:00Z,2026-09-19T21:30:38Z
1,2026010005,55,SEA,23,VAN,OVER_UNDER,-120.0,100.0,DraftKings,2026-09-20T01:00:00Z,2026-09-19T21:30:38Z
1,2026010005,55,SEA,23,VAN,MONEY_LINE_3_WAY,300.0,300.0,DraftKings,2026-09-20T01:00:00Z,2026-09-19T21:30:38Z
1,2026010005,55,SEA,23,VAN,MONEY_LINE_2_WAY,-120.0,100.0,DraftKings,2026-09-20T01:00:00Z,2026-09-19T21:30:38Z
1,2026010008,1,NJD,2,NYI,PUCK_LINE,-330.0,240.0,DraftKings,2026-09-20T17:00:00Z,2026-09-20T17:30:38Z
1,2026010008,1,NJD,2,NYI,OVER_UNDER,-140.0,110.0,DraftKings,2026-09-20T17:00:00Z,2026-09-20T17:30:38Z
1,2026010008,1,NJD,2,NYI,MONEY_LINE_2_WAY,-115.0,-115.0,DraftKings,2026-09-20T17:00:00Z,2026-09-20T17:30:38Z
1,2026010009,24,ANA,28,SJS,PUCK_LINE,-120.0,100.0,DraftKings,2026-09-20T20:00:00Z,2026-09-20T17:30:38Z
1,2026010009,24,ANA,28,SJS,OVER_UNDER,105.0,-125.0,DraftKings,2026-09-20T20:00:00Z,2026-09-20T17:30:38Z
1,2026010009,24,ANA,28,SJS,MONEY_LINE_2_WAY,-298.0,240.0,DraftKings,2026-09-20T20:00:00Z,2026-09-20T17:30:38Z
1,2026010010,13,FLA,12,CAR,PUCK_LINE,-130.0,110.0,DraftKings,2026-09-20T23:00:00Z,2026-09-20T17:30:38Z
1,2026010010,13,FLA,12,CAR,OVER_UNDER,114.0,-135.0,DraftKings,2026-09-20T23:00:00Z,2026-09-20T17:30:38Z
1,2026010010,13,FLA,12,CAR,MONEY_LINE_2_WAY,-355.0,280.0,DraftKings,2026-09-20T23:00:00Z,2026-09-20T17:30:38Z
1,2026010011,14,TBL,18,NSH,PUCK_LINE,-120.0,100.0,DraftKings,2026-09-20T21:00:00Z,2026-09-20T17:30:38Z
1,2026010011,14,TBL,18,NSH,OVER_UNDER,-125.0,105.0,DraftKings,2026-09-20T21:00:00Z,2026-09-20T17:30:38Z
1,2026010011,14,TBL,18,NSH,MONEY_LINE_2_WAY,-285.0,230.0,DraftKings,2026-09-20T21:00:00Z,2026-09-20T17:30:38Z
1,2026010013,6,BOS,15,WSH,PUCK_LINE,-205.0,170.0,DraftKings,2026-09-20T21:00:00Z,2026-09-20T17:30:38Z
1,2026010013,6,BOS,15,WSH,OVER_UNDER,-125.0,105.0,DraftKings,2026-09-20T21:00:00Z,2026-09-20T17:30:38Z
1,2026010013,6,BOS,15,WSH,MONEY_LINE_2_WAY,120.0,-142.0,DraftKings,2026-09-20T21:00:00Z,2026-09-20T17:30:38Z
1,2026010014,20,CGY,55,SEA,PUCK_LINE,180.0,-218.0,DraftKings,2026-09-21T00:00:00Z,2026-09-20T17:30:38Z
1,2026010014,20,CGY,55,SEA,OVER_UNDER,-115.0,-105.0,DraftKings,2026-09-21T00:00:00Z,2026-09-20T17:30:38Z
1,2026010014,20,CGY,55,SEA,MONEY_LINE_2_WAY,-142.0,120.0,DraftKings,2026-09-21T00:00:00Z,2026-09-20T17:30:38Z
2,2026020001,12,CAR,13,FLA,PUCK_LINE,190.0,-230.0,DraftKings,2026-09-29T21:00:00Z,2026-08-22T20:30:38Z
2,2026020001,12,CAR,13,FLA,OVER_UNDER,100.0,-120.0,DraftKings,2026-09-29T21:00:00Z,2026-08-22T20:30:38Z
2,2026020001,12,CAR,13,FLA,MONEY_LINE_3_WAY,300.0,300.0,DraftKings,2026-09-29T21:00:00Z,2026-08-22T20:30:38Z
2,2026020001,12,CAR,13,FLA,MONEY_LINE_2_WAY,-130.0,110.0,DraftKings,2026-09-29T21:00:00Z,2026-08-22T20:30:38Z
2,2026020002,10,TOR,8,MTL,PUCK_LINE,205.0,-250.0,DraftKings,2026-09-29T23:00:00Z,2026-08-22T20:30:38Z
2,2026020002,10,TOR,8,MTL,OVER_UNDER,105.0,-125.0,DraftKings,2026-09-29T23:00:00Z,2026-08-22T20:30:38Z
2,2026020002,10,TOR,8,MTL,MONEY_LINE_3_WAY,310.0,310.0,DraftKings,2026-09-29T23:00:00Z,2026-08-22T20:30:38Z
2,2026020002,10,TOR,8,MTL,MONEY_LINE_2_WAY,-115.0,-105.0,DraftKings,2026-09-29T23:00:00Z,2026-08-22T20:30:38Z
2,2026020003,6,BOS,3,NYR,PUCK_LINE,180.0,-218.0,DraftKings,2026-09-30T00:00:00Z,2026-08-22T20:30:38Z
2,2026020003,6,BOS,3,NYR,OVER_UNDER,-120.0,100.0,DraftKings,2026-09-30T00:00:00Z,2026-08-22T20:30:38Z
2,2026020003,6,BOS,3,NYR,MONEY_LINE_3_WAY,120.0,165.0,DraftKings,2026-09-30T00:00:00Z,2026-08-22T20:30:38Z
2,2026020003,6,BOS,3,NYR,MONEY_LINE_2_WAY,-135.0,114.0,DraftKings,2026-09-30T00:00:00Z,2026-08-22T20:30:38Z
2,2026020004,22,EDM,23,VAN,PUCK_LINE,-115.0,-105.0,DraftKings,2026-09-30T02:00:00Z,2026-08-22T20:30:38Z
2,2026020004,22,EDM,23,VAN,OVER_UNDER,-110.0,-110.0,DraftKings,2026-09-30T02:00:00Z,2026-08-22T20:30:38Z
2,2026020004,22,EDM,23,VAN,MONEY_LINE_3_WAY,-175.0,320.0,DraftKings,2026-09-30T02:00:00Z,2026-08-22T20:30:38Z
2,2026020004,22,EDM,23,VAN,MONEY_LINE_2_WAY,-265.0,215.0,DraftKings,2026-09-30T02:00:00Z,2026-08-22T20:30:38Z
2,2026020005,54,VGK,16,CHI,PUCK_LINE,105.0,-125.0,DraftKings,2026-09-30T02:30:00Z,2026-08-22T20:30:38Z
2,2026020005,54,VGK,16,CHI,OVER_UNDER,-125.0,105.0,DraftKings,2026-09-30T02:30:00Z,2026-08-22T20:30:38Z
2,2026020005,54,VGK,16,CHI,MONEY_LINE_3_WAY,-145.0,290.0,DraftKings,2026-09-30T02:30:00Z,2026-08-22T20:30:38Z
2,2026020005,54,VGK,16,CHI,MONEY_LINE_2_WAY,-250.0,205.0,DraftKings,2026-09-30T02:30:00Z,2026-08-22T20:30:38Z
2,2026020009,1,NJD,4,PHI,PUCK_LINE,950.0,-1950.0,DraftKings,2026-10-01T23:00:00Z,2026-10-02T02:30:38Z
2,2026020009,1,NJD,4,PHI,OVER_UNDER,500.0,-810.0,DraftKings,2026-10-01T23:00:00Z,2026-10-02T02:30:38Z
2,2026020009,1,NJD,4,PHI,MONEY_LINE_3_WAY,-295.0,-295.0,DraftKings,2026-10-01T23:00:00Z,2026-10-02T02:30:38Z
2,2026020009,1,NJD,4,PHI,MONEY_LINE_2_WAY_TNB,-198.0,150.0,DraftKings,2026-10-01T23:00:00Z,2026-10-02T02:30:38Z
2,2026020009,1,NJD,4,PHI,MONEY_LINE_2_WAY,-154.0,120.0,DraftKings,2026-10-01T23:00:00Z,2026-10-02T02:30:38Z
2,2026020010,3,NYR,14,TBL,PUCK_LINE,-245.0,185.0,DraftKings,2026-10-01T23:00:00Z,2026-10-02T02:30:38Z
2,2026020010,3,NYR,14,TBL,OVER_UNDER,-105.0,-125.0,DraftKings,2026-10-01T23:00:00Z,2026-10-02T02:30:38Z
2,2026020010,3,NYR,14,TBL,MONEY_LINE_3_WAY,-3500.0,11000.0,DraftKings,2026-10-01T23:00:00Z,2026-10-02T02:30:38Z
2,2026020010,3,NYR,14,TBL,MONEY_LINE_2_WAY_TNB,-50000.0,3000.0,DraftKings,2026-10-01T23:00:00Z,2026-10-02T02:30:38Z
2,2026020010,3,NYR,14,TBL,MONEY_LINE_2_WAY,-10000.0,2200.0,DraftKings,2026-10-01T23:00:00Z,2026-10-02T02:30:38Z
2,2026020011,29,CBJ,7,BUF,PUCK_LINE,120.0,-154.0,DraftKings,2026-10-01T23:00:00Z,2026-10-02T02:30:38Z
2,2026020011,29,CBJ,7,BUF,OVER_UNDER,-215.0,165.0,DraftKings,2026-10-01T23:00:00Z,2026-10-02T02:30:38Z
2,2026020011,29,CBJ,7,BUF,MONEY_LINE_3_WAY,230.0,230.0,DraftKings,2026-10-01T23:00:00Z,2026-10-02T02:30:38Z
2,2026020011,29,CBJ,7,BUF,MONEY_LINE_2_WAY_TNB,-1450.0,750.0,DraftKings,2026-10-01T23:00:00Z,2026-10-02T02:30:38Z
2,2026020011,29,CBJ,7,BUF,MONEY_LINE_2_WAY,-475.0,325.0,DraftKings,2026-10-01T23:00:00Z,2026-10-02T02:30:38Z
2,2026020012,18,NSH,30,MIN,PUCK_LINE,114.0,-145.0,DraftKings,2026-10-02T00:00:00Z,2026-10-02T02:30:38Z
2,2026020012,18,NSH,30,MIN,OVER_UNDER,190.0,-250.0,DraftKings,2026-10-02T00:00:00Z,2026-10-02T02:30:38Z
2,2026020012,18,NSH,30,MIN,MONEY_LINE_3_WAY,2000.0,2000.0,DraftKings,2026-10-02T00:00:00Z,2026-10-02T02:30:38Z
2,2026020012,18,NSH,30,MIN,MONEY_LINE_2_WAY_TNB,500.0,-850.0,DraftKings,2026-10-02T00:00:00Z,2026-10-02T02:30:38Z
2,2026020012,18,NSH,30,MIN,MONEY_LINE_2_WAY,2500.0,-15000.0,DraftKings,2026-10-02T00:00:00Z,2026-10-02T02:30:38Z
2,2026020013,68,UTA,16,CHI,PUCK_LINE,105.0,-135.0,DraftKings,2026-10-02T01:30:00Z,2026-10-02T02:30:38Z
2,2026020013,68,UTA,16,CHI,OVER_UNDER,-110.0,-120.0,DraftKings,2026-10-02T01:30:00Z,2026-10-02T02:30:38Z
2,2026020013,68,UTA,16,CHI,MONEY_LINE_3_WAY,-20000.0,25000.0,DraftKings,2026-10-02T01:30:00Z,2026-10-02T02:30:38Z
2,2026020013,68,UTA,16,CHI,MONEY_LINE_2_WAY_TNB,-3000.0,1200.0,DraftKings,2026-10-02T01:30:00Z,2026-10-02T02:30:38Z
2,2026020013,68,UTA,16,CHI,MONEY_LINE_2_WAY,-1450.0,750.0,DraftKings,2026-10-02T01:30:00Z,2026-10-02T02:30:38Z
2,2026020014,20,CGY,55,SEA,PUCK_LINE,-188.0,145.0,DraftKings,2026-10-02T01:00:00Z,2026-10-02T02:30:38Z
2,2026020014,20,CGY,55,SEA,OVER_UNDER,-175.0,135.0,DraftKings,2026-10-02T01:00:00Z,2026-10-02T02:30:38Z
2,2026020014,20,CGY,55,SEA,MONEY_LINE_3_WAY,6000.0,-2500.0,DraftKings,2026-10-02T01:00:00Z,2026-10-02T02:30:38Z
2,2026020014,20,CGY,55,SEA,MONEY_LINE_2_WAY_TNB,5000.0,-200000.0,DraftKings,2026-10-02T01:00:00Z,2026-10-02T02:30:38Z
2,2026020014,20,CGY,55,SEA,MONEY_LINE_2_WAY,1800.0,-6500.0,DraftKings,2026-10-02T01:00:00Z,2026-10-02T02:30:38Z
2,2026020015,23,VAN,22,EDM,PUCK_LINE,-110.0,-120.0,DraftKings,2026-10-02T02:00:00Z,2026-10-02T02:30:38Z
2,2026020015,23,VAN,22,EDM,OVER_UNDER,100.0,-130.0,DraftKings,2026-10-02T02:00:00Z,2026-10-02T02:30:38Z
2,2026020015,23,VAN,22,EDM,MONEY_LINE_3_WAY,3500.0,3500.0,DraftKings,2026-10-02T02:00:00Z,2026-10-02T02:30:38Z
2,2026020015,23,VAN,22,EDM,MONEY_LINE_2_WAY_TNB,165.0,-218.0,DraftKings,2026-10-02T02:00:00Z,2026-10-02T02:30:38Z
2,2026020015,23,VAN,22,EDM,MONEY_LINE_2_WAY,3500.0,-50000.0,DraftKings,2026-10-02T02:00:00Z,2026-10-02T02:30:38Z
2,2026020016,28,SJS,13,FLA,PUCK_LINE,135.0,-175.0,DraftKings,2026-10-02T02:00:00Z,2026-10-02T02:30:38Z
2,2026020016,28,SJS,13,FLA,OVER_UNDER,-105.0,-125.0,DraftKings,2026-10-02T02:00:00Z,2026-10-02T02:30:38Z
2,2026020016,28,SJS,13,FLA,MONEY_LINE_3_WAY,290.0,290.0,DraftKings,2026-10-02T02:00:00Z,2026-10-02T02:30:38Z
2,2026020016,28,SJS,13,FLA,MONEY_LINE_2_WAY_TNB,-255.0,190.0,DraftKings,2026-10-02T02:00:00Z,2026-10-02T02:30:38Z
2,2026020016,28,SJS,13,FLA,MONEY_LINE_2_WAY,-200.0,154.0,DraftKings,2026-10-02T02:00:00Z,2026-10-02T02:30:38Z
2,2026020017,17,DET,3,NYR,PUCK_LINE,-160.0,124.0,DraftKings,2026-10-02T22:30:00Z,2026-10-02T23:30:38Z
2,2026020017,17,DET,3,NYR,OVER_UNDER,135.0,-175.0,DraftKings,2026-10-02T22:30:00Z,2026-10-02T23:30:38Z
2,2026020017,17,DET,3,NYR,MONEY_LINE_3_WAY,320.0,-135.0,DraftKings,2026-10-02T22:30:00Z,2026-10-02T23:30:38Z
2,2026020017,17,DET,3,NYR,MONEY_LINE_2_WAY_TNB,210.0,-285.0,DraftKings,2026-10-02T22:30:00Z,2026-10-02T23:30:38Z
2,2026020017,17,DET,3,NYR,MONEY_LINE_2_WAY,170.0,-220.0,DraftKings,2026-10-02T22:30:00Z,2026-10-02T23:30:38Z
2,2026020018,12,CAR,15,WSH,PUCK_LINE,110.0,-140.0,DraftKings,2026-10-02T23:00:00Z,2026-10-02T23:30:38Z
2,2026020018,12,CAR,15,WSH,OVER_UNDER,-175.0,135.0,DraftKings,2026-10-02T23:00:00Z,2026-10-02T23:30:38Z
2,2026020018,12,CAR,15,WSH,MONEY_LINE_3_WAY,425.0,425.0,DraftKings,2026-10-02T23:00:00Z,2026-10-02T23:30:38Z
2,2026020018,12,CAR,15,WSH,MONEY_LINE_2_WAY_TNB,350.0,-525.0,DraftKings,2026-10-02T23:00:00Z,2026-10-02T23:30:38Z
2,2026020018,12,CAR,15,WSH,MONEY_LINE_2_WAY,260.0,-360.0,DraftKings,2026-10-02T23:00:00Z,2026-10-02T23:30:38Z
2,2026020019,52,WPG,6,BOS,PUCK_LINE,205.0,-250.0,DraftKings,2026-10-03T00:00:00Z,2026-10-02T23:30:38Z
2,2026020019,52,WPG,6,BOS,OVER_UNDER,-125.0,105.0,DraftKings,2026-10-03T00:00:00Z,2026-10-02T23:30:38Z
2,2026020019,52,WPG,6,BOS,MONEY_LINE_3_WAY,300.0,300.0,DraftKings,2026-10-03T00:00:00Z,2026-10-02T23:30:38Z
2,2026020019,52,WPG,6,BOS,MONEY_LINE_2_WAY,-122.0,102.0,DraftKings,2026-10-03T00:00:00Z,2026-10-02T23:30:38Z
2,2026020020,25,DAL,19,STL,PUCK_LINE,145.0,-175.0,DraftKings,2026-10-03T01:00:00Z,2026-10-02T23:30:38Z
2,2026020020,25,DAL,19,STL,OVER_UNDER,-135.0,114.0,DraftKings,2026-10-03T01:00:00Z,2026-10-02T23:30:38Z
2,2026020020,25,DAL,19,STL,MONEY_LINE_3_WAY,330.0,330.0,DraftKings,2026-10-03T01:00:00Z,2026-10-02T23:30:38Z
2,2026020020,25,DAL,19,STL,MONEY_LINE_2_WAY,-185.0,154.0,DraftKings,2026-10-03T01:00:00Z,2026-10-02T23:30:38Z
2,2026020021,54,VGK,24,ANA,PUCK_LINE,120.0,-142.0,DraftKings,2026-10-03T02:00:00Z,2026-10-02T23:30:38Z
2,2026020021,54,VGK,24,ANA,OVER_UNDER,-125.0,105.0,DraftKings,2026-10-03T02:00:00Z,2026-10-02T23:30:38Z
2,2026020021,54,VGK,24,ANA,MONEY_LINE_3_WAY,-125.0,235.0,DraftKings,2026-10-03T02:00:00Z,2026-10-02T23:30:38Z
2,2026020021,54,VGK,24,ANA,MONEY_LINE_2_WAY,-205.0,170.0,DraftKings,2026-10-03T02:00:00Z,2026-10-02T23:30:38Z
2,2026020022,7,BUF,16,CHI,PUCK_LINE,110.0,-130.0,DraftKings,2026-10-03T23:00:00Z,2026-10-03T22:30:39Z
2,2026020022,7,BUF,16,CHI,OVER_UNDER,-102.0,-118.0,DraftKings,2026-10-03T23:00:00Z,2026-10-03T22:30:39Z
2,2026020022,7,BUF,16,CHI,MONEY_LINE_3_WAY,350.0,350.0,DraftKings,2026-10-03T23:00:00Z,2026-10-03T22:30:39Z
2,2026020022,7,BUF,16,CHI,MONEY_LINE_2_WAY,-230.0,190.0,DraftKings,2026-10-03T23:00:00Z,2026-10-03T22:30:39Z
2,2026020023,10,TOR,9,OTT,PUCK_LINE,220.0,-270.0,DraftKings,2026-10-03T23:00:00Z,2026-10-03T22:30:39Z
2,2026020023,10,TOR,9,OTT,OVER_UNDER,110.0,-130.0,DraftKings,2026-10-03T23:00:00Z,2026-10-03T22:30:39Z
2,2026020023,10,TOR,9,OTT,MONEY_LINE_3_WAY,140.0,135.0,DraftKings,2026-10-03T23:00:00Z,2026-10-03T22:30:39Z
2,2026020023,10,TOR,9,OTT,MONEY_LINE_2_WAY,-115.0,-105.0,DraftKings,2026-10-03T23:00:00Z,2026-10-03T22:30:39Z
2,2026020024,14,TBL,15,WSH,PUCK_LINE,130.0,-155.0,DraftKings,2026-10-03T23:00:00Z,2026-10-03T22:30:39Z
2,2026020024,14,TBL,15,WSH,OVER_UNDER,105.0,-125.0,DraftKings,2026-10-03T23:00:00Z,2026-10-03T22:30:39Z
2,2026020024,14,TBL,15,WSH,MONEY_LINE_3_WAY,340.0,340.0,DraftKings,2026-10-03T23:00:00Z,2026-10-03T22:30:39Z
2,2026020024,14,TBL,15,WSH,MONEY_LINE_2_WAY,-205.0,170.0,DraftKings,2026-10-03T23:00:00Z,2026-10-03T22:30:39Z
2,2026020025,4,PHI,12,CAR,PUCK_LINE,-230.0,190.0,DraftKings,2026-10-03T23:00:00Z,2026-10-03T22:30:39Z
2,2026020025,4,PHI,12,CAR,OVER_UNDER,-130.0,110.0,DraftKings,2026-10-03T23:00:00Z,2026-10-03T22:30:39Z
2,2026020025,4,PHI,12,CAR,MONEY_LINE_3_WAY,300.0,300.0,DraftKings,2026-10-03T23:00:00Z,2026-10-03T22:30:39Z
2,2026020025,4,PHI,12,CAR,MONEY_LINE_2_WAY,110.0,-130.0,DraftKings,2026-10-03T23:00:00Z,2026-10-03T22:30:39Z
2,2026020026,5,PIT,8,MTL,PUCK_LINE,-258.0,210.0,DraftKings,2026-10-03T23:00:00Z,2026-10-03T22:30:39Z
2,2026020026,5,PIT,8,MTL,OVER_UNDER,-112.0,-108.0,DraftKings,2026-10-03T23:00:00Z,2026-10-03T22:30:39Z
2,2026020026,5,PIT,8,MTL,MONEY_LINE_3_WAY,145.0,130.0,DraftKings,2026-10-03T23:00:00Z,2026-10-03T22:30:39Z
2,2026020026,5,PIT,8,MTL,MONEY_LINE_2_WAY,-105.0,-115.0,DraftKings,2026-10-03T23:00:00Z,2026-10-03T22:30:39Z
2,2026020027,29,CBJ,68,UTA,PUCK_LINE,-270.0,220.0,DraftKings,2026-10-03T23:00:00Z,2026-10-03T22:30:39Z
2,2026020027,29,CBJ,68,UTA,OVER_UNDER,114.0,-135.0,DraftKings,2026-10-03T23:00:00Z,2026-10-03T22:30:39Z
2,2026020027,29,CBJ,68,UTA,MONEY_LINE_3_WAY,135.0,140.0,DraftKings,2026-10-03T23:00:00Z,2026-10-03T22:30:39Z
2,2026020027,29,CBJ,68,UTA,MONEY_LINE_2_WAY,-102.0,-118.0,DraftKings,2026-10-03T23:00:00Z,2026-10-03T22:30:39Z
2,2026020028,22,EDM,55,SEA,PUCK_LINE,124.0,-148.0,DraftKings,2026-10-03T23:00:00Z,2026-10-03T22:30:39Z
2,2026020028,22,EDM,55,SEA,OVER_UNDER,-115.0,-105.0,DraftKings,2026-10-03T23:00:00Z,2026-10-03T22:30:39Z
2,2026020028,22,EDM,55,SEA,MONEY_LINE_3_WAY,340.0,340.0,DraftKings,2026-10-03T23:00:00Z,2026-10-03T22:30:39Z
2,2026020028,22,EDM,55,SEA,MONEY_LINE_2_WAY,-205.0,170.0,DraftKings,2026-10-03T23:00:00Z,2026-10-03T22:30:39Z
2,2026020029,2,NYI,1,NJD,PUCK_LINE,-225.0,185.0,DraftKings,2026-10-03T23:30:00Z,2026-10-03T22:30:39Z
2,2026020029,2,NYI,1,NJD,OVER_UNDER,-130.0,110.0,DraftKings,2026-10-03T23:30:00Z,2026-10-03T22:30:39Z
2,2026020029,2,NYI,1,NJD,MONEY_LINE_3_WAY,300.0,300.0,DraftKings,2026-10-03T23:30:00Z,2026-10-03T22:30:39Z
2,2026020029,2,NYI,1,NJD,MONEY_LINE_2_WAY,114.0,-135.0,DraftKings,2026-10-03T23:30:00Z,2026-10-03T22:30:39Z
2,2026020030,18,NSH,25,DAL,PUCK_LINE,-225.0,185.0,DraftKings,2026-10-04T00:00:00Z,2026-10-03T22:30:39Z
2,2026020030,18,NSH,25,DAL,OVER_UNDER,114.0,-135.0,DraftKings,2026-10-04T00:00:00Z,2026-10-03T22:30:39Z
2,2026020030,18,NSH,25,DAL,MONEY_LINE_3_WAY,170.0,115.0,DraftKings,2026-10-04T00:00:00Z,2026-10-03T22:30:39Z
2,2026020030,18,NSH,25,DAL,MONEY_LINE_2_WAY,120.0,-142.0,DraftKings,2026-10-04T00:00:00Z,2026-10-03T22:30:39Z
2,2026020031,30,MIN,6,BOS,PUCK_LINE,124.0,-148.0,DraftKings,2026-10-04T00:00:00Z,2026-10-03T22:30:39Z
2,2026020031,30,MIN,6,BOS,OVER_UNDER,105.0,-125.0,DraftKings,2026-10-04T00:00:00Z,2026-10-03T22:30:39Z
2,2026020031,30,MIN,6,BOS,MONEY_LINE_3_WAY,-125.0,245.0,DraftKings,2026-10-04T00:00:00Z,2026-10-03T22:30:39Z
2,2026020031,30,MIN,6,BOS,MONEY_LINE_2_WAY,-205.0,170.0,DraftKings,2026-10-04T00:00:00Z,2026-10-03T22:30:39Z
2,2026020032,21,COL,19,STL,PUCK_LINE,-110.0,-110.0,DraftKings,2026-10-04T01:00:00Z,2026-10-03T22:30:39Z
2,2026020032,21,COL,19,STL,OVER_UNDER,-102.0,-118.0,DraftKings,2026-10-04T01:00:00Z,2026-10-03T22:30:39Z
2,2026020032,21,COL,19,STL,MONEY_LINE_3_WAY,370.0,370.0,DraftKings,2026-10-04T01:00:00Z,2026-10-03T22:30:39Z
2,2026020032,21,COL,19,STL,MONEY_LINE_2_WAY,-285.0,230.0,DraftKings,2026-10-04T01:00:00Z,2026-10-03T22:30:39Z
2,2026020033,23,VAN,20,CGY,PUCK_LINE,215.0,-265.0,DraftKings,2026-10-04T02:00:00Z,2026-10-03T22:30:39Z
2,2026020033,23,VAN,20,CGY,OVER_UNDER,110.0,-130.0,DraftKings,2026-10-04T02:00:00Z,2026-10-03T22:30:39Z
2,2026020033,23,VAN,20,CGY,MONEY_LINE_3_WAY,140.0,135.0,DraftKings,2026-10-04T02:00:00Z,2026-10-03T22:30:39Z
2,2026020033,23,VAN,20,CGY,MONEY_LINE_2_WAY,-110.0,-110.0,DraftKings,2026-10-04T02:00:00Z,2026-10-03T22:30:39Z
2,2026020034,28,SJS,26,LAK,PUCK_LINE,215.0,-265.0,DraftKings,2026-10-04T02:00:00Z,2026-10-03T22:30:39Z
2,2026020034,28,SJS,26,LAK,OVER_UNDER,105.0,-125.0,DraftKings,2026-10-04T02:00:00Z,2026-10-03T22:30:39Z
2,2026020034,28,SJS,26,LAK,MONEY_LINE_3_WAY,320.0,320.0,DraftKings,2026-10-04T02:00:00Z,2026-10-03T22:30:39Z
2,2026020034,28,SJS,26,LAK,MONEY_LINE_2_WAY,-115.0,-105.0,DraftKings,2026-10-04T02:00:00Z,2026-10-03T22:30:39Z
2,2026020035,17,DET,52,WPG,PUCK_LINE,-175.0,135.0,DraftKings,2026-10-04T17:00:00Z,2026-10-04T22:30:38Z
2,2026020035,17,DET,52,WPG,OVER_UNDER,135.0,-175.0,DraftKings,2026-10-04T17:00:00Z,2026-10-04T22:30:38Z
2,2026020035,17,DET,52,WPG,MONEY_LINE_3_WAY,340.0,340.0,DraftKings,2026-10-04T17:00:00Z,2026-10-04T22:30:38Z
2,2026020035,17,DET,52,WPG,MONEY_LINE_2_WAY_TNB,2500.0,-20000.0,DraftKings,2026-10-04T17:00:00Z,2026-10-04T22:30:38Z
2,2026020035,17,DET,52,WPG,MONEY_LINE_2_WAY,550.0,-920.0,DraftKings,2026-10-04T17:00:00Z,2026-10-04T22:30:38Z
2,2026020036,3,NYR,68,UTA,PUCK_LINE,-315.0,230.0,DraftKings,2026-10-04T22:00:00Z,2026-10-04T22:30:38Z
2,2026020036,3,NYR,68,UTA,OVER_UNDER,-135.0,105.0,DraftKings,2026-10-04T22:00:00Z,2026-10-04T22:30:38Z
2,2026020036,3,NYR,68,UTA,MONEY_LINE_3_WAY,265.0,265.0,DraftKings,2026-10-04T22:00:00Z,2026-10-04T22:30:38Z
2,2026020036,3,NYR,68,UTA,MONEY_LINE_2_WAY_TNB,-115.0,-115.0,DraftKings,2026-10-04T22:00:00Z,2026-10-04T22:30:38Z
2,2026020036,3,NYR,68,UTA,MONEY_LINE_2_WAY,-115.0,-115.0,DraftKings,2026-10-04T22:00:00Z,2026-10-04T22:30:38Z
2,2026020037,24,ANA,13,FLA,PUCK_LINE,-225.0,185.0,DraftKings,2026-10-05T00:00:00Z,2026-10-04T22:30:38Z
2,2026020037,24,ANA,13,FLA,OVER_UNDER,-118.0,-102.0,DraftKings,2026-10-05T00:00:00Z,2026-10-04T22:30:38Z
2,2026020037,24,ANA,13,FLA,MONEY_LINE_3_WAY,160.0,120.0,DraftKings,2026-10-05T00:00:00Z,2026-10-04T22:30:38Z
2,2026020037,24,ANA,13,FLA,MONEY_LINE_2_WAY,114.0,-135.0,DraftKings,2026-10-05T00:00:00Z,2026-10-04T22:30:38Z
2,2026020038,55,SEA,20,CGY,PUCK_LINE,164.0,-198.0,DraftKings,2026-10-05T00:00:00Z,2026-10-04T22:30:38Z
2,2026020038,55,SEA,20,CGY,OVER_UNDER,-120.0,100.0,DraftKings,2026-10-05T00:00:00Z,2026-10-04T22:30:38Z
2,2026020038,55,SEA,20,CGY,MONEY_LINE_3_WAY,320.0,320.0,DraftKings,2026-10-05T00:00:00Z,2026-10-04T22:30:38Z
2,2026020038,55,SEA,20,CGY,MONEY_LINE_2_WAY,-155.0,130.0,DraftKings,2026-10-05T00:00:00Z,2026-10-04T22:30:38Z
2,2026020039,23,VAN,54,VGK,PUCK_LINE,-110.0,-110.0,DraftKings,2026-10-05T01:00:00Z,2026-10-04T22:30:38Z
2,2026020039,23,VAN,54,VGK,OVER_UNDER,105.0,-125.0,DraftKings,2026-10-05T01:00:00Z,2026-10-04T22:30:38Z
2,2026020039,23,VAN,54,VGK,MONEY_LINE_3_WAY,370.0,370.0,DraftKings,2026-10-05T01:00:00Z,2026-10-04T22:30:38Z
2,2026020039,23,VAN,54,VGK,MONEY_LINE_2_WAY,235.0,-290.0,DraftKings,2026-10-05T01:00:00Z,2026-10-04T22:30:38Z
2,2026020040,14,TBL,4,PHI,PUCK_LINE,-115.0,-115.0,DraftKings,2026-10-05T23:00:00Z,2026-10-06T01:00:38Z
2,2026020040,14,TBL,4,PHI,OVER_UNDER,150.0,-195.0,DraftKings,2026-10-05T23:00:00Z,2026-10-06T01:00:38Z
2,2026020040,14,TBL,4,PHI,MONEY_LINE_3_WAY,280.0,280.0,DraftKings,2026-10-05T23:00:00Z,2026-10-06T01:00:38Z
2,2026020040,14,TBL,4,PHI,MONEY_LINE_2_WAY_TNB,-1300.0,700.0,DraftKings,2026-10-05T23:00:00Z,2026-10-06T01:00:38Z
2,2026020040,14,TBL,4,PHI,MONEY_LINE_2_WAY,-580.0,380.0,DraftKings,2026-10-05T23:00:00Z,2026-10-06T01:00:38Z
2,2026020041,6,BOS,9,OTT,PUCK_LINE,-195.0,150.0,DraftKings,2026-10-05T23:30:00Z,2026-10-06T01:00:38Z
2,2026020041,6,BOS,9,OTT,OVER_UNDER,-135.0,105.0,DraftKings,2026-10-05T23:30:00Z,2026-10-06T01:00:38Z
2,2026020041,6,BOS,9,OTT,MONEY_LINE_3_WAY,3000.0,3000.0,DraftKings,2026-10-05T23:30:00Z,2026-10-06T01:00:38Z
2,2026020041,6,BOS,9,OTT,MONEY_LINE_2_WAY_TNB,625.0,-1150.0,DraftKings,2026-10-05T23:30:00Z,2026-10-06T01:00:38Z
2,2026020041,6,BOS,9,OTT,MONEY_LINE_2_WAY,3000.0,-20000.0,DraftKings,2026-10-05T23:30:00Z,2026-10-06T01:00:38Z
2,2026020042,5,PIT,52,WPG,PUCK_LINE,190.0,-250.0,DraftKings,2026-10-05T23:30:00Z,2026-10-06T01:00:38Z
2,2026020042,5,PIT,52,WPG,OVER_UNDER,100.0,-130.0,DraftKings,2026-10-05T23:30:00Z,2026-10-06T01:00:38Z
2,2026020042,5,PIT,52,WPG,MONEY_LINE_3_WAY,120.0,220.0,DraftKings,2026-10-05T23:30:00Z,2026-10-06T01:00:38Z
2,2026020042,5,PIT,52,WPG,MONEY_LINE_2_WAY_TNB,-168.0,130.0,DraftKings,2026-10-05T23:30:00Z,2026-10-06T01:00:38Z
2,2026020042,5,PIT,52,WPG,MONEY_LINE_2_WAY,-154.0,120.0,DraftKings,2026-10-05T23:30:00Z,2026-10-06T01:00:38Z
2,2026020043,25,DAL,28,SJS,PUCK_LINE,-145.0,114.0,DraftKings,2026-10-06T00:00:00Z,2026-10-06T01:00:38Z
2,2026020043,25,DAL,28,SJS,OVER_UNDER,124.0,-160.0,DraftKings,2026-10-06T00:00:00Z,2026-10-06T01:00:38Z
2,2026020043,25,DAL,28,SJS,MONEY_LINE_3_WAY,370.0,370.0,DraftKings,2026-10-06T00:00:00Z,2026-10-06T01:00:38Z
2,2026020043,25,DAL,28,SJS,MONEY_LINE_2_WAY_TNB,-725.0,450.0,DraftKings,2026-10-06T00:00:00Z,2026-10-06T01:00:38Z
2,2026020043,25,DAL,28,SJS,MONEY_LINE_2_WAY,-445.0,310.0,DraftKings,2026-10-06T00:00:00Z,2026-10-06T01:00:38Z
2,2026020044,10,TOR,18,NSH,PUCK_LINE,950.0,-1950.0,DraftKings,2026-10-06T23:00:00Z,2026-10-07T03:00:38Z
2,2026020044,10,TOR,18,NSH,OVER_UNDER,470.0,-750.0,DraftKings,2026-10-06T23:00:00Z,2026-10-07T03:00:38Z
2,2026020044,10,TOR,18,NSH,MONEY_LINE_3_WAY,200.0,200.0,DraftKings,2026-10-06T23:00:00Z,2026-10-07T03:00:38Z
2,2026020044,10,TOR,18,NSH,MONEY_LINE_2_WAY_TNB,230.0,-320.0,DraftKings,2026-10-06T23:00:00Z,2026-10-07T03:00:38Z
2,2026020044,10,TOR,18,NSH,MONEY_LINE_2_WAY,-145.0,114.0,DraftKings,2026-10-06T23:00:00Z,2026-10-07T03:00:38Z
2,2026020045,8,MTL,12,CAR,PUCK_LINE,-120.0,-110.0,DraftKings,2026-10-06T23:00:00Z,2026-10-07T03:00:38Z
2,2026020045,8,MTL,12,CAR,OVER_UNDER,-230.0,175.0,DraftKings,2026-10-06T23:00:00Z,2026-10-07T03:00:38Z
2,2026020045,8,MTL,12,CAR,MONEY_LINE_3_WAY,1500.0,-275.0,DraftKings,2026-10-06T23:00:00Z,2026-10-07T03:00:38Z
2,2026020045,8,MTL,12,CAR,MONEY_LINE_2_WAY_TNB,1000.0,-2200.0,DraftKings,2026-10-06T23:00:00Z,2026-10-07T03:00:38Z
2,2026020045,8,MTL,12,CAR,MONEY_LINE_2_WAY,420.0,-660.0,DraftKings,2026-10-06T23:00:00Z,2026-10-07T03:00:38Z
2,2026020046,17,DET,9,OTT,PUCK_LINE,114.0,-145.0,DraftKings,2026-10-06T23:00:00Z,2026-10-07T03:00:38Z
2,2026020046,17,DET,9,OTT,OVER_UNDER,124.0,-160.0,DraftKings,2026-10-06T23:00:00Z,2026-10-07T03:00:38Z
2,2026020046,17,DET,9,OTT,MONEY_LINE_3_WAY,-425.0,4500.0,DraftKings,2026-10-06T23:00:00Z,2026-10-07T03:00:38Z
2,2026020046,17,DET,9,OTT,MONEY_LINE_2_WAY_TNB,-50000.0,3000.0,DraftKings,2026-10-06T23:00:00Z,2026-10-07T03:00:38Z
2,2026020046,17,DET,9,OTT,MONEY_LINE_2_WAY,-1050.0,600.0,DraftKings,2026-10-06T23:00:00Z,2026-10-07T03:00:38Z
2,2026020047,1,NJD,68,UTA,PUCK_LINE,-120.0,-110.0,DraftKings,2026-10-06T23:00:00Z,2026-10-07T03:00:38Z
2,2026020047,1,NJD,68,UTA,OVER_UNDER,110.0,-140.0,DraftKings,2026-10-06T23:00:00Z,2026-10-07T03:00:38Z
2,2026020047,1,NJD,68,UTA,MONEY_LINE_3_WAY,900.0,900.0,DraftKings,2026-10-06T23:00:00Z,2026-10-07T03:00:38Z
2,2026020047,1,NJD,68,UTA,MONEY_LINE_2_WAY_TNB,3500.0,-80000.0,DraftKings,2026-10-06T23:00:00Z,2026-10-07T03:00:38Z
2,2026020047,1,NJD,68,UTA,MONEY_LINE_2_WAY,1100.0,-2500.0,DraftKings,2026-10-06T23:00:00Z,2026-10-07T03:00:38Z
2,2026020048,3,NYR,2,NYI,PUCK_LINE,100.0,-130.0,DraftKings,2026-10-06T23:30:00Z,2026-10-07T03:00:38Z
2,2026020048,3,NYR,2,NYI,OVER_UNDER,-115.0,-115.0,DraftKings,2026-10-06T23:30:00Z,2026-10-07T03:00:38Z
2,2026020048,3,NYR,2,NYI,MONEY_LINE_3_WAY,300.0,300.0,DraftKings,2026-10-06T23:30:00Z,2026-10-07T03:00:38Z
2,2026020048,3,NYR,2,NYI,MONEY_LINE_2_WAY_TNB,-7000.0,1800.0,DraftKings,2026-10-06T23:30:00Z,2026-10-07T03:00:38Z
2,2026020048,3,NYR,2,NYI,MONEY_LINE_2_WAY,-850.0,520.0,DraftKings,2026-10-06T23:30:00Z,2026-10-07T03:00:38Z
2,2026020049,7,BUF,30,MIN,PUCK_LINE,-115.0,-115.0,DraftKings,2026-10-06T23:00:00Z,2026-10-07T03:00:38Z
2,2026020049,7,BUF,30,MIN,OVER_UNDER,130.0,-166.0,DraftKings,2026-10-06T23:00:00Z,2026-10-07T03:00:38Z
2,2026020049,7,BUF,30,MIN,MONEY_LINE_3_WAY,2500.0,-700.0,DraftKings,2026-10-06T23:00:00Z,2026-10-07T03:00:38Z
2,2026020049,7,BUF,30,MIN,MONEY_LINE_2_WAY_TNB,1800.0,-7000.0,DraftKings,2026-10-06T23:00:00Z,2026-10-07T03:00:38Z
2,2026020049,7,BUF,30,MIN,MONEY_LINE_2_WAY,-130.0,100.0,DraftKings,2026-10-06T23:00:00Z,2026-10-07T03:00:38Z
2,2026020050,16,CHI,19,STL,PUCK_LINE,140.0,-180.0,DraftKings,2026-10-07T00:00:00Z,2026-10-07T03:00:38Z
2,2026020050,16,CHI,19,STL,OVER_UNDER,-200.0,154.0,DraftKings,2026-10-07T00:00:00Z,2026-10-07T03:00:38Z
2,2026020050,16,CHI,19,STL,MONEY_LINE_3_WAY,-200.0,1000.0,DraftKings,2026-10-07T00:00:00Z,2026-10-07T03:00:38Z
2,2026020050,16,CHI,19,STL,MONEY_LINE_2_WAY_TNB,-1200.0,650.0,DraftKings,2026-10-07T00:00:00Z,2026-10-07T03:00:38Z
2,2026020050,16,CHI,19,STL,MONEY_LINE_2_WAY,-410.0,290.0,DraftKings,2026-10-07T00:00:00Z,2026-10-07T03:00:38Z
2,2026020051,55,SEA,54,VGK,PUCK_LINE,-120.0,-110.0,DraftKings,2026-10-07T01:40:00Z,2026-10-07T03:00:38Z
2,2026020051,55,SEA,54,VGK,OVER_UNDER,-115.0,-115.0,DraftKings,2026-10-07T01:40:00Z,2026-10-07T03:00:38Z
2,2026020051,55,SEA,54,VGK,MONEY_LINE_3_WAY,3500.0,-1600.0,DraftKings,2026-10-07T01:40:00Z,2026-10-07T03:00:38Z
2,2026020051,55,SEA,54,VGK,MONEY_LINE_2_WAY_TNB,2500.0,-20000.0,DraftKings,2026-10-07T01:40:00Z,2026-10-07T03:00:38Z
2,2026020051,55,SEA,54,VGK,MONEY_LINE_2_WAY,1400.0,-3500.0,DraftKings,2026-10-07T01:40:00Z,2026-10-07T03:00:38Z
2,2026020052,26,LAK,13,FLA,PUCK_LINE,105.0,-135.0,DraftKings,2026-10-07T02:00:00Z,2026-10-07T03:00:38Z
2,2026020052,26,LAK,13,FLA,OVER_UNDER,124.0,-160.0,DraftKings,2026-10-07T02:00:00Z,2026-10-07T03:00:38Z
2,2026020052,26,LAK,13,FLA,MONEY_LINE_3_WAY,300.0,300.0,DraftKings,2026-10-07T02:00:00Z,2026-10-07T03:00:38Z
2,2026020052,26,LAK,13,FLA,MONEY_LINE_2_WAY_TNB,-350.0,250.0,DraftKings,2026-10-07T02:00:00Z,2026-10-07T03:00:38Z
2,2026020052,26,LAK,13,FLA,MONEY_LINE_2_WAY,-250.0,190.0,DraftKings,2026-10-07T02:00:00Z,2026-10-07T03:00:38Z
2,2026020053,15,WSH,5,PIT,PUCK_LINE,170.0,-220.0,DraftKings,2026-10-07T23:30:00Z,2026-10-08T00:00:38Z
2,2026020053,15,WSH,5,PIT,OVER_UNDER,110.0,-140.0,DraftKings,2026-10-07T23:30:00Z,2026-10-08T00:00:38Z
2,2026020053,15,WSH,5,PIT,MONEY_LINE_3_WAY,115.0,185.0,DraftKings,2026-10-07T23:30:00Z,2026-10-08T00:00:38Z
2,2026020053,15,WSH,5,PIT,MONEY_LINE_2_WAY_TNB,-148.0,115.0,DraftKings,2026-10-07T23:30:00Z,2026-10-08T00:00:38Z
2,2026020053,15,WSH,5,PIT,MONEY_LINE_2_WAY,-140.0,110.0,DraftKings,2026-10-07T23:30:00Z,2026-10-08T00:00:38Z
2,2026020054,52,WPG,21,COL,PUCK_LINE,-145.0,114.0,DraftKings,2026-10-07T23:30:00Z,2026-10-08T00:00:38Z
2,2026020054,52,WPG,21,COL,OVER_UNDER,-120.0,-110.0,DraftKings,2026-10-07T23:30:00Z,2026-10-08T00:00:38Z
2,2026020054,52,WPG,21,COL,MONEY_LINE_3_WAY,245.0,-120.0,DraftKings,2026-10-07T23:30:00Z,2026-10-08T00:00:38Z
2,2026020054,52,WPG,21,COL,MONEY_LINE_2_WAY_TNB,165.0,-218.0,DraftKings,2026-10-07T23:30:00Z,2026-10-08T00:00:38Z
2,2026020054,52,WPG,21,COL,MONEY_LINE_2_WAY,154.0,-200.0,DraftKings,2026-10-07T23:30:00Z,2026-10-08T00:00:38Z
2,2026020055,24,ANA,22,EDM,PUCK_LINE,-218.0,180.0,DraftKings,2026-10-08T02:00:00Z,2026-10-08T00:00:38Z
2,2026020055,24,ANA,22,EDM,OVER_UNDER,-148.0,124.0,DraftKings,2026-10-08T02:00:00Z,2026-10-08T00:00:38Z
2,2026020055,24,ANA,22,EDM,MONEY_LINE_3_WAY,330.0,330.0,DraftKings,2026-10-08T02:00:00Z,2026-10-08T00:00:38Z
2,2026020055,24,ANA,22,EDM,MONEY_LINE_2_WAY,114.0,-135.0,DraftKings,2026-10-08T02:00:00Z,2026-10-08T00:00:38Z
2,2026020056,6,BOS,68,UTA,PUCK_LINE,145.0,-188.0,DraftKings,2026-10-08T23:00:00Z,2026-10-09T00:00:39Z
2,2026020056,6,BOS,68,UTA,OVER_UNDER,140.0,-180.0,DraftKings,2026-10-08T23:00:00Z,2026-10-09T00:00:39Z
2,2026020056,6,BOS,68,UTA,MONEY_LINE_3_WAY,800.0,800.0,DraftKings,2026-10-08T23:00:00Z,2026-10-09T00:00:39Z
2,2026020056,6,BOS,68,UTA,MONEY_LINE_2_WAY_TNB,-2500.0,1100.0,DraftKings,2026-10-08T23:00:00Z,2026-10-09T00:00:39Z
2,2026020056,6,BOS,68,UTA,MONEY_LINE_2_WAY,-1150.0,650.0,DraftKings,2026-10-08T23:00:00Z,2026-10-09T00:00:39Z
2,2026020057,7,BUF,25,DAL,PUCK_LINE,-120.0,-110.0,DraftKings,2026-10-08T23:00:00Z,2026-10-09T00:00:39Z
2,2026020057,7,BUF,25,DAL,OVER_UNDER,105.0,-135.0,DraftKings,2026-10-08T23:00:00Z,2026-10-09T00:00:39Z
2,2026020057,7,BUF,25,DAL,MONEY_LINE_3_WAY,340.0,340.0,DraftKings,2026-10-08T23:00:00Z,2026-10-09T00:00:39Z
2,2026020057,7,BUF,25,DAL,MONEY_LINE_2_WAY_TNB,300.0,-440.0,DraftKings,2026-10-08T23:00:00Z,2026-10-09T00:00:39Z
2,2026020057,7,BUF,25,DAL,MONEY_LINE_2_WAY,220.0,-298.0,DraftKings,2026-10-08T23:00:00Z,2026-10-09T00:00:39Z
2,2026020058,8,MTL,18,NSH,PUCK_LINE,175.0,-230.0,DraftKings,2026-10-08T23:00:00Z,2026-10-09T00:00:39Z
2,2026020058,8,MTL,18,NSH,OVER_UNDER,-125.0,-105.0,DraftKings,2026-10-08T23:00:00Z,2026-10-09T00:00:39Z
2,2026020058,8,MTL,18,NSH,MONEY_LINE_3_WAY,280.0,280.0,DraftKings,2026-10-08T23:00:00Z,2026-10-09T00:00:39Z
2,2026020058,8,MTL,18,NSH,MONEY_LINE_2_WAY_TNB,-162.0,126.0,DraftKings,2026-10-08T23:00:00Z,2026-10-09T00:00:39Z
2,2026020058,8,MTL,18,NSH,MONEY_LINE_2_WAY,-154.0,120.0,DraftKings,2026-10-08T23:00:00Z,2026-10-09T00:00:39Z
2,2026020059,9,OTT,4,PHI,PUCK_LINE,-130.0,100.0,DraftKings,2026-10-08T23:00:00Z,2026-10-09T00:00:39Z
2,2026020059,9,OTT,4,PHI,OVER_UNDER,145.0,-188.0,DraftKings,2026-10-08T23:00:00Z,2026-10-09T00:00:39Z
2,2026020059,9,OTT,4,PHI,MONEY_LINE_3_WAY,-200.0,500.0,DraftKings,2026-10-08T23:00:00Z,2026-10-09T00:00:39Z
2,2026020059,9,OTT,4,PHI,MONEY_LINE_2_WAY_TNB,-550.0,360.0,DraftKings,2026-10-08T23:00:00Z,2026-10-09T00:00:39Z
2,2026020059,9,OTT,4,PHI,MONEY_LINE_2_WAY,-375.0,270.0,DraftKings,2026-10-08T23:00:00Z,2026-10-09T00:00:39Z
2,2026020060,14,TBL,30,MIN,PUCK_LINE,-140.0,110.0,DraftKings,2026-10-08T23:00:00Z,2026-10-09T00:00:39Z
2,2026020060,14,TBL,30,MIN,OVER_UNDER,100.0,-130.0,DraftKings,2026-10-08T23:00:00Z,2026-10-09T00:00:39Z
2,2026020060,14,TBL,30,MIN,MONEY_LINE_3_WAY,-425.0,1000.0,DraftKings,2026-10-08T23:00:00Z,2026-10-09T00:00:39Z
2,2026020060,14,TBL,30,MIN,MONEY_LINE_2_WAY_TNB,-1600.0,800.0,DraftKings,2026-10-08T23:00:00Z,2026-10-09T00:00:39Z
2,2026020060,14,TBL,30,MIN,MONEY_LINE_2_WAY,-850.0,520.0,DraftKings,2026-10-08T23:00:00Z,2026-10-09T00:00:39Z
2,2026020061,12,CAR,23,VAN,PUCK_LINE,130.0,-166.0,DraftKings,2026-10-08T23:00:00Z,2026-10-09T00:00:39Z
2,2026020061,12,CAR,23,VAN,OVER_UNDER,120.0,-154.0,DraftKings,2026-10-08T23:00:00Z,2026-10-09T00:00:39Z
2,2026020061,12,CAR,23,VAN,MONEY_LINE_3_WAY,2200.0,2200.0,DraftKings,2026-10-08T23:00:00Z,2026-10-09T00:00:39Z
2,2026020061,12,CAR,23,VAN,MONEY_LINE_2_WAY_TNB,-200000.0,5000.0,DraftKings,2026-10-08T23:00:00Z,2026-10-09T00:00:39Z
2,2026020061,12,CAR,23,VAN,MONEY_LINE_2_WAY,-15000.0,2500.0,DraftKings,2026-10-08T23:00:00Z,2026-10-09T00:00:39Z
2,2026020062,2,NYI,16,CHI,PUCK_LINE,140.0,-180.0,DraftKings,2026-10-08T23:30:00Z,2026-10-09T00:00:39Z
2,2026020062,2,NYI,16,CHI,OVER_UNDER,-166.0,130.0,DraftKings,2026-10-08T23:30:00Z,2026-10-09T00:00:39Z
2,2026020062,2,NYI,16,CHI,MONEY_LINE_3_WAY,290.0,290.0,DraftKings,2026-10-08T23:30:00Z,2026-10-09T00:00:39Z
2,2026020062,2,NYI,16,CHI,MONEY_LINE_2_WAY_TNB,-204.0,155.0,DraftKings,2026-10-08T23:30:00Z,2026-10-09T00:00:39Z
2,2026020062,2,NYI,16,CHI,MONEY_LINE_2_WAY,-180.0,140.0,DraftKings,2026-10-08T23:30:00Z,2026-10-09T00:00:39Z
2,2026020063,19,STL,28,SJS,PUCK_LINE,160.0,-192.0,DraftKings,2026-10-09T00:00:00Z,2026-10-09T00:00:39Z
2,2026020063,19,STL,28,SJS,OVER_UNDER,-125.0,105.0,DraftKings,2026-10-09T00:00:00Z,2026-10-09T00:00:39Z
2,2026020063,19,STL,28,SJS,MONEY_LINE_3_WAY,105.0,190.0,DraftKings,2026-10-09T00:00:00Z,2026-10-09T00:00:39Z
2,2026020063,19,STL,28,SJS,MONEY_LINE_2_WAY,-162.0,136.0,DraftKings,2026-10-09T00:00:00Z,2026-10-09T00:00:39Z
2,2026020064,20,CGY,21,COL,PUCK_LINE,-125.0,105.0,DraftKings,2026-10-09T01:00:00Z,2026-10-09T00:00:39Z
2,2026020064,20,CGY,21,COL,OVER_UNDER,110.0,-130.0,DraftKings,2026-10-09T01:00:00Z,2026-10-09T00:00:39Z
2,2026020064,20,CGY,21,COL,MONEY_LINE_3_WAY,360.0,360.0,DraftKings,2026-10-09T01:00:00Z,2026-10-09T00:00:39Z
2,2026020064,20,CGY,21,COL,MONEY_LINE_2_WAY,195.0,-238.0,DraftKings,2026-10-09T01:00:00Z,2026-10-09T00:00:39Z
2,2026020065,54,VGK,10,TOR,PUCK_LINE,150.0,-180.0,DraftKings,2026-10-09T02:00:00Z,2026-10-09T00:00:39Z
2,2026020065,54,VGK,10,TOR,OVER_UNDER,-112.0,-108.0,DraftKings,2026-10-09T02:00:00Z,2026-10-09T00:00:39Z
2,2026020065,54,VGK,10,TOR,MONEY_LINE_3_WAY,105.0,175.0,DraftKings,2026-10-09T02:00:00Z,2026-10-09T00:00:39Z
2,2026020065,54,VGK,10,TOR,MONEY_LINE_2_WAY,-170.0,142.0,DraftKings,2026-10-09T02:00:00Z,2026-10-09T00:00:39Z
2,2026020066,17,DET,55,SEA,PUCK_LINE,-125.0,-105.0,DraftKings,2026-10-09T23:00:00Z,2026-10-09T23:30:38Z
2,2026020066,17,DET,55,SEA,OVER_UNDER,-145.0,114.0,DraftKings,2026-10-09T23:00:00Z,2026-10-09T23:30:38Z
2,2026020066,17,DET,55,SEA,MONEY_LINE_3_WAY,-190.0,425.0,DraftKings,2026-10-09T23:00:00Z,2026-10-09T23:30:38Z
2,2026020066,17,DET,55,SEA,MONEY_LINE_2_WAY_TNB,-440.0,300.0,DraftKings,2026-10-09T23:00:00Z,2026-10-09T23:30:38Z
2,2026020066,17,DET,55,SEA,MONEY_LINE_2_WAY,-315.0,230.0,DraftKings,2026-10-09T23:00:00Z,2026-10-09T23:30:38Z
2,2026020067,15,WSH,3,NYR,PUCK_LINE,-180.0,140.0,DraftKings,2026-10-09T23:00:00Z,2026-10-09T23:30:38Z
2,2026020067,15,WSH,3,NYR,OVER_UNDER,-135.0,105.0,DraftKings,2026-10-09T23:00:00Z,2026-10-09T23:30:38Z
2,2026020067,15,WSH,3,NYR,MONEY_LINE_3_WAY,320.0,320.0,DraftKings,2026-10-09T23:00:00Z,2026-10-09T23:30:38Z
2,2026020067,15,WSH,3,NYR,MONEY_LINE_2_WAY_TNB,170.0,-225.0,DraftKings,2026-10-09T23:00:00Z,2026-10-09T23:30:38Z
2,2026020067,15,WSH,3,NYR,MONEY_LINE_2_WAY,145.0,-188.0,DraftKings,2026-10-09T23:00:00Z,2026-10-09T23:30:38Z
2,2026020068,29,CBJ,5,PIT,PUCK_LINE,105.0,-135.0,DraftKings,2026-10-09T23:00:00Z,2026-10-09T23:30:38Z
2,2026020068,29,CBJ,5,PIT,OVER_UNDER,-125.0,-105.0,DraftKings,2026-10-09T23:00:00Z,2026-10-09T23:30:38Z
2,2026020068,29,CBJ,5,PIT,MONEY_LINE_3_WAY,-135.0,275.0,DraftKings,2026-10-09T23:00:00Z,2026-10-09T23:30:38Z
2,2026020068,29,CBJ,5,PIT,MONEY_LINE_2_WAY_TNB,-265.0,195.0,DraftKings,2026-10-09T23:00:00Z,2026-10-09T23:30:38Z
2,2026020068,29,CBJ,5,PIT,MONEY_LINE_2_WAY,-200.0,154.0,DraftKings,2026-10-09T23:00:00Z,2026-10-09T23:30:38Z
2,2026020069,52,WPG,24,ANA,PUCK_LINE,205.0,-250.0,DraftKings,2026-10-10T00:00:00Z,2026-10-09T23:30:38Z
2,2026020069,52,WPG,24,ANA,OVER_UNDER,-102.0,-118.0,DraftKings,2026-10-10T00:00:00Z,2026-10-09T23:30:38Z
2,2026020069,52,WPG,24,ANA,MONEY_LINE_3_WAY,125.0,150.0,DraftKings,2026-10-10T00:00:00Z,2026-10-09T23:30:38Z
2,2026020069,52,WPG,24,ANA,MONEY_LINE_2_WAY,-125.0,105.0,DraftKings,2026-10-10T00:00:00Z,2026-10-09T23:30:38Z
