gameid,headshot,team_tri,playerId,sweaterNumber,positionCode,firstName.default,lastName.default
2026020001,https://assets.nhle.com/mugs/nhl/20262027/CAR/8473533.png,CAR,8473533,11,C,Jordan,Staal
2026020001,https://assets.nhle.com/mugs/nhl/20262027/FLA/8474189.png,FLA,8474189,20,C,Lars,Eller
2026020001,https://assets.nhle.com/mugs/nhl/20262027/FLA/8474593.png,FLA,8474593,25,G,Jacob,Markstrom
2026020001,https://assets.nhle.com/mugs/nhl/20262027/FLA/8475179.png,FLA,8475179,7,D,Dmitry,Kulikov
2026020001,https://assets.nhle.com/mugs/nhl/20262027/CAR/8475235.png,CAR,8475235,44,L,Nicolas,Deslauriers
2026020001,https://assets.nhle.com/mugs/nhl/20262027/FLA/8475462.png,FLA,8475462,6,D,Radko,Gudas
2026020001,https://assets.nhle.com/mugs/nhl/20262027/CAR/8475791.png,CAR,8475791,71,L,Taylor,Hall
2026020001,https://assets.nhle.com/mugs/nhl/20262027/CAR/8476873.png,CAR,8476873,77,L,Mark,Jankowski
2026020001,https://assets.nhle.com/mugs/nhl/20262027/CAR/8476906.png,CAR,8476906,4,D,Shayne,Gostisbehere
2026020001,https://assets.nhle.com/mugs/nhl/20262027/CAR/8476921.png,CAR,8476921,48,L,Jordan,Martinook
2026020001,https://assets.nhle.com/mugs/nhl/20262027/CAR/8476958.png,CAR,8476958,74,D,Jaccob,Slavin
2026020001,https://assets.nhle.com/mugs/nhl/20262027/FLA/8477409.png,FLA,8477409,23,C,Carter,Verhaeghe
2026020001,https://assets.nhle.com/mugs/nhl/20262027/CAR/8477478.png,CAR,8477478,28,L,William,Carrier
2026020001,https://assets.nhle.com/mugs/nhl/20262027/FLA/8477493.png,FLA,8477493,16,C,Aleksander,Barkov
2026020001,https://assets.nhle.com/mugs/nhl/20262027/FLA/8477495.png,FLA,8477495,3,D,Seth,Jones
2026020001,https://assets.nhle.com/mugs/nhl/20262027/FLA/8477903.png,FLA,8477903,21,R,Garnet,Hathaway
2026020001,https://assets.nhle.com/mugs/nhl/20262027/FLA/8477932.png,FLA,8477932,5,D,Aaron,Ekblad
2026020001,https://assets.nhle.com/mugs/nhl/20262027/FLA/8477933.png,FLA,8477933,13,C,Sam,Reinhart
2026020001,https://assets.nhle.com/mugs/nhl/20262027/FLA/8477935.png,FLA,8477935,9,C,Sam,Bennett
2026020001,https://assets.nhle.com/mugs/nhl/20262027/CAR/8477940.png,CAR,8477940,27,L,Nikolaj,Ehlers
2026020001,https://assets.nhle.com/mugs/nhl/20262027/FLA/8478055.png,FLA,8478055,42,D,Gustav,Forsling
2026020001,https://assets.nhle.com/mugs/nhl/20262027/FLA/8478147.png,FLA,8478147,14,L,Bokondji,Imama
2026020001,https://assets.nhle.com/mugs/nhl/20262027/CAR/8478427.png,CAR,8478427,20,C,Sebastian,Aho
2026020001,https://assets.nhle.com/mugs/nhl/20262027/FLA/8478859.png,FLA,8478859,77,D,Niko,Mikkola
2026020001,https://assets.nhle.com/mugs/nhl/20262027/CAR/8478970.png,CAR,8478970,5,D,Jalen,Chatfield
2026020001,https://assets.nhle.com/mugs/nhl/20262027/FLA/8479314.png,FLA,8479314,19,L,Matthew,Tkachuk
2026020001,https://assets.nhle.com/mugs/nhl/20262027/FLA/8480185.png,FLA,8480185,27,C,Eetu,Luostarinen
2026020001,https://assets.nhle.com/mugs/nhl/20262027/CAR/8480336.png,CAR,8480336,26,D,Sean,Walker
2026020001,https://assets.nhle.com/mugs/nhl/20262027/CAR/8480762.png,CAR,8480762,50,L,Eric,Robinson
2026020001,https://assets.nhle.com/mugs/nhl/20262027/FLA/8480801.png,FLA,8480801,8,L,Brady,Tkachuk
2026020001,https://assets.nhle.com/mugs/nhl/20262027/CAR/8480817.png,CAR,8480817,19,D,K'Andre,Miller
2026020001,https://assets.nhle.com/mugs/nhl/20262027/CAR/8480830.png,CAR,8480830,37,R,Andrei,Svechnikov
2026020001,https://assets.nhle.com/mugs/nhl/20262027/FLA/8481033.png,FLA,8481033,40,G,Akira,Schmid
2026020001,https://assets.nhle.com/mugs/nhl/20262027/CAR/8481611.png,CAR,8481611,52,G,Pyotr,Kochetkov
2026020001,https://assets.nhle.com/mugs/nhl/20262027/FLA/8482113.png,FLA,8482113,15,C,Anton,Lundell
2026020001,https://assets.nhle.com/mugs/nhl/20262027/CAR/8482702.png,CAR,8482702,22,C,Logan,Stankoven
2026020001,https://assets.nhle.com/mugs/nhl/20262027/CAR/8482809.png,CAR,8482809,53,R,Jackson,Blake
2026020001,https://assets.nhle.com/mugs/nhl/20262027/CAR/8483548.png,CAR,8483548,32,G,Brandon,Bussi
2026020001,https://assets.nhle.com/mugs/nhl/20262027/FLA/8483771.png,FLA,8483771,95,L,Sandis,Vilmanis
2026020001,https://assets.nhle.com/mugs/nhl/20262027/CAR/8484428.png,CAR,8484428,62,D,Charles Alexis,Legault
2026020002,https://assets.nhle.com/mugs/nhl/20262027/TOR/8475166.png,TOR,8475166,91,C,John,Tavares
2026020002,https://assets.nhle.com/mugs/nhl/20262027/TOR/8475171.png,TOR,8475171,95,D,Oliver,Ekman-Larsson
2026020002,https://assets.nhle.com/mugs/nhl/20262027/MTL/8475184.png,MTL,8475184,22,L,Chris,Kreider
2026020002,https://assets.nhle.com/mugs/nhl/20262027/TOR/8475683.png,TOR,8475683,72,G,Sergei,Bobrovsky
2026020002,https://assets.nhle.com/mugs/nhl/20262027/TOR/8475690.png,TOR,8475690,8,D,Chris,Tanev
2026020002,https://assets.nhle.com/mugs/nhl/20262027/MTL/8476479.png,MTL,8476479,24,C,Phillip,Danault
2026020002,https://assets.nhle.com/mugs/nhl/20262027/TOR/8476853.png,TOR,8476853,44,D,Morgan,Rielly
2026020002,https://assets.nhle.com/mugs/nhl/20262027/MTL/8476875.png,MTL,8476875,8,D,Mike,Matheson
2026020002,https://assets.nhle.com/mugs/nhl/20262027/TOR/8476925.png,TOR,8476925,15,C,Colton,Sissons
2026020002,https://assets.nhle.com/mugs/nhl/20262027/TOR/8476927.png,TOR,8476927,73,C,Teddy,Blueger
2026020002,https://assets.nhle.com/mugs/nhl/20262027/TOR/8476931.png,TOR,8476931,22,D,Jake,McCabe
2026020002,https://assets.nhle.com/mugs/nhl/20262027/TOR/8476932.png,TOR,8476932,41,G,Anthony,Stolarz
2026020002,https://assets.nhle.com/mugs/nhl/20262027/MTL/8476981.png,MTL,8476981,17,R,Josh,Anderson
2026020002,https://assets.nhle.com/mugs/nhl/20262027/TOR/8477426.png,TOR,8477426,20,L,Nick,Paul
2026020002,https://assets.nhle.com/mugs/nhl/20262027/TOR/8477939.png,TOR,8477939,88,R,William,Nylander
2026020002,https://assets.nhle.com/mugs/nhl/20262027/MTL/8478133.png,MTL,8478133,71,C,Jake,Evans
2026020002,https://assets.nhle.com/mugs/nhl/20262027/TOR/8478178.png,TOR,8478178,43,D,Darren,Raddysh
2026020002,https://assets.nhle.com/mugs/nhl/20262027/TOR/8478458.png,TOR,8478458,96,C,Jack,Roslovic
2026020002,https://assets.nhle.com/mugs/nhl/20262027/MTL/8478470.png,MTL,8478470,35,G,Samuel,Montembeault
2026020002,https://assets.nhle.com/mugs/nhl/20262027/MTL/8478851.png,MTL,8478851,45,D,Alexandre,Carrier
2026020002,https://assets.nhle.com/mugs/nhl/20262027/TOR/8479318.png,TOR,8479318,34,C,Auston,Matthews
2026020002,https://assets.nhle.com/mugs/nhl/20262027/TOR/8479442.png,TOR,8479442,28,D,Troy,Stecher
2026020002,https://assets.nhle.com/mugs/nhl/20262027/TOR/8479520.png,TOR,8479520,24,L,Brandon,Duhaime
2026020002,https://assets.nhle.com/mugs/nhl/20262027/TOR/8479772.png,TOR,8479772,19,R,Zack,MacEwen
2026020002,https://assets.nhle.com/mugs/nhl/20262027/MTL/8480018.png,MTL,8480018,14,C,Nick,Suzuki
2026020002,https://assets.nhle.com/mugs/nhl/20262027/MTL/8480074.png,MTL,8480074,85,L,Alexandre,Texier
2026020002,https://assets.nhle.com/mugs/nhl/20262027/MTL/8480865.png,MTL,8480865,53,D,Noah,Dobson
2026020002,https://assets.nhle.com/mugs/nhl/20262027/TOR/8480893.png,TOR,8480893,86,R,Kirill,Marchenko
2026020002,https://assets.nhle.com/mugs/nhl/20262027/MTL/8481523.png,MTL,8481523,77,C,Kirby,Dach
2026020002,https://assets.nhle.com/mugs/nhl/20262027/MTL/8481540.png,MTL,8481540,13,R,Cole,Caufield
2026020002,https://assets.nhle.com/mugs/nhl/20262027/MTL/8481593.png,MTL,8481593,47,D,Jayden,Struble
2026020002,https://assets.nhle.com/mugs/nhl/20262027/MTL/8481618.png,MTL,8481618,15,C,Alex,Newhook
2026020002,https://assets.nhle.com/mugs/nhl/20262027/MTL/8482487.png,MTL,8482487,75,G,Jakub,Dobes
2026020002,https://assets.nhle.com/mugs/nhl/20262027/MTL/8482737.png,MTL,8482737,76,R,Zachary,Bolduc
2026020002,https://assets.nhle.com/mugs/nhl/20262027/MTL/8482964.png,MTL,8482964,72,D,Arber,Xhekaj
2026020002,https://assets.nhle.com/mugs/nhl/20262027/MTL/8483457.png,MTL,8483457,48,D,Lane,Hutson
2026020002,https://assets.nhle.com/mugs/nhl/20262027/MTL/8483515.png,MTL,8483515,20,L,Juraj,Slafkovský
2026020002,https://assets.nhle.com/mugs/nhl/20262027/TOR/8484158.png,TOR,8484158,53,R,Easton,Cowan
2026020002,https://assets.nhle.com/mugs/nhl/20262027/MTL/8484984.png,MTL,8484984,93,R,Ivan,Demidov
2026020002,https://assets.nhle.com/mugs/nhl/20262027/TOR/8486067.png,TOR,8486067,92,L,Gavin,McKenna
2026020003,https://assets.nhle.com/mugs/nhl/20262027/BOS/8476374.png,BOS,8476374,52,C,Sean,Kuraly
2026020003,https://assets.nhle.com/mugs/nhl/20262027/NYR/8476459.png,NYR,8476459,93,C,Mika,Zibanejad
2026020003,https://assets.nhle.com/mugs/nhl/20262027/NYR/8476468.png,NYR,8476468,10,C,J.T.,Miller
2026020003,https://assets.nhle.com/mugs/nhl/20262027/BOS/8476854.png,BOS,8476854,27,D,Hampus,Lindholm
2026020003,https://assets.nhle.com/mugs/nhl/20262027/NYR/8476914.png,NYR,8476914,70,G,Joonas,Korpisalo
2026020003,https://assets.nhle.com/mugs/nhl/20262027/BOS/8477365.png,BOS,8477365,75,D,Connor,Clifton
2026020003,https://assets.nhle.com/mugs/nhl/20262027/NYR/8477416.png,NYR,8477416,28,R,Oliver,Bjorkstrand
2026020003,https://assets.nhle.com/mugs/nhl/20262027/BOS/8477496.png,BOS,8477496,28,C,Elias,Lindholm
2026020003,https://assets.nhle.com/mugs/nhl/20262027/BOS/8477507.png,BOS,8477507,91,D,Nikita,Zadorov
2026020003,https://assets.nhle.com/mugs/nhl/20262027/BOS/8477956.png,BOS,8477956,88,R,David,Pastrnak
2026020003,https://assets.nhle.com/mugs/nhl/20262027/NYR/8477969.png,NYR,8477969,26,D,Marcus,Pettersson
2026020003,https://assets.nhle.com/mugs/nhl/20262027/NYR/8478048.png,NYR,8478048,31,G,Igor,Shesterkin
2026020003,https://assets.nhle.com/mugs/nhl/20262027/BOS/8478401.png,BOS,8478401,18,C,Pavel,Zacha
2026020003,https://assets.nhle.com/mugs/nhl/20262027/BOS/8478840.png,BOS,8478840,17,D,Will,Borgen
2026020003,https://assets.nhle.com/mugs/nhl/20262027/NYR/8478882.png,NYR,8478882,44,D,Vladislav,Gavrikov
2026020003,https://assets.nhle.com/mugs/nhl/20262027/NYR/8479323.png,NYR,8479323,23,D,Adam,Fox
2026020003,https://assets.nhle.com/mugs/nhl/20262027/BOS/8479661.png,BOS,8479661,84,L,Tanner,Jeannot
2026020003,https://assets.nhle.com/mugs/nhl/20262027/BOS/8479987.png,BOS,8479987,39,C,Morgan,Geekie
2026020003,https://assets.nhle.com/mugs/nhl/20262027/BOS/8479999.png,BOS,8479999,11,C,Casey,Mittelstadt
2026020003,https://assets.nhle.com/mugs/nhl/20262027/NYR/8480009.png,NYR,8480009,17,R,Eeli,Tolvanen
2026020003,https://assets.nhle.com/mugs/nhl/20262027/BOS/8480022.png,BOS,8480022,30,G,Michael,DiPietro
2026020003,https://assets.nhle.com/mugs/nhl/20262027/BOS/8480280.png,BOS,8480280,1,G,Jeremy,Swayman
2026020003,https://assets.nhle.com/mugs/nhl/20262027/BOS/8480355.png,BOS,8480355,47,C,Mark,Kastelic
2026020003,https://assets.nhle.com/mugs/nhl/20262027/NYR/8480434.png,NYR,8480434,5,D,Sean,Durzi
2026020003,https://assets.nhle.com/mugs/nhl/20262027/NYR/8480813.png,NYR,8480813,90,C,Joseph,Veleno
2026020003,https://assets.nhle.com/mugs/nhl/20262027/BOS/8481219.png,BOS,8481219,45,D,Jonathan,Aspirot
2026020003,https://assets.nhle.com/mugs/nhl/20262027/NYR/8481604.png,NYR,8481604,16,R,Pavel,Dorofeyev
2026020003,https://assets.nhle.com/mugs/nhl/20262027/NYR/8481789.png,NYR,8481789,24,L,Tye,Kartye
2026020003,https://assets.nhle.com/mugs/nhl/20262027/NYR/8482073.png,NYR,8482073,4,D,Braden,Schneider
2026020003,https://assets.nhle.com/mugs/nhl/20262027/NYR/8482109.png,NYR,8482109,13,L,Alexis,Lafrenière
2026020003,https://assets.nhle.com/mugs/nhl/20262027/NYR/8482157.png,NYR,8482157,50,L,Will,Cuylle
2026020003,https://assets.nhle.com/mugs/nhl/20262027/BOS/8482175.png,BOS,8482175,10,R,JJ,Peterka
2026020003,https://assets.nhle.com/mugs/nhl/20262027/BOS/8482177.png,BOS,8482177,92,C,Marat,Khusnutdinov
2026020003,https://assets.nhle.com/mugs/nhl/20262027/NYR/8482460.png,NYR,8482460,73,C,Matt,Rempe
2026020003,https://assets.nhle.com/mugs/nhl/20262027/BOS/8482511.png,BOS,8482511,6,D,Mason,Lohrei
2026020003,https://assets.nhle.com/mugs/nhl/20262027/BOS/8483489.png,BOS,8483489,93,C,Fraser,Minten
2026020003,https://assets.nhle.com/mugs/nhl/20262027/NYR/8483690.png,NYR,8483690,42,C,Noah,Laba
2026020003,https://assets.nhle.com/mugs/nhl/20262027/NYR/8484210.png,NYR,8484210,94,R,Gabe,Perreault
2026020003,https://assets.nhle.com/mugs/nhl/20262027/BOS/8485395.png,BOS,8485395,44,C,James,Hagens
2026020003,https://assets.nhle.com/mugs/nhl/20262027/NYR/8485957.png,NYR,8485957,12,D,Alberts,Smits
2026020004,https://assets.nhle.com/mugs/nhl/20262027/VAN/8474568.png,VAN,8474568,2,D,Luke,Schenn
2026020004,https://assets.nhle.com/mugs/nhl/20262027/EDM/8475218.png,EDM,8475218,14,D,Mattias,Ekholm
2026020004,https://assets.nhle.com/mugs/nhl/20262027/EDM/8475786.png,EDM,8475786,18,L,Zach,Hyman
2026020004,https://assets.nhle.com/mugs/nhl/20262027/VAN/8475848.png,VAN,8475848,7,R,Brendan,Gallagher
2026020004,https://assets.nhle.com/mugs/nhl/20262027/VAN/8476467.png,VAN,8476467,4,D,Jamie,Oleksiak
2026020004,https://assets.nhle.com/mugs/nhl/20262027/EDM/8476473.png,EDM,8476473,5,D,Connor,Murphy
2026020004,https://assets.nhle.com/mugs/nhl/20262027/EDM/8477465.png,EDM,8477465,35,G,Tristan,Jarry
2026020004,https://assets.nhle.com/mugs/nhl/20262027/EDM/8477934.png,EDM,8477934,29,C,Leon,Draisaitl
2026020004,https://assets.nhle.com/mugs/nhl/20262027/EDM/8477953.png,EDM,8477953,42,R,Kasperi,Kapanen
2026020004,https://assets.nhle.com/mugs/nhl/20262027/EDM/8478013.png,EDM,8478013,96,D,Jake,Walman
2026020004,https://assets.nhle.com/mugs/nhl/20262027/EDM/8478402.png,EDM,8478402,97,C,Connor,McDavid
2026020004,https://assets.nhle.com/mugs/nhl/20262027/VAN/8478444.png,VAN,8478444,6,R,Brock,Boeser
2026020004,https://assets.nhle.com/mugs/nhl/20262027/EDM/8478472.png,EDM,8478472,21,R,Mathieu,Joseph
2026020004,https://assets.nhle.com/mugs/nhl/20262027/VAN/8478498.png,VAN,8478498,74,L,Jake,DeBrusk
2026020004,https://assets.nhle.com/mugs/nhl/20262027/EDM/8478854.png,EDM,8478854,6,D,Ryan,Shea
2026020004,https://assets.nhle.com/mugs/nhl/20262027/EDM/8479365.png,EDM,8479365,10,C,Trent,Frederic
2026020004,https://assets.nhle.com/mugs/nhl/20262027/EDM/8479368.png,EDM,8479368,46,L,Max,Jones
2026020004,https://assets.nhle.com/mugs/nhl/20262027/VAN/8479425.png,VAN,8479425,17,D,Filip,Hronek
2026020004,https://assets.nhle.com/mugs/nhl/20262027/VAN/8480012.png,VAN,8480012,40,C,Elias,Pettersson
2026020004,https://assets.nhle.com/mugs/nhl/20262027/EDM/8480029.png,EDM,8480029,26,L,Alex,Formenton
2026020004,https://assets.nhle.com/mugs/nhl/20262027/EDM/8480803.png,EDM,8480803,2,D,Evan,Bouchard
2026020004,https://assets.nhle.com/mugs/nhl/20262027/VAN/8480947.png,VAN,8480947,32,G,Kevin,Lankinen
2026020004,https://assets.nhle.com/mugs/nhl/20262027/VAN/8481024.png,VAN,8481024,94,C,Linus,Karlsson
2026020004,https://assets.nhle.com/mugs/nhl/20262027/VAN/8481032.png,VAN,8481032,47,L,Paul,Cotter
2026020004,https://assets.nhle.com/mugs/nhl/20262027/EDM/8481617.png,EDM,8481617,92,R,Vasily,Podkolzin
2026020004,https://assets.nhle.com/mugs/nhl/20262027/VAN/8482055.png,VAN,8482055,18,L,Drew,O'Connor
2026020004,https://assets.nhle.com/mugs/nhl/20262027/VAN/8482079.png,VAN,8482079,23,C,Marco,Rossi
2026020004,https://assets.nhle.com/mugs/nhl/20262027/EDM/8482166.png,EDM,8482166,85,D,Shakir,Mukhamadullin
2026020004,https://assets.nhle.com/mugs/nhl/20262027/EDM/8482221.png,EDM,8482221,27,G,Devon,Levi
2026020004,https://assets.nhle.com/mugs/nhl/20262027/VAN/8482447.png,VAN,8482447,31,G,Leevi,Meriläinen
2026020004,https://assets.nhle.com/mugs/nhl/20262027/EDM/8482703.png,EDM,8482703,34,C,Colton,Dach
2026020004,https://assets.nhle.com/mugs/nhl/20262027/VAN/8483395.png,VAN,8483395,13,L,Arshdeep,Bains
2026020004,https://assets.nhle.com/mugs/nhl/20262027/EDM/8483455.png,EDM,8483455,53,L,Isaac,Howard
2026020004,https://assets.nhle.com/mugs/nhl/20262027/VAN/8483476.png,VAN,8483476,88,R,Jonathan,Lekkerimäki
2026020004,https://assets.nhle.com/mugs/nhl/20262027/VAN/8483499.png,VAN,8483499,92,L,Liam,Ohgren
2026020004,https://assets.nhle.com/mugs/nhl/20262027/VAN/8483678.png,VAN,8483678,25,D,Elias,Pettersson
2026020004,https://assets.nhle.com/mugs/nhl/20262027/VAN/8484136.png,VAN,8484136,63,C,Max,Sasson
2026020004,https://assets.nhle.com/mugs/nhl/20262027/VAN/8484240.png,VAN,8484240,5,D,Tom,Willander
2026020004,https://assets.nhle.com/mugs/nhl/20262027/VAN/8484798.png,VAN,8484798,8,D,Zeev,Buium
2026020004,https://assets.nhle.com/mugs/nhl/20262027/EDM/8486161.png,EDM,8486161,43,R,Owen,Michaels
2026020005,https://assets.nhle.com/mugs/nhl/20262027/CHI/8474013.png,CHI,8474013,28,D,Ian,Cole
2026020005,https://assets.nhle.com/mugs/nhl/20262027/CHI/8474141.png,CHI,8474141,88,R,Patrick,Kane
2026020005,https://assets.nhle.com/mugs/nhl/20262027/VGK/8475188.png,VGK,8475188,3,D,Brayden,McNabb
2026020005,https://assets.nhle.com/mugs/nhl/20262027/VGK/8475343.png,VGK,8475343,26,C,Nic,Dowd
2026020005,https://assets.nhle.com/mugs/nhl/20262027/VGK/8475913.png,VGK,8475913,61,R,Mark,Stone
2026020005,https://assets.nhle.com/mugs/nhl/20262027/VGK/8476448.png,VGK,8476448,71,C,William,Karlsson
2026020005,https://assets.nhle.com/mugs/nhl/20262027/VGK/8476881.png,VGK,8476881,48,C,Tomas,Hertl
2026020005,https://assets.nhle.com/mugs/nhl/20262027/VGK/8477447.png,VGK,8477447,27,D,Shea,Theodore
2026020005,https://assets.nhle.com/mugs/nhl/20262027/CHI/8477479.png,CHI,8477479,59,L,Tyler,Bertuzzi
2026020005,https://assets.nhle.com/mugs/nhl/20262027/VGK/8477964.png,VGK,8477964,49,L,Ivan,Barbashev
2026020005,https://assets.nhle.com/mugs/nhl/20262027/CHI/8477987.png,CHI,8477987,8,C,Ryan,Donato
2026020005,https://assets.nhle.com/mugs/nhl/20262027/VGK/8478109.png,VGK,8478109,95,L,Victor,Olofsson
2026020005,https://assets.nhle.com/mugs/nhl/20262027/CHI/8478233.png,CHI,8478233,26,L,Andrew,Mangiapane
2026020005,https://assets.nhle.com/mugs/nhl/20262027/VGK/8478396.png,VGK,8478396,15,D,Noah,Hanifin
2026020005,https://assets.nhle.com/mugs/nhl/20262027/VGK/8478397.png,VGK,8478397,4,D,Rasmus,Andersson
2026020005,https://assets.nhle.com/mugs/nhl/20262027/VGK/8478403.png,VGK,8478403,9,C,Jack,Eichel
2026020005,https://assets.nhle.com/mugs/nhl/20262027/CHI/8478413.png,CHI,8478413,12,L,Jordan,Greenway
2026020005,https://assets.nhle.com/mugs/nhl/20262027/VGK/8478450.png,VGK,8478450,29,D,Parker,Wotherspoon
2026020005,https://assets.nhle.com/mugs/nhl/20262027/VGK/8478468.png,VGK,8478468,5,D,Jeremy,Lauzon
2026020005,https://assets.nhle.com/mugs/nhl/20262027/VGK/8478483.png,VGK,8478483,93,R,Mitch,Marner
2026020005,https://assets.nhle.com/mugs/nhl/20262027/VGK/8478499.png,VGK,8478499,33,G,Adin,Hill
2026020005,https://assets.nhle.com/mugs/nhl/20262027/VGK/8479353.png,VGK,8479353,21,C,Brett,Howden
2026020005,https://assets.nhle.com/mugs/nhl/20262027/VGK/8479394.png,VGK,8479394,79,G,Carter,Hart
2026020005,https://assets.nhle.com/mugs/nhl/20262027/CHI/8481519.png,CHI,8481519,30,G,Spencer,Knight
2026020005,https://assets.nhle.com/mugs/nhl/20262027/CHI/8481524.png,CHI,8481524,24,D,Bowen,Byram
2026020005,https://assets.nhle.com/mugs/nhl/20262027/CHI/8481568.png,CHI,8481568,72,D,Alex,Vlasic
2026020005,https://assets.nhle.com/mugs/nhl/20262027/CHI/8482062.png,CHI,8482062,22,R,Cole,Smith
2026020005,https://assets.nhle.com/mugs/nhl/20262027/CHI/8482176.png,CHI,8482176,44,D,Wyatt,Kaiser
2026020005,https://assets.nhle.com/mugs/nhl/20262027/CHI/8482821.png,CHI,8482821,40,G,Arvid,Soderblom
2026020005,https://assets.nhle.com/mugs/nhl/20262027/CHI/8483450.png,CHI,8483450,20,C,Ryan,Greene
2026020005,https://assets.nhle.com/mugs/nhl/20262027/CHI/8483493.png,CHI,8483493,91,C,Frank,Nazar
2026020005,https://assets.nhle.com/mugs/nhl/20262027/CHI/8483506.png,CHI,8483506,6,D,Sam,Rinzel
2026020005,https://assets.nhle.com/mugs/nhl/20262027/VGK/8483553.png,VGK,8483553,17,C,Marc,Gatcomb
2026020005,https://assets.nhle.com/mugs/nhl/20262027/VGK/8483890.png,VGK,8483890,42,R,Braeden,Bowman
2026020005,https://assets.nhle.com/mugs/nhl/20262027/CHI/8484185.png,CHI,8484185,76,L,Nick,Lardis
2026020005,https://assets.nhle.com/mugs/nhl/20262027/CHI/8484197.png,CHI,8484197,11,C,Oliver,Moore
2026020005,https://assets.nhle.com/mugs/nhl/20262027/CHI/8484390.png,CHI,8484390,80,R,Roman,Kantserov
2026020005,https://assets.nhle.com/mugs/nhl/20262027/CHI/8484783.png,CHI,8484783,55,D,Artyom,Levshunov
2026020005,https://assets.nhle.com/mugs/nhl/20262027/VGK/8484803.png,VGK,8484803,24,L,Trevor,Connelly
2026020005,https://assets.nhle.com/mugs/nhl/20262027/CHI/8485391.png,CHI,8485391,16,C,Anton,Frondell
2026020008,https://assets.nhle.com/mugs/nhl/20262027/NYI/8473575.png,NYI,8473575,40,G,Semyon,Varlamov
2026020008,https://assets.nhle.com/mugs/nhl/20262027/NYI/8475151.png,NYI,8475151,21,C,Kyle,Palmieri
2026020008,https://assets.nhle.com/mugs/nhl/20262027/TOR/8475166.png,TOR,8475166,91,C,John,Tavares
2026020008,https://assets.nhle.com/mugs/nhl/20262027/NYI/8475170.png,NYI,8475170,10,C,Brayden,Schenn
2026020008,https://assets.nhle.com/mugs/nhl/20262027/TOR/8475171.png,TOR,8475171,95,D,Oliver,Ekman-Larsson
2026020008,https://assets.nhle.com/mugs/nhl/20262027/NYI/8475231.png,NYI,8475231,53,C,Casey,Cizikas
2026020008,https://assets.nhle.com/mugs/nhl/20262027/TOR/8475683.png,TOR,8475683,72,G,Sergei,Bobrovsky
2026020008,https://assets.nhle.com/mugs/nhl/20262027/TOR/8475690.png,TOR,8475690,8,D,Chris,Tanev
2026020008,https://assets.nhle.com/mugs/nhl/20262027/NYI/8476292.png,NYI,8476292,81,L,Ondrej,Palat
2026020008,https://assets.nhle.com/mugs/nhl/20262027/NYI/8476419.png,NYI,8476419,44,C,Jean-Gabriel,Pageau
2026020008,https://assets.nhle.com/mugs/nhl/20262027/TOR/8476853.png,TOR,8476853,44,D,Morgan,Rielly
2026020008,https://assets.nhle.com/mugs/nhl/20262027/NYI/8476917.png,NYI,8476917,3,D,Adam,Pelech
2026020008,https://assets.nhle.com/mugs/nhl/20262027/TOR/8476925.png,TOR,8476925,15,C,Colton,Sissons
2026020008,https://assets.nhle.com/mugs/nhl/20262027/TOR/8476927.png,TOR,8476927,73,C,Teddy,Blueger
2026020008,https://assets.nhle.com/mugs/nhl/20262027/TOR/8476931.png,TOR,8476931,22,D,Jake,McCabe
2026020008,https://assets.nhle.com/mugs/nhl/20262027/TOR/8476932.png,TOR,8476932,41,G,Anthony,Stolarz
2026020008,https://assets.nhle.com/mugs/nhl/20262027/NYI/8477407.png,NYI,8477407,11,L,Anthony,Duclair
2026020008,https://assets.nhle.com/mugs/nhl/20262027/TOR/8477426.png,TOR,8477426,20,L,Nick,Paul
2026020008,https://assets.nhle.com/mugs/nhl/20262027/NYI/8477500.png,NYI,8477500,14,C,Bo,Horvat
2026020008,https://assets.nhle.com/mugs/nhl/20262027/NYI/8477506.png,NYI,8477506,6,D,Ryan,Pulock
2026020008,https://assets.nhle.com/mugs/nhl/20262027/TOR/8477939.png,TOR,8477939,88,R,William,Nylander
2026020008,https://assets.nhle.com/mugs/nhl/20262027/NYI/8477950.png,NYI,8477950,77,D,Tony,DeAngelo
2026020008,https://assets.nhle.com/mugs/nhl/20262027/NYI/8478009.png,NYI,8478009,30,G,Ilya,Sorokin
2026020008,https://assets.nhle.com/mugs/nhl/20262027/TOR/8478178.png,TOR,8478178,43,D,Darren,Raddysh
2026020008,https://assets.nhle.com/mugs/nhl/20262027/TOR/8478458.png,TOR,8478458,96,C,Jack,Roslovic
2026020008,https://assets.nhle.com/mugs/nhl/20262027/TOR/8479318.png,TOR,8479318,34,C,Auston,Matthews
2026020008,https://assets.nhle.com/mugs/nhl/20262027/NYI/8479378.png,NYI,8479378,8,D,Logan,Stanley
2026020008,https://assets.nhle.com/mugs/nhl/20262027/TOR/8479442.png,TOR,8479442,28,D,Troy,Stecher
2026020008,https://assets.nhle.com/mugs/nhl/20262027/TOR/8479520.png,TOR,8479520,24,L,Brandon,Duhaime
2026020008,https://assets.nhle.com/mugs/nhl/20262027/TOR/8480870.png,TOR,8480870,29,C,Bo,Groulx
2026020008,https://assets.nhle.com/mugs/nhl/20262027/TOR/8480893.png,TOR,8480893,86,R,Kirill,Marchenko
2026020008,https://assets.nhle.com/mugs/nhl/20262027/NYI/8481014.png,NYI,8481014,28,D,Alexander,Romanov
2026020008,https://assets.nhle.com/mugs/nhl/20262027/NYI/8481601.png,NYI,8481601,92,R,Simon,Holmstrom
2026020008,https://assets.nhle.com/mugs/nhl/20262027/NYI/8481711.png,NYI,8481711,63,L,Matias,Maccelli
2026020008,https://assets.nhle.com/mugs/nhl/20262027/NYI/8482476.png,NYI,8482476,51,L,Emil,Heineman
2026020008,https://assets.nhle.com/mugs/nhl/20262027/TOR/8484158.png,TOR,8484158,53,R,Easton,Cowan
2026020008,https://assets.nhle.com/mugs/nhl/20262027/NYI/8484221.png,NYI,8484221,64,C,Calum,Ritchie
2026020008,https://assets.nhle.com/mugs/nhl/20262027/NYI/8485366.png,NYI,8485366,48,D,Matthew,Schaefer
2026020008,https://assets.nhle.com/mugs/nhl/20262027/NYI/8485388.png,NYI,8485388,38,R,Victor,Eklund
2026020008,https://assets.nhle.com/mugs/nhl/20262027/TOR/8486067.png,TOR,8486067,92,L,Gavin,McKenna
2026020006,https://assets.nhle.com/mugs/nhl/20262027/PIT/8471215.png,PIT,8471215,71,C,Evgeni,Malkin
2026020006,https://assets.nhle.com/mugs/nhl/20262027/PIT/8471675.png,PIT,8471675,87,C,Sidney,Crosby
2026020006,https://assets.nhle.com/mugs/nhl/20262027/PIT/8471724.png,PIT,8471724,58,D,Kris,Letang
2026020006,https://assets.nhle.com/mugs/nhl/20262027/PIT/8474578.png,PIT,8474578,65,D,Erik,Karlsson
2026020006,https://assets.nhle.com/mugs/nhl/20262027/PHI/8476372.png,PHI,8476372,24,D,Nick,Seeler
2026020006,https://assets.nhle.com/mugs/nhl/20262027/PHI/8476461.png,PHI,8476461,14,C,Sean,Couturier
2026020006,https://assets.nhle.com/mugs/nhl/20262027/PIT/8476483.png,PIT,8476483,67,R,Rickard,Rakell
2026020006,https://assets.nhle.com/mugs/nhl/20262027/PHI/8477499.png,PHI,8477499,55,D,Rasmus,Ristolainen
2026020006,https://assets.nhle.com/mugs/nhl/20262027/PIT/8477845.png,PIT,8477845,57,D,Trevor,van Riemsdyk
2026020006,https://assets.nhle.com/mugs/nhl/20262027/PHI/8477948.png,PHI,8477948,6,D,Travis,Sanheim
2026020006,https://assets.nhle.com/mugs/nhl/20262027/PHI/8477989.png,PHI,8477989,22,C,Christian,Dvorak
2026020006,https://assets.nhle.com/mugs/nhl/20262027/PHI/8478435.png,PHI,8478435,80,G,Dan,Vladar
2026020006,https://assets.nhle.com/mugs/nhl/20262027/PIT/8478438.png,PIT,8478438,18,C,Tommy,Novak
2026020006,https://assets.nhle.com/mugs/nhl/20262027/PHI/8478439.png,PHI,8478439,11,R,Travis,Konecny
2026020006,https://assets.nhle.com/mugs/nhl/20262027/PHI/8478569.png,PHI,8478569,52,C,Noel,Acciari
2026020006,https://assets.nhle.com/mugs/nhl/20262027/PHI/8479336.png,PHI,8479336,91,R,Carl,Grundstrom
2026020006,https://assets.nhle.com/mugs/nhl/20262027/PHI/8479361.png,PHI,8479361,53,G,Joseph,Woll
2026020006,https://assets.nhle.com/mugs/nhl/20262027/PIT/8479398.png,PIT,8479398,49,D,Samuel,Girard
2026020006,https://assets.nhle.com/mugs/nhl/20262027/PHI/8480015.png,PHI,8480015,74,R,Owen,Tippett
2026020006,https://assets.nhle.com/mugs/nhl/20262027/PHI/8480220.png,PHI,8480220,27,L,Noah,Cates
2026020006,https://assets.nhle.com/mugs/nhl/20262027/PIT/8480842.png,PIT,8480842,11,C,Filip,Hallander
2026020006,https://assets.nhle.com/mugs/nhl/20262027/PIT/8480980.png,PIT,8480980,19,C,Connor,Dewar
2026020006,https://assets.nhle.com/mugs/nhl/20262027/PHI/8481122.png,PHI,8481122,44,D,Simon,Benoit
2026020006,https://assets.nhle.com/mugs/nhl/20262027/PIT/8481481.png,PIT,8481481,46,C,Blake,Lizotte
2026020006,https://assets.nhle.com/mugs/nhl/20262027/PIT/8481527.png,PIT,8481527,6,D,Kaedan,Korczak
2026020006,https://assets.nhle.com/mugs/nhl/20262027/PHI/8481533.png,PHI,8481533,46,C,Trevor,Zegras
2026020006,https://assets.nhle.com/mugs/nhl/20262027/PHI/8481546.png,PHI,8481546,8,D,Cam,York
2026020006,https://assets.nhle.com/mugs/nhl/20262027/PIT/8481582.png,PIT,8481582,14,L,Nick,Robertson
2026020006,https://assets.nhle.com/mugs/nhl/20262027/PIT/8481668.png,PIT,8481668,37,G,Arturs,Silovs
2026020006,https://assets.nhle.com/mugs/nhl/20262027/PIT/8481725.png,PIT,8481725,25,L,Elmer,Soderblom
2026020006,https://assets.nhle.com/mugs/nhl/20262027/PHI/8482142.png,PHI,8482142,9,D,Jamie,Drysdale
2026020006,https://assets.nhle.com/mugs/nhl/20262027/PIT/8482148.png,PIT,8482148,22,C,Hendrix,Lapierre
2026020006,https://assets.nhle.com/mugs/nhl/20262027/PHI/8482159.png,PHI,8482159,71,R,Tyson,Foerster
2026020006,https://assets.nhle.com/mugs/nhl/20262027/PIT/8482475.png,PIT,8482475,59,R,Egor,Chinakhov
2026020006,https://assets.nhle.com/mugs/nhl/20262027/PIT/8482758.png,PIT,8482758,41,R,Ville,Koivunen
2026020006,https://assets.nhle.com/mugs/nhl/20262027/PIT/8483398.png,PIT,8483398,72,D,Declan,Carlile
2026020006,https://assets.nhle.com/mugs/nhl/20262027/PIT/8483703.png,PIT,8483703,1,G,Sergei,Murashov
2026020006,https://assets.nhle.com/mugs/nhl/20262027/PHI/8483731.png,PHI,8483731,20,L,Alex,Bump
2026020006,https://assets.nhle.com/mugs/nhl/20262027/PHI/8484387.png,PHI,8484387,39,R,Matvei,Michkov
2026020006,https://assets.nhle.com/mugs/nhl/20262027/PHI/8485406.png,PHI,8485406,94,R,Porter,Martone
2026020007,https://assets.nhle.com/mugs/nhl/20262027/COL/8470613.png,COL,8470613,84,D,Brent,Burns
2026020007,https://assets.nhle.com/mugs/nhl/20262027/LAK/8474563.png,LAK,8474563,8,D,Drew,Doughty
2026020007,https://assets.nhle.com/mugs/nhl/20262027/COL/8475172.png,COL,8475172,91,C,Nazem,Kadri
2026020007,https://assets.nhle.com/mugs/nhl/20262027/LAK/8475208.png,LAK,8475208,2,D,Brian,Dumoulin
2026020007,https://assets.nhle.com/mugs/nhl/20262027/LAK/8475287.png,LAK,8475287,56,L,Erik,Haula
2026020007,https://assets.nhle.com/mugs/nhl/20262027/LAK/8475311.png,LAK,8475311,35,G,Darcy,Kuemper
2026020007,https://assets.nhle.com/mugs/nhl/20262027/LAK/8475692.png,LAK,8475692,36,R,Mats,Zuccarello
2026020007,https://assets.nhle.com/mugs/nhl/20262027/COL/8475754.png,COL,8475754,11,C,Brock,Nelson
2026020007,https://assets.nhle.com/mugs/nhl/20262027/COL/8475768.png,COL,8475768,71,L,Jaden,Schwartz
2026020007,https://assets.nhle.com/mugs/nhl/20262027/COL/8475809.png,COL,8475809,41,G,Scott,Wedgewood
2026020007,https://assets.nhle.com/mugs/nhl/20262027/COL/8476312.png,COL,8476312,42,D,Josh,Manson
2026020007,https://assets.nhle.com/mugs/nhl/20262027/LAK/8476341.png,LAK,8476341,31,G,Anton,Forsberg
2026020007,https://assets.nhle.com/mugs/nhl/20262027/LAK/8476441.png,LAK,8476441,6,D,Joel,Edmundson
2026020007,https://assets.nhle.com/mugs/nhl/20262027/COL/8476455.png,COL,8476455,92,L,Gabriel,Landeskog
2026020007,https://assets.nhle.com/mugs/nhl/20262027/LAK/8476469.png,LAK,8476469,40,R,Joel,Armia
2026020007,https://assets.nhle.com/mugs/nhl/20262027/LAK/8476872.png,LAK,8476872,21,C,Scott,Laughton
2026020007,https://assets.nhle.com/mugs/nhl/20262027/LAK/8476879.png,LAK,8476879,5,D,Cody,Ceci
2026020007,https://assets.nhle.com/mugs/nhl/20262027/COL/8476967.png,COL,8476967,27,D,Brett,Kulak
2026020007,https://assets.nhle.com/mugs/nhl/20262027/COL/8477476.png,COL,8477476,62,L,Artturi,Lehkonen
2026020007,https://assets.nhle.com/mugs/nhl/20262027/COL/8477492.png,COL,8477492,29,C,Nathan,MacKinnon
2026020007,https://assets.nhle.com/mugs/nhl/20262027/LAK/8477960.png,LAK,8477960,9,R,Adrian,Kempe
2026020007,https://assets.nhle.com/mugs/nhl/20262027/COL/8478038.png,COL,8478038,7,D,Devon,Toews
2026020007,https://assets.nhle.com/mugs/nhl/20262027/COL/8478406.png,COL,8478406,39,G,Mackenzie,Blackwood
2026020007,https://assets.nhle.com/mugs/nhl/20262027/COL/8478454.png,COL,8478454,47,D,Noah,Juulsen
2026020007,https://assets.nhle.com/mugs/nhl/20262027/COL/8478462.png,COL,8478462,10,C,Nicolas,Roy
2026020007,https://assets.nhle.com/mugs/nhl/20262027/LAK/8478550.png,LAK,8478550,10,L,Artemi,Panarin
2026020007,https://assets.nhle.com/mugs/nhl/20262027/LAK/8479675.png,LAK,8479675,12,L,Trevor,Moore
2026020007,https://assets.nhle.com/mugs/nhl/20262027/LAK/8479998.png,LAK,8479998,44,D,Mikey,Anderson
2026020007,https://assets.nhle.com/mugs/nhl/20262027/COL/8480039.png,COL,8480039,88,C,Martin,Necas
2026020007,https://assets.nhle.com/mugs/nhl/20262027/COL/8480069.png,COL,8480069,8,D,Cale,Makar
2026020007,https://assets.nhle.com/mugs/nhl/20262027/COL/8480448.png,COL,8480448,17,C,Parker,Kelly
2026020007,https://assets.nhle.com/mugs/nhl/20262027/LAK/8481532.png,LAK,8481532,15,C,Alex,Turcotte
2026020007,https://assets.nhle.com/mugs/nhl/20262027/LAK/8481732.png,LAK,8481732,47,L,Andre,Lee
2026020007,https://assets.nhle.com/mugs/nhl/20262027/LAK/8482124.png,LAK,8482124,55,R,Quinton,Byfield
2026020007,https://assets.nhle.com/mugs/nhl/20262027/LAK/8482155.png,LAK,8482155,14,R,Alex,Laferriere
2026020007,https://assets.nhle.com/mugs/nhl/20262027/LAK/8482726.png,LAK,8482726,79,C,Samuel,Helenius
2026020007,https://assets.nhle.com/mugs/nhl/20262027/LAK/8482730.png,LAK,8482730,92,D,Brandt,Clarke
2026020007,https://assets.nhle.com/mugs/nhl/20262027/COL/8482768.png,COL,8482768,9,C,Fedor,Svechkov
2026020007,https://assets.nhle.com/mugs/nhl/20262027/COL/8484258.png,COL,8484258,70,D,Sam,Malinski
2026020007,https://assets.nhle.com/mugs/nhl/20262027/COL/8486171.png,COL,8486171,13,R,T.J.,Hughes
2026020011,https://assets.nhle.com/mugs/nhl/20262027/CBJ/8475660.png,CBJ,8475660,33,G,Cam,Talbot
2026020011,https://assets.nhle.com/mugs/nhl/20262027/CBJ/8475745.png,CBJ,8475745,3,C,Charlie,Coyle
2026020011,https://assets.nhle.com/mugs/nhl/20262027/CBJ/8475790.png,CBJ,8475790,44,D,Erik,Gudbranson
2026020011,https://assets.nhle.com/mugs/nhl/20262027/BUF/8475842.png,BUF,8475842,10,C,Sam,Carrick
2026020011,https://assets.nhle.com/mugs/nhl/20262027/BUF/8476891.png,BUF,8476891,24,D,Matt,Grzelcyk
2026020011,https://assets.nhle.com/mugs/nhl/20262027/CBJ/8477369.png,CBJ,8477369,7,D,Carson,Soucy
2026020011,https://assets.nhle.com/mugs/nhl/20262027/CBJ/8477497.png,CBJ,8477497,23,C,Sean,Monahan
2026020011,https://assets.nhle.com/mugs/nhl/20262027/CBJ/8477501.png,CBJ,8477501,43,R,Valeri,Nichushkin
2026020011,https://assets.nhle.com/mugs/nhl/20262027/CBJ/8478046.png,CBJ,8478046,58,L,Danton,Heinen
2026020011,https://assets.nhle.com/mugs/nhl/20262027/CBJ/8478460.png,CBJ,8478460,8,D,Zach,Werenski
2026020011,https://assets.nhle.com/mugs/nhl/20262027/CBJ/8478856.png,CBJ,8478856,83,R,Conor,Garland
2026020011,https://assets.nhle.com/mugs/nhl/20262027/CBJ/8479066.png,CBJ,8479066,94,L,Ryan,Lomberg
2026020011,https://assets.nhle.com/mugs/nhl/20262027/BUF/8479359.png,BUF,8479359,29,L,Beck,Malenstyn
2026020011,https://assets.nhle.com/mugs/nhl/20262027/BUF/8479420.png,BUF,8479420,72,C,Tage,Thompson
2026020011,https://assets.nhle.com/mugs/nhl/20262027/CBJ/8479671.png,CBJ,8479671,24,R,Mathieu,Olivier
2026020011,https://assets.nhle.com/mugs/nhl/20262027/BUF/8480045.png,BUF,8480045,1,G,Ukko-Pekka,Luukkonen
2026020011,https://assets.nhle.com/mugs/nhl/20262027/BUF/8480064.png,BUF,8480064,9,C,Josh,Norris
2026020011,https://assets.nhle.com/mugs/nhl/20262027/BUF/8480802.png,BUF,8480802,71,C,Ryan,McLeod
2026020011,https://assets.nhle.com/mugs/nhl/20262027/BUF/8480807.png,BUF,8480807,23,D,Mattias,Samuelsson
2026020011,https://assets.nhle.com/mugs/nhl/20262027/BUF/8480839.png,BUF,8480839,26,D,Rasmus,Dahlin
2026020011,https://assets.nhle.com/mugs/nhl/20262027/CBJ/8481161.png,CBJ,8481161,2,D,Jake,Christiansen
2026020011,https://assets.nhle.com/mugs/nhl/20262027/BUF/8481522.png,BUF,8481522,19,C,Peyton,Krebs
2026020011,https://assets.nhle.com/mugs/nhl/20262027/BUF/8481551.png,BUF,8481551,92,G,Colten,Ellis
2026020011,https://assets.nhle.com/mugs/nhl/20262027/CBJ/8481716.png,CBJ,8481716,10,L,Dmitri,Voronkov
2026020011,https://assets.nhle.com/mugs/nhl/20262027/BUF/8481806.png,BUF,8481806,46,D,Louis,Crevier
2026020011,https://assets.nhle.com/mugs/nhl/20262027/BUF/8482097.png,BUF,8482097,22,R,Jack,Quinn
2026020011,https://assets.nhle.com/mugs/nhl/20262027/CBJ/8482126.png,CBJ,8482126,36,D,Emil,Andrae
2026020011,https://assets.nhle.com/mugs/nhl/20262027/BUF/8482659.png,BUF,8482659,91,R,Josh,Doan
2026020011,https://assets.nhle.com/mugs/nhl/20262027/CBJ/8482660.png,CBJ,8482660,91,C,Kent,Johnson
2026020011,https://assets.nhle.com/mugs/nhl/20262027/BUF/8482671.png,BUF,8482671,25,D,Owen,Power
2026020011,https://assets.nhle.com/mugs/nhl/20262027/CBJ/8482705.png,CBJ,8482705,4,C,Cole,Sillinger
2026020011,https://assets.nhle.com/mugs/nhl/20262027/CBJ/8482720.png,CBJ,8482720,89,L,Matthew,Knies
2026020011,https://assets.nhle.com/mugs/nhl/20262027/CBJ/8482982.png,CBJ,8482982,73,G,Jet,Greaves
2026020011,https://assets.nhle.com/mugs/nhl/20262027/BUF/8483468.png,BUF,8483468,20,C,Jiri,Kulich
2026020011,https://assets.nhle.com/mugs/nhl/20262027/CBJ/8483485.png,CBJ,8483485,5,D,Denton,Mateychuk
2026020011,https://assets.nhle.com/mugs/nhl/20262027/BUF/8483500.png,BUF,8483500,86,C,Noah,Ostlund
2026020011,https://assets.nhle.com/mugs/nhl/20262027/BUF/8484145.png,BUF,8484145,6,L,Zach,Benson
2026020011,https://assets.nhle.com/mugs/nhl/20262027/CBJ/8484166.png,CBJ,8484166,19,C,Adam,Fantilli
2026020011,https://assets.nhle.com/mugs/nhl/20262027/BUF/8484305.png,BUF,8484305,73,D,Zach,Metsa
2026020011,https://assets.nhle.com/mugs/nhl/20262027/BUF/8484797.png,BUF,8484797,94,C,Konsta,Helenius
2026020009,https://assets.nhle.com/mugs/nhl/20262027/NJD/8474596.png,NJD,8474596,34,G,Jake,Allen
2026020009,https://assets.nhle.com/mugs/nhl/20262027/NJD/8475455.png,NJD,8475455,5,D,Brenden,Dillon
2026020009,https://assets.nhle.com/mugs/nhl/20262027/PHI/8476372.png,PHI,8476372,24,D,Nick,Seeler
2026020009,https://assets.nhle.com/mugs/nhl/20262027/PHI/8476461.png,PHI,8476461,14,C,Sean,Couturier
2026020009,https://assets.nhle.com/mugs/nhl/20262027/NJD/8476462.png,NJD,8476462,7,D,Dougie,Hamilton
2026020009,https://assets.nhle.com/mugs/nhl/20262027/NJD/8476474.png,NJD,8476474,11,R,Stefan,Noesen
2026020009,https://assets.nhle.com/mugs/nhl/20262027/NJD/8477488.png,NJD,8477488,22,D,Brett,Pesce
2026020009,https://assets.nhle.com/mugs/nhl/20262027/PHI/8477499.png,PHI,8477499,55,D,Rasmus,Ristolainen
2026020009,https://assets.nhle.com/mugs/nhl/20262027/NJD/8477511.png,NJD,8477511,39,R,Anthony,Mantha
2026020009,https://assets.nhle.com/mugs/nhl/20262027/PHI/8477948.png,PHI,8477948,6,D,Travis,Sanheim
2026020009,https://assets.nhle.com/mugs/nhl/20262027/PHI/8477989.png,PHI,8477989,22,C,Christian,Dvorak
2026020009,https://assets.nhle.com/mugs/nhl/20262027/NJD/8478399.png,NJD,8478399,71,D,Jonas,Siegenthaler
2026020009,https://assets.nhle.com/mugs/nhl/20262027/NJD/8478414.png,NJD,8478414,28,R,Timo,Meier
2026020009,https://assets.nhle.com/mugs/nhl/20262027/PHI/8478435.png,PHI,8478435,80,G,Dan,Vladar
2026020009,https://assets.nhle.com/mugs/nhl/20262027/PHI/8478439.png,PHI,8478439,11,R,Travis,Konecny
2026020009,https://assets.nhle.com/mugs/nhl/20262027/NJD/8478542.png,NJD,8478542,17,C,Evan,Rodrigues
2026020009,https://assets.nhle.com/mugs/nhl/20262027/PHI/8478569.png,PHI,8478569,52,C,Noel,Acciari
2026020009,https://assets.nhle.com/mugs/nhl/20262027/PHI/8479336.png,PHI,8479336,91,R,Carl,Grundstrom
2026020009,https://assets.nhle.com/mugs/nhl/20262027/PHI/8479361.png,PHI,8479361,53,G,Joseph,Woll
2026020009,https://assets.nhle.com/mugs/nhl/20262027/NJD/8479407.png,NJD,8479407,63,L,Jesper,Bratt
2026020009,https://assets.nhle.com/mugs/nhl/20262027/NJD/8479996.png,NJD,8479996,12,C,Cody,Glass
2026020009,https://assets.nhle.com/mugs/nhl/20262027/NJD/8480002.png,NJD,8480002,13,C,Nico,Hischier
2026020009,https://assets.nhle.com/mugs/nhl/20262027/PHI/8480015.png,PHI,8480015,74,R,Owen,Tippett
2026020009,https://assets.nhle.com/mugs/nhl/20262027/PHI/8480220.png,PHI,8480220,27,L,Noah,Cates
2026020009,https://assets.nhle.com/mugs/nhl/20262027/NJD/8480990.png,NJD,8480990,47,D,Declan,Chisholm
2026020009,https://assets.nhle.com/mugs/nhl/20262027/PHI/8481122.png,PHI,8481122,44,D,Simon,Benoit
2026020009,https://assets.nhle.com/mugs/nhl/20262027/PHI/8481533.png,PHI,8481533,46,C,Trevor,Zegras
2026020009,https://assets.nhle.com/mugs/nhl/20262027/PHI/8481546.png,PHI,8481546,8,D,Cam,York
2026020009,https://assets.nhle.com/mugs/nhl/20262027/NJD/8481559.png,NJD,8481559,86,C,Jack,Hughes
2026020009,https://assets.nhle.com/mugs/nhl/20262027/NJD/8481721.png,NJD,8481721,81,R,Arseny,Gritsyuk
2026020009,https://assets.nhle.com/mugs/nhl/20262027/NJD/8482076.png,NJD,8482076,50,G,Nico,Daws
2026020009,https://assets.nhle.com/mugs/nhl/20262027/NJD/8482110.png,NJD,8482110,91,C,Dawson,Mercer
2026020009,https://assets.nhle.com/mugs/nhl/20262027/PHI/8482142.png,PHI,8482142,9,D,Jamie,Drysdale
2026020009,https://assets.nhle.com/mugs/nhl/20262027/NJD/8482146.png,NJD,8482146,77,R,Luke,Evangelista
2026020009,https://assets.nhle.com/mugs/nhl/20262027/PHI/8482159.png,PHI,8482159,71,R,Tyson,Foerster
2026020009,https://assets.nhle.com/mugs/nhl/20262027/NJD/8482684.png,NJD,8482684,43,D,Luke,Hughes
2026020009,https://assets.nhle.com/mugs/nhl/20262027/NJD/8483695.png,NJD,8483695,93,C,Amadeus,Lombardi
2026020009,https://assets.nhle.com/mugs/nhl/20262027/PHI/8483731.png,PHI,8483731,20,L,Alex,Bump
2026020009,https://assets.nhle.com/mugs/nhl/20262027/PHI/8484387.png,PHI,8484387,39,R,Matvei,Michkov
2026020009,https://assets.nhle.com/mugs/nhl/20262027/PHI/8485406.png,PHI,8485406,94,R,Porter,Martone
2026020010,https://assets.nhle.com/mugs/nhl/20262027/TBL/8474151.png,TBL,8474151,27,D,Ryan,McDonagh
2026020010,https://assets.nhle.com/mugs/nhl/20262027/TBL/8474590.png,TBL,8474590,74,D,John,Carlson
2026020010,https://assets.nhle.com/mugs/nhl/20262027/TBL/8475167.png,TBL,8475167,77,D,Victor,Hedman
2026020010,https://assets.nhle.com/mugs/nhl/20262027/TBL/8476453.png,TBL,8476453,86,R,Nikita,Kucherov
2026020010,https://assets.nhle.com/mugs/nhl/20262027/NYR/8476459.png,NYR,8476459,93,C,Mika,Zibanejad
2026020010,https://assets.nhle.com/mugs/nhl/20262027/NYR/8476468.png,NYR,8476468,10,C,J.T.,Miller
2026020010,https://assets.nhle.com/mugs/nhl/20262027/TBL/8476878.png,TBL,8476878,28,C,Zemgus,Girgensons
2026020010,https://assets.nhle.com/mugs/nhl/20262027/TBL/8476883.png,TBL,8476883,88,G,Andrei,Vasilevskiy
2026020010,https://assets.nhle.com/mugs/nhl/20262027/TBL/8477404.png,TBL,8477404,59,C,Jake,Guentzel
2026020010,https://assets.nhle.com/mugs/nhl/20262027/NYR/8477416.png,NYR,8477416,28,R,Oliver,Bjorkstrand
2026020010,https://assets.nhle.com/mugs/nhl/20262027/NYR/8477969.png,NYR,8477969,26,D,Marcus,Pettersson
2026020010,https://assets.nhle.com/mugs/nhl/20262027/TBL/8478010.png,TBL,8478010,21,C,Brayden,Point
2026020010,https://assets.nhle.com/mugs/nhl/20262027/NYR/8478048.png,NYR,8478048,31,G,Igor,Shesterkin
2026020010,https://assets.nhle.com/mugs/nhl/20262027/TBL/8478416.png,TBL,8478416,81,D,Erik,Cernak
2026020010,https://assets.nhle.com/mugs/nhl/20262027/TBL/8478424.png,TBL,8478424,10,C,Jansen,Harkins
2026020010,https://assets.nhle.com/mugs/nhl/20262027/TBL/8478519.png,TBL,8478519,71,C,Anthony,Cirelli
2026020010,https://assets.nhle.com/mugs/nhl/20262027/NYR/8478882.png,NYR,8478882,44,D,Vladislav,Gavrikov
2026020010,https://assets.nhle.com/mugs/nhl/20262027/NYR/8479323.png,NYR,8479323,23,D,Adam,Fox
2026020010,https://assets.nhle.com/mugs/nhl/20262027/TBL/8479542.png,TBL,8479542,38,L,Brandon,Hagel
2026020010,https://assets.nhle.com/mugs/nhl/20262027/TBL/8479705.png,TBL,8479705,25,L,Jeffrey,Viel
2026020010,https://assets.nhle.com/mugs/nhl/20262027/NYR/8480009.png,NYR,8480009,17,R,Eeli,Tolvanen
2026020010,https://assets.nhle.com/mugs/nhl/20262027/TBL/8480426.png,TBL,8480426,51,D,Charle-Edouard,D'Astous
2026020010,https://assets.nhle.com/mugs/nhl/20262027/NYR/8480434.png,NYR,8480434,5,D,Sean,Durzi
2026020010,https://assets.nhle.com/mugs/nhl/20262027/NYR/8480813.png,NYR,8480813,90,C,Joseph,Veleno
2026020010,https://assets.nhle.com/mugs/nhl/20262027/TBL/8480995.png,TBL,8480995,29,R,Pontus,Holmberg
2026020010,https://assets.nhle.com/mugs/nhl/20262027/NYR/8481604.png,NYR,8481604,16,R,Pavel,Dorofeyev
2026020010,https://assets.nhle.com/mugs/nhl/20262027/TBL/8481624.png,TBL,8481624,95,R,Ilya,Mikheyev
2026020010,https://assets.nhle.com/mugs/nhl/20262027/NYR/8481789.png,NYR,8481789,24,L,Tye,Kartye
2026020010,https://assets.nhle.com/mugs/nhl/20262027/NYR/8482073.png,NYR,8482073,4,D,Braden,Schneider
2026020010,https://assets.nhle.com/mugs/nhl/20262027/NYR/8482109.png,NYR,8482109,13,L,Alexis,Lafrenière
2026020010,https://assets.nhle.com/mugs/nhl/20262027/NYR/8482157.png,NYR,8482157,50,L,Will,Cuylle
2026020010,https://assets.nhle.com/mugs/nhl/20262027/NYR/8482193.png,NYR,8482193,33,G,Dylan,Garand
2026020010,https://assets.nhle.com/mugs/nhl/20262027/TBL/8482201.png,TBL,8482201,93,C,Gage,Goncalves
2026020010,https://assets.nhle.com/mugs/nhl/20262027/TBL/8482655.png,TBL,8482655,90,D,J.J.,Moser
2026020010,https://assets.nhle.com/mugs/nhl/20262027/NYR/8482877.png,NYR,8482877,49,R,Jaroslav,Chmelar
2026020010,https://assets.nhle.com/mugs/nhl/20262027/TBL/8483447.png,TBL,8483447,94,C,Conor,Geekie
2026020010,https://assets.nhle.com/mugs/nhl/20262027/NYR/8483690.png,NYR,8483690,42,C,Noah,Laba
2026020010,https://assets.nhle.com/mugs/nhl/20262027/TBL/8483710.png,TBL,8483710,35,G,Dennis,Hildeby
2026020010,https://assets.nhle.com/mugs/nhl/20262027/NYR/8484210.png,NYR,8484210,94,R,Gabe,Perreault
2026020010,https://assets.nhle.com/mugs/nhl/20262027/NYR/8485957.png,NYR,8485957,12,D,Alberts,Smits
2026020012,https://assets.nhle.com/mugs/nhl/20262027/MIN/8473422.png,MIN,8473422,71,L,Nick,Foligno
2026020012,https://assets.nhle.com/mugs/nhl/20262027/NSH/8474564.png,NSH,8474564,91,C,Steven,Stamkos
2026020012,https://assets.nhle.com/mugs/nhl/20262027/MIN/8474567.png,MIN,8474567,24,D,Zach,Bogosian
2026020012,https://assets.nhle.com/mugs/nhl/20262027/NSH/8474600.png,NSH,8474600,59,D,Roman,Josi
2026020012,https://assets.nhle.com/mugs/nhl/20262027/MIN/8474716.png,MIN,8474716,46,D,Jared,Spurgeon
2026020012,https://assets.nhle.com/mugs/nhl/20262027/NSH/8475158.png,NSH,8475158,90,C,Ryan,O'Reilly
2026020012,https://assets.nhle.com/mugs/nhl/20262027/MIN/8475220.png,MIN,8475220,17,L,Marcus,Foligno
2026020012,https://assets.nhle.com/mugs/nhl/20262027/MIN/8475717.png,MIN,8475717,31,G,Calvin,Pickard
2026020012,https://assets.nhle.com/mugs/nhl/20262027/MIN/8476399.png,MIN,8476399,20,L,Blake,Coleman
2026020012,https://assets.nhle.com/mugs/nhl/20262027/MIN/8476463.png,MIN,8476463,25,D,Jonas,Brodin
2026020012,https://assets.nhle.com/mugs/nhl/20262027/NSH/8476539.png,NSH,8476539,81,R,Jonathan,Marchessault
2026020012,https://assets.nhle.com/mugs/nhl/20262027/NSH/8476869.png,NSH,8476869,76,D,Brady,Skjei
2026020012,https://assets.nhle.com/mugs/nhl/20262027/MIN/8476874.png,MIN,8476874,3,D,Olli,Maatta
2026020012,https://assets.nhle.com/mugs/nhl/20262027/NSH/8476887.png,NSH,8476887,9,L,Filip,Forsberg
2026020012,https://assets.nhle.com/mugs/nhl/20262027/NSH/8477021.png,NSH,8477021,14,C,Alexander,Kerfoot
2026020012,https://assets.nhle.com/mugs/nhl/20262027/NSH/8477424.png,NSH,8477424,74,G,Juuse,Saros
2026020012,https://assets.nhle.com/mugs/nhl/20262027/MIN/8477446.png,MIN,8477446,47,C,Michael,McCarron
2026020012,https://assets.nhle.com/mugs/nhl/20262027/MIN/8477451.png,MIN,8477451,38,R,Ryan,Hartman
2026020012,https://assets.nhle.com/mugs/nhl/20262027/MIN/8478493.png,MIN,8478493,14,C,Joel,Eriksson Ek
2026020012,https://assets.nhle.com/mugs/nhl/20262027/MIN/8478508.png,MIN,8478508,13,C,Yakov,Trenin
2026020012,https://assets.nhle.com/mugs/nhl/20262027/MIN/8478864.png,MIN,8478864,97,L,Kirill,Kaprizov
2026020012,https://assets.nhle.com/mugs/nhl/20262027/NSH/8479525.png,NSH,8479525,79,C,Ross,Colton
2026020012,https://assets.nhle.com/mugs/nhl/20262027/NSH/8479980.png,NSH,8479980,41,D,Nicolas,Hague
2026020012,https://assets.nhle.com/mugs/nhl/20262027/NSH/8480246.png,NSH,8480246,48,D,Nick,Perbix
2026020012,https://assets.nhle.com/mugs/nhl/20262027/MIN/8480800.png,MIN,8480800,43,D,Quinn,Hughes
2026020012,https://assets.nhle.com/mugs/nhl/20262027/NSH/8480835.png,NSH,8480835,18,C,Jack,Drury
2026020012,https://assets.nhle.com/mugs/nhl/20262027/NSH/8481020.png,NSH,8481020,29,G,Justus,Annunen
2026020012,https://assets.nhle.com/mugs/nhl/20262027/NSH/8481535.png,NSH,8481535,21,L,Nils,Hoglander
2026020012,https://assets.nhle.com/mugs/nhl/20262027/MIN/8481553.png,MIN,8481553,10,R,Bobby,Brink
2026020012,https://assets.nhle.com/mugs/nhl/20262027/MIN/8481557.png,MIN,8481557,12,L,Matt,Boldy
2026020012,https://assets.nhle.com/mugs/nhl/20262027/NSH/8481726.png,NSH,8481726,84,C,Adam,Edstrom
2026020012,https://assets.nhle.com/mugs/nhl/20262027/MIN/8482094.png,MIN,8482094,48,D,Daemon,Hunt
2026020012,https://assets.nhle.com/mugs/nhl/20262027/NSH/8482145.png,NSH,8482145,22,C,Mavrik,Bourque
2026020012,https://assets.nhle.com/mugs/nhl/20262027/NSH/8482482.png,NSH,8482482,2,D,Adam,Wilsby
2026020012,https://assets.nhle.com/mugs/nhl/20262027/MIN/8482661.png,MIN,8482661,30,G,Jesper,Wallstedt
2026020012,https://assets.nhle.com/mugs/nhl/20262027/NSH/8482715.png,NSH,8482715,12,D,Ryan,Ufko
2026020012,https://assets.nhle.com/mugs/nhl/20262027/NSH/8483513.png,NSH,8483513,49,L,Reid,Schaefer
2026020012,https://assets.nhle.com/mugs/nhl/20262027/MIN/8483525.png,MIN,8483525,22,R,Danila,Yurov
2026020012,https://assets.nhle.com/mugs/nhl/20262027/NSH/8484241.png,NSH,8484241,71,R,Matthew,Wood
2026020012,https://assets.nhle.com/mugs/nhl/20262027/MIN/8485702.png,MIN,8485702,49,R,Maxim,Shabanov
