idx_season,team_tri,playerId,firstName.default,lastName.default,positionCode,gamesPlayed,gamesStarted,wins,losses,overtimeLosses,goalsAgainstAverage,savePercentage,shotsAgainst,saves,goalsAgainst,shutouts,goals,assists,points,penaltyMinutes,timeOnIce,idx_season_type,plusMinus,powerPlayGoals,shorthandedGoals,gameWinningGoals,overtimeGoals,shots,shootingPctg,avgTimeOnIcePerGame,avgShiftsPerGame,faceoffWinPctg
2026,ANA,8480843,Lukas,Dostal,G,2,2.0,2.0,0.0,0.0,2.424896,0.918033,61.0,56.0,5.0,0.0,0,0,0,0,7423.0,2,,,,,,,,,,
2026,ANA,8473986,Alex,Killorn,L,2,,,,,,,,,,,1,0,1,0,,2,1.0,0.0,0.0,0.0,0.0,2.0,0.5,953.0,21.0,0.0
2026,ANA,8475798,Mikael,Granlund,C,2,,,,,,,,,,,1,1,2,0,,2,0.0,1.0,0.0,1.0,1.0,2.0,0.5,1235.0,25.5,0.464286
2026,ANA,8478366,Frank,Vatrano,R,1,,,,,,,,,,,0,0,0,0,,2,-1.0,0.0,0.0,0.0,0.0,0.0,0.0,634.0,15.0,0.0
2026,ANA,8478421,A.J.,Greer,L,2,,,,,,,,,,,0,1,1,4,,2,-3.0,0.0,0.0,0.0,0.0,6.0,0.0,853.0,22.0,0.0
2026,ANA,8480068,Ryan,Poehling,C,2,,,,,,,,,,,0,0,0,0,,2,-1.0,0.0,0.0,0.0,0.0,3.0,0.0,869.0,21.5,0.210526
2026,ANA,8481538,Judd,Caulfield,R,2,,,,,,,,,,,0,0,0,0,,2,0.0,0.0,0.0,0.0,0.0,0.0,0.0,693.0,15.0,0.0
2026,ANA,8481605,Jackson,LaCombe,D,2,,,,,,,,,,,0,2,2,0,,2,-1.0,0.0,0.0,0.0,0.0,2.0,0.0,1749.0,34.0,0.0
2026,ANA,8481754,Nikita,Nesterenko,C,2,,,,,,,,,,,0,0,0,0,,2,0.0,0.0,0.0,0.0,0.0,0.0,0.0,666.5,17.0,0.0
2026,ANA,8482118,Sam,Colangelo,R,1,,,,,,,,,,,0,0,0,0,,2,0.0,0.0,0.0,0.0,0.0,0.0,0.0,624.0,17.0,0.0
2026,ANA,8482408,Jeff,Malott,L,2,,,,,,,,,,,1,0,1,0,,2,1.0,0.0,0.0,0.0,0.0,2.0,0.5,557.5,14.5,0.0
2026,ANA,8482731,Tyson,Hinds,D,2,,,,,,,,,,,0,0,0,0,,2,0.0,0.0,0.0,0.0,0.0,4.0,0.0,719.5,17.0,0.0
2026,ANA,8483445,Cutter,Gauthier,L,2,,,,,,,,,,,2,2,4,4,,2,1.0,2.0,0.0,0.0,0.0,9.0,0.222222,1160.5,23.5,0.0
2026,ANA,8483482,Tristan,Luneau,D,2,,,,,,,,,,,0,1,1,0,,2,1.0,0.0,0.0,0.0,0.0,1.0,0.0,1607.0,32.0,0.0
2026,ANA,8483490,Pavel,Mintyukov,D,2,,,,,,,,,,,0,0,0,0,,2,1.0,0.0,0.0,0.0,0.0,1.0,0.0,1230.0,28.0,0.0
2026,ANA,8483521,Noah,Warren,D,2,,,,,,,,,,,0,1,1,2,,2,0.0,0.0,0.0,0.0,0.0,2.0,0.0,765.0,21.5,0.0
2026,ANA,8484153,Leo,Carlsson,C,2,,,,,,,,,,,1,4,5,0,,2,0.0,0.0,0.0,1.0,0.0,2.0,0.5,1144.5,23.0,0.458333
2026,ANA,8484262,Travis,Mitchell,D,2,,,,,,,,,,,0,0,0,2,,2,-1.0,0.0,0.0,0.0,0.0,0.0,0.0,1043.0,24.5,0.0
2026,ANA,8484762,Beckett,Sennecke,R,2,,,,,,,,,,,1,1,2,0,,2,2.0,0.0,0.0,0.0,0.0,4.0,0.25,1194.0,22.5,0.0
2026,ANA,8485512,Tim,Washe,C,2,,,,,,,,,,,0,1,1,0,,2,0.0,0.0,0.0,0.0,0.0,1.0,0.0,973.5,24.5,0.564103
2026,BOS,8480022,Michael,DiPietro,G,1,1.0,0.0,1.0,0.0,3.109703,0.896552,29.0,26.0,3.0,0.0,0,0,0,0,3473.0,2,,,,,,,,,,
2026,BOS,8480280,Jeremy,Swayman,G,2,2.0,2.0,0.0,0.0,1.470388,0.947368,57.0,54.0,3.0,1.0,0,0,0,0,7345.0,2,,,,,,,,,,
2026,BOS,8476374,Sean,Kuraly,C,3,,,,,,,,,,,0,0,0,2,,2,0.0,0.0,0.0,0.0,0.0,6.0,0.0,733.0,14.3333,0.6
2026,BOS,8476854,Hampus,Lindholm,D,3,,,,,,,,,,,1,1,2,0,,2,3.0,0.0,0.0,0.0,0.0,2.0,0.5,1239.0,24.0,0.0
2026,BOS,8477365,Connor,Clifton,D,3,,,,,,,,,,,0,1,1,2,,2,-1.0,0.0,0.0,0.0,0.0,4.0,0.0,1201.3333,24.6667,0.0
2026,BOS,8477496,Elias,Lindholm,C,3,,,,,,,,,,,1,1,2,2,,2,1.0,0.0,0.0,0.0,0.0,7.0,0.142857,976.0,22.0,0.591837
2026,BOS,8477507,Nikita,Zadorov,D,3,,,,,,,,,,,0,2,2,2,,2,0.0,0.0,0.0,0.0,0.0,3.0,0.0,1171.0,25.0,0.0
2026,BOS,8477956,David,Pastrnak,R,3,,,,,,,,,,,0,2,2,0,,2,1.0,0.0,0.0,0.0,0.0,13.0,0.0,1212.6667,21.0,1.0
2026,BOS,8478401,Pavel,Zacha,C,3,,,,,,,,,,,0,0,0,0,,2,2.0,0.0,0.0,0.0,0.0,7.0,0.0,1088.0,20.0,0.555556
2026,BOS,8478840,Will,Borgen,D,3,,,,,,,,,,,0,1,1,0,,2,3.0,0.0,0.0,0.0,0.0,1.0,0.0,1132.0,23.3333,0.0
2026,BOS,8479661,Tanner,Jeannot,L,3,,,,,,,,,,,1,0,1,2,,2,-1.0,0.0,0.0,0.0,0.0,1.0,1.0,632.6667,14.0,0.0
2026,BOS,8479987,Morgan,Geekie,C,3,,,,,,,,,,,0,1,1,0,,2,2.0,0.0,0.0,0.0,0.0,2.0,0.0,1078.6667,18.3333,0.142857
2026,BOS,8479999,Casey,Mittelstadt,C,3,,,,,,,,,,,0,0,0,2,,2,0.0,0.0,0.0,0.0,0.0,6.0,0.0,915.6667,18.0,0.0
2026,BOS,8480355,Mark,Kastelic,C,3,,,,,,,,,,,1,2,3,5,,2,1.0,0.0,0.0,0.0,0.0,3.0,0.333333,667.6667,14.3333,0.333333
2026,BOS,8481219,Jonathan,Aspirot,D,3,,,,,,,,,,,0,0,0,4,,2,1.0,0.0,0.0,0.0,0.0,4.0,0.0,998.0,21.0,0.0
2026,BOS,8482175,JJ,Peterka,R,3,,,,,,,,,,,2,0,2,0,,2,2.0,0.0,0.0,1.0,1.0,8.0,0.25,1157.3333,20.3333,0.0
2026,BOS,8482177,Marat,Khusnutdinov,C,3,,,,,,,,,,,0,1,1,0,,2,1.0,0.0,0.0,0.0,0.0,1.0,0.0,840.3333,18.6667,0.5
2026,BOS,8482511,Mason,Lohrei,D,3,,,,,,,,,,,0,2,2,0,,2,1.0,0.0,0.0,0.0,0.0,0.0,0.0,1244.6667,23.6667,0.0
2026,BOS,8483489,Fraser,Minten,C,3,,,,,,,,,,,1,1,2,0,,2,2.0,0.0,0.0,1.0,0.0,7.0,0.142857,922.0,19.3333,0.307692
2026,BOS,8485395,James,Hagens,C,3,,,,,,,,,,,1,0,1,0,,2,0.0,0.0,0.0,0.0,0.0,5.0,0.2,828.0,16.3333,0.0
2026,BUF,8480045,Ukko-Pekka,Luukkonen,G,2,2.0,1.0,1.0,0.0,4.029099,0.783784,37.0,29.0,8.0,0.0,0,0,0,0,7148.0,2,,,,,,,,,,
2026,BUF,8475842,Sam,Carrick,C,2,,,,,,,,,,,0,0,0,0,,2,-2.0,0.0,0.0,0.0,0.0,1.0,0.0,451.5,15.0,0.5
2026,BUF,8476891,Matt,Grzelcyk,D,1,,,,,,,,,,,0,0,0,0,,2,-1.0,0.0,0.0,0.0,0.0,0.0,0.0,867.0,22.0,0.0
2026,BUF,8479359,Beck,Malenstyn,L,2,,,,,,,,,,,0,0,0,0,,2,-2.0,0.0,0.0,0.0,0.0,1.0,0.0,501.0,16.0,0.0
2026,BUF,8479420,Tage,Thompson,C,2,,,,,,,,,,,1,1,2,2,,2,2.0,0.0,0.0,0.0,0.0,8.0,0.125,1183.5,25.5,0.5
2026,BUF,8480064,Josh,Norris,C,2,,,,,,,,,,,0,1,1,0,,2,1.0,0.0,0.0,0.0,0.0,2.0,0.0,985.5,23.0,0.538462
2026,BUF,8480802,Ryan,McLeod,C,2,,,,,,,,,,,0,1,1,0,,2,-3.0,0.0,0.0,0.0,0.0,1.0,0.0,861.5,20.5,0.48
2026,BUF,8480807,Mattias,Samuelsson,D,2,,,,,,,,,,,1,1,2,4,,2,-2.0,0.0,0.0,0.0,0.0,2.0,0.5,1276.0,26.0,0.0
2026,BUF,8480839,Rasmus,Dahlin,D,2,,,,,,,,,,,1,0,1,0,,2,0.0,0.0,0.0,0.0,0.0,7.0,0.142857,1540.5,27.0,0.0
2026,BUF,8481522,Peyton,Krebs,C,2,,,,,,,,,,,0,1,1,0,,2,-1.0,0.0,0.0,0.0,0.0,1.0,0.0,860.0,20.0,0.0
2026,BUF,8481806,Louis,Crevier,D,2,,,,,,,,,,,0,1,1,0,,2,2.0,0.0,0.0,0.0,0.0,2.0,0.0,1001.0,23.5,0.0
2026,BUF,8482097,Jack,Quinn,R,2,,,,,,,,,,,2,0,2,0,,2,0.0,0.0,0.0,0.0,0.0,9.0,0.222222,1196.5,23.5,0.0
2026,BUF,8482659,Josh,Doan,R,2,,,,,,,,,,,0,0,0,2,,2,1.0,0.0,0.0,0.0,0.0,4.0,0.0,1116.0,25.5,0.5
2026,BUF,8482671,Owen,Power,D,2,,,,,,,,,,,0,3,3,0,,2,0.0,0.0,0.0,0.0,0.0,1.0,0.0,1518.5,29.5,0.0
2026,BUF,8482803,Olen,Zellweger,D,1,,,,,,,,,,,0,0,0,0,,2,0.0,0.0,0.0,0.0,0.0,1.0,0.0,931.0,21.0,0.0
2026,BUF,8483468,Jiri,Kulich,C,2,,,,,,,,,,,1,0,1,0,,2,0.0,0.0,0.0,1.0,0.0,2.0,0.5,668.0,18.0,0.571429
2026,BUF,8483500,Noah,Ostlund,C,2,,,,,,,,,,,0,2,2,0,,2,1.0,0.0,0.0,0.0,0.0,5.0,0.0,1022.5,22.5,0.409091
2026,BUF,8484145,Zach,Benson,L,2,,,,,,,,,,,0,1,1,2,,2,0.0,0.0,0.0,0.0,0.0,2.0,0.0,1143.5,23.5,0.333333
2026,BUF,8484305,Zach,Metsa,D,2,,,,,,,,,,,0,1,1,5,,2,1.0,0.0,0.0,0.0,0.0,0.0,0.0,641.0,17.0,0.0
2026,BUF,8484797,Konsta,Helenius,C,2,,,,,,,,,,,1,0,1,0,,2,0.0,0.0,0.0,0.0,0.0,5.0,0.2,894.0,20.5,0.0
2026,CAR,8481611,Pyotr,Kochetkov,G,1,1.0,1.0,0.0,0.0,1.909308,0.888889,18.0,16.0,2.0,0.0,0,0,0,0,3771.0,2,,,,,,,,,,
2026,CAR,8483548,Brandon,Bussi,G,2,2.0,0.0,1.0,1.0,2.881921,0.87234,47.0,41.0,6.0,0.0,0,0,0,0,7495.0,2,,,,,,,,,,
2026,CAR,8473533,Jordan,Staal,C,3,,,,,,,,,,,0,0,0,0,,2,-1.0,0.0,0.0,0.0,0.0,4.0,0.0,975.3333,25.6667,0.515625
2026,CAR,8475235,Nicolas,Deslauriers,L,2,,,,,,,,,,,0,0,0,5,,2,-1.0,0.0,0.0,0.0,0.0,0.0,0.0,433.0,10.5,0.0
2026,CAR,8475791,Taylor,Hall,L,3,,,,,,,,,,,0,0,0,4,,2,-3.0,0.0,0.0,0.0,0.0,4.0,0.0,870.3333,19.0,1.0
2026,CAR,8476422,Mike,Reilly,D,1,,,,,,,,,,,0,0,0,0,,2,-1.0,0.0,0.0,0.0,0.0,1.0,0.0,636.0,15.0,0.0
2026,CAR,8476873,Mark,Jankowski,L,3,,,,,,,,,,,0,0,0,0,,2,-2.0,0.0,0.0,0.0,0.0,0.0,0.0,756.3333,17.3333,0.512821
2026,CAR,8476906,Shayne,Gostisbehere,D,3,,,,,,,,,,,1,0,1,2,,2,-2.0,1.0,0.0,1.0,1.0,5.0,0.2,1149.3333,20.0,0.0
2026,CAR,8476921,Jordan,Martinook,L,3,,,,,,,,,,,0,0,0,0,,2,0.0,0.0,0.0,0.0,0.0,5.0,0.0,837.6667,20.6667,1.0
2026,CAR,8476958,Jaccob,Slavin,D,3,,,,,,,,,,,0,0,0,0,,2,1.0,0.0,0.0,0.0,0.0,6.0,0.0,1317.0,26.0,0.0
2026,CAR,8477478,William,Carrier,L,3,,,,,,,,,,,0,2,2,0,,2,0.0,0.0,0.0,0.0,0.0,3.0,0.0,621.6667,14.6667,0.0
2026,CAR,8477940,Nikolaj,Ehlers,L,3,,,,,,,,,,,0,1,1,0,,2,-2.0,0.0,0.0,0.0,0.0,7.0,0.0,1041.3333,20.0,0.0
2026,CAR,8478427,Sebastian,Aho,C,3,,,,,,,,,,,3,1,4,8,,2,0.0,2.0,0.0,0.0,0.0,12.0,0.25,1201.6667,23.6667,0.642857
2026,CAR,8478970,Jalen,Chatfield,D,3,,,,,,,,,,,0,0,0,2,,2,-1.0,0.0,0.0,0.0,0.0,2.0,0.0,1191.6667,25.3333,0.0
2026,CAR,8480336,Sean,Walker,D,3,,,,,,,,,,,0,0,0,4,,2,-3.0,0.0,0.0,0.0,0.0,7.0,0.0,1248.3333,27.0,0.0
2026,CAR,8480762,Eric,Robinson,L,3,,,,,,,,,,,0,0,0,0,,2,-1.0,0.0,0.0,0.0,0.0,2.0,0.0,729.3333,16.6667,0.0
2026,CAR,8480817,K'Andre,Miller,D,3,,,,,,,,,,,0,1,1,2,,2,-3.0,0.0,0.0,0.0,0.0,0.0,0.0,1414.3333,27.6667,0.0
2026,CAR,8480829,Jesperi,Kotkaniemi,C,1,,,,,,,,,,,0,0,0,2,,2,-1.0,0.0,0.0,0.0,0.0,1.0,0.0,679.0,14.0,0.0
2026,CAR,8480830,Andrei,Svechnikov,R,3,,,,,,,,,,,0,3,3,2,,2,0.0,0.0,0.0,0.0,0.0,12.0,0.0,1080.6667,21.0,0.0
2026,CAR,8482702,Logan,Stankoven,C,3,,,,,,,,,,,1,0,1,0,,2,-1.0,0.0,0.0,0.0,0.0,8.0,0.125,1146.3333,23.6667,0.333333
2026,CAR,8482809,Jackson,Blake,R,3,,,,,,,,,,,0,2,2,0,,2,-2.0,0.0,0.0,0.0,0.0,7.0,0.0,1196.0,19.3333,0.0
2026,CAR,8484428,Charles Alexis,Legault,D,2,,,,,,,,,,,0,0,0,12,,2,0.0,0.0,0.0,0.0,0.0,2.0,0.0,713.5,17.5,0.0
2026,CBJ,8482982,Jet,Greaves,G,2,2.0,1.0,1.0,0.0,3.5,0.877193,57.0,50.0,7.0,0.0,0,0,0,0,7200.0,2,,,,,,,,,,
2026,CBJ,8475745,Charlie,Coyle,C,2,,,,,,,,,,,0,3,3,0,,2,2.0,0.0,0.0,0.0,0.0,0.0,0.0,1034.0,23.5,0.575758
2026,CBJ,8475790,Erik,Gudbranson,D,2,,,,,,,,,,,0,0,0,0,,2,-2.0,0.0,0.0,0.0,0.0,0.0,0.0,1029.5,20.5,0.0
2026,CBJ,8477369,Carson,Soucy,D,2,,,,,,,,,,,0,0,0,2,,2,1.0,0.0,0.0,0.0,0.0,2.0,0.0,1101.5,25.0,0.0
2026,CBJ,8477497,Sean,Monahan,C,2,,,,,,,,,,,1,0,1,0,,2,-1.0,1.0,0.0,0.0,0.0,2.0,0.5,972.0,23.5,0.388889
2026,CBJ,8477501,Valeri,Nichushkin,R,2,,,,,,,,,,,0,1,1,0,,2,-2.0,0.0,0.0,0.0,0.0,2.0,0.0,976.0,21.5,0.0
2026,CBJ,8478046,Danton,Heinen,L,2,,,,,,,,,,,0,0,0,0,,2,-1.0,0.0,0.0,0.0,0.0,2.0,0.0,708.0,17.0,0.416667
2026,CBJ,8478460,Zach,Werenski,D,2,,,,,,,,,,,0,2,2,0,,2,2.0,0.0,0.0,0.0,0.0,4.0,0.0,1814.5,32.0,0.0
2026,CBJ,8478856,Conor,Garland,R,2,,,,,,,,,,,0,0,0,0,,2,0.0,0.0,0.0,0.0,0.0,0.0,0.0,746.0,19.5,0.0
2026,CBJ,8479066,Ryan,Lomberg,L,2,,,,,,,,,,,0,0,0,0,,2,0.0,0.0,0.0,0.0,0.0,2.0,0.0,553.5,14.0,0.0
2026,CBJ,8479671,Mathieu,Olivier,R,2,,,,,,,,,,,1,0,1,7,,2,2.0,0.0,0.0,0.0,0.0,4.0,0.25,897.5,20.0,0.0
2026,CBJ,8481161,Jake,Christiansen,D,2,,,,,,,,,,,0,0,0,0,,2,-1.0,0.0,0.0,0.0,0.0,0.0,0.0,506.0,12.0,0.0
2026,CBJ,8481716,Dmitri,Voronkov,L,2,,,,,,,,,,,0,1,1,2,,2,-1.0,0.0,0.0,0.0,0.0,1.0,0.0,707.0,15.0,0.0
2026,CBJ,8482126,Emil,Andrae,D,2,,,,,,,,,,,0,1,1,2,,2,2.0,0.0,0.0,0.0,0.0,0.0,0.0,880.0,17.5,0.0
2026,CBJ,8482660,Kent,Johnson,C,2,,,,,,,,,,,1,1,2,2,,2,1.0,0.0,0.0,0.0,0.0,6.0,0.166667,963.5,21.5,0.0
2026,CBJ,8482705,Cole,Sillinger,C,2,,,,,,,,,,,1,0,1,4,,2,2.0,0.0,0.0,0.0,0.0,5.0,0.2,861.0,20.0,1.0
2026,CBJ,8482720,Matthew,Knies,L,2,,,,,,,,,,,2,2,4,0,,2,1.0,1.0,0.0,1.0,0.0,5.0,0.4,1015.0,23.0,0.0
2026,CBJ,8483485,Denton,Mateychuk,D,2,,,,,,,,,,,0,1,1,4,,2,0.0,0.0,0.0,0.0,0.0,3.0,0.0,1667.5,29.0,0.0
2026,CBJ,8484166,Adam,Fantilli,C,2,,,,,,,,,,,1,0,1,0,,2,1.0,0.0,0.0,0.0,0.0,3.0,0.333333,1139.5,24.5,0.775
2026,CGY,8481692,Dustin,Wolf,G,2,2.0,0.0,2.0,0.0,6.008345,0.79661,59.0,47.0,12.0,0.0,0,0,0,0,7190.0,2,,,,,,,,,,
2026,CGY,8482445,Devin,Cooley,G,1,1.0,0.0,1.0,0.0,3.011712,0.88,25.0,22.0,3.0,0.0,0,0,0,0,3586.0,2,,,,,,,,,,
2026,CGY,8474150,Mikael,Backlund,C,3,,,,,,,,,,,0,0,0,0,,2,-3.0,0.0,0.0,0.0,0.0,9.0,0.0,1026.6667,23.3333,0.490909
2026,CGY,8476458,Ryan,Strome,C,3,,,,,,,,,,,1,0,1,0,,2,-4.0,0.0,0.0,0.0,0.0,6.0,0.166667,839.0,18.3333,0.409091
2026,CGY,8477810,Joel,Hanley,D,1,,,,,,,,,,,0,0,0,0,,2,-2.0,0.0,0.0,0.0,0.0,0.0,0.0,978.0,24.0,0.0
2026,CGY,8478136,Jake,Middleton,D,3,,,,,,,,,,,0,0,0,4,,2,-3.0,0.0,0.0,0.0,0.0,4.0,0.0,1107.0,23.0,0.0
2026,CGY,8480028,Morgan,Frost,C,3,,,,,,,,,,,1,0,1,0,,2,-6.0,1.0,0.0,0.0,0.0,8.0,0.125,929.0,20.0,0.583333
2026,CGY,8480727,Zach,Whitecloud,D,3,,,,,,,,,,,0,0,0,0,,2,-5.0,0.0,0.0,0.0,0.0,2.0,0.0,1264.6667,25.3333,0.0
2026,CGY,8480797,Joel,Farabee,L,3,,,,,,,,,,,0,2,2,6,,2,-4.0,0.0,0.0,0.0,0.0,6.0,0.0,972.3333,22.0,0.666667
2026,CGY,8480860,Kevin,Bahl,D,3,,,,,,,,,,,0,0,0,6,,2,-3.0,0.0,0.0,0.0,0.0,1.0,0.0,1270.3333,26.3333,0.0
2026,CGY,8481028,Martin,Pospisil,C,3,,,,,,,,,,,0,0,0,2,,2,-2.0,0.0,0.0,0.0,0.0,5.0,0.0,773.6667,20.0,0.448276
2026,CGY,8481068,Yegor,Sharangovich,C,3,,,,,,,,,,,0,1,1,0,,2,-2.0,0.0,0.0,0.0,0.0,2.0,0.0,990.6667,21.3333,0.8
2026,CGY,8482074,Connor,Zary,C,2,,,,,,,,,,,0,1,1,0,,2,-2.0,0.0,0.0,0.0,0.0,2.0,0.0,817.5,16.5,0.0
2026,CGY,8482165,Yan,Kuznetsov,D,2,,,,,,,,,,,0,0,0,0,,2,-3.0,0.0,0.0,0.0,0.0,4.0,0.0,1131.0,25.5,0.0
2026,CGY,8482679,Matt,Coronato,R,3,,,,,,,,,,,1,0,1,0,,2,-6.0,1.0,0.0,0.0,0.0,7.0,0.142857,1048.0,21.6667,0.666667
2026,CGY,8482747,Brennan,Othmann,L,1,,,,,,,,,,,0,0,0,0,,2,0.0,0.0,0.0,0.0,0.0,1.0,0.0,630.0,16.0,0.0
2026,CGY,8483495,Simon,Nemec,D,3,,,,,,,,,,,0,0,0,0,,2,-6.0,0.0,0.0,0.0,0.0,7.0,0.0,1250.3333,25.6667,0.0
2026,CGY,8483609,Adam,Klapka,R,3,,,,,,,,,,,0,0,0,27,,2,-2.0,0.0,0.0,0.0,0.0,3.0,0.0,617.6667,14.6667,0.0
2026,CGY,8484180,Samuel,Honzek,L,3,,,,,,,,,,,0,0,0,0,,2,-2.0,0.0,0.0,0.0,0.0,2.0,0.0,933.6667,21.3333,1.0
2026,CGY,8484768,Zayne,Parekh,D,3,,,,,,,,,,,0,1,1,2,,2,-6.0,0.0,0.0,0.0,0.0,7.0,0.0,1115.3333,21.3333,0.0
2026,CGY,8484860,Matvei,Gridin,R,3,,,,,,,,,,,0,1,1,2,,2,-6.0,0.0,0.0,0.0,0.0,5.0,0.0,867.3333,18.6667,0.0
2026,CGY,8484958,Maxim,Tsyplakov,R,3,,,,,,,,,,,0,0,0,0,,2,-3.0,0.0,0.0,0.0,0.0,1.0,0.0,725.3333,16.3333,0.0
2026,CHI,8481519,Spencer,Knight,G,2,2.0,0.0,2.0,0.0,4.040404,0.875,64.0,56.0,8.0,0.0,0,0,0,0,7128.0,2,,,,,,,,,,
2026,CHI,8482821,Arvid,Soderblom,G,1,1.0,0.0,1.0,0.0,6.0,0.8125,32.0,26.0,6.0,0.0,0,0,0,0,3600.0,2,,,,,,,,,,
2026,CHI,8474013,Ian,Cole,D,3,,,,,,,,,,,0,0,0,2,,2,2.0,0.0,0.0,0.0,0.0,1.0,0.0,963.0,21.6667,0.0
2026,CHI,8474141,Patrick,Kane,R,3,,,,,,,,,,,1,0,1,4,,2,-4.0,0.0,0.0,0.0,0.0,4.0,0.25,1198.6667,21.6667,0.0
2026,CHI,8476882,Teuvo,Teravainen,C,2,,,,,,,,,,,0,1,1,0,,2,0.0,0.0,0.0,0.0,0.0,2.0,0.0,821.0,20.5,0.0
2026,CHI,8477479,Tyler,Bertuzzi,L,3,,,,,,,,,,,1,0,1,0,,2,-1.0,0.0,0.0,0.0,0.0,3.0,0.333333,1028.0,19.0,0.0
2026,CHI,8477987,Ryan,Donato,C,3,,,,,,,,,,,1,0,1,5,,2,-4.0,0.0,0.0,0.0,0.0,3.0,0.333333,683.0,16.3333,0.25
2026,CHI,8478233,Andrew,Mangiapane,L,1,,,,,,,,,,,0,0,0,2,,2,0.0,0.0,0.0,0.0,0.0,1.0,0.0,323.0,9.0,0.0
2026,CHI,8478413,Jordan,Greenway,L,3,,,,,,,,,,,1,0,1,0,,2,1.0,0.0,0.0,0.0,0.0,8.0,0.125,878.3333,19.3333,0.0
2026,CHI,8481524,Bowen,Byram,D,2,,,,,,,,,,,0,0,0,0,,2,-4.0,0.0,0.0,0.0,0.0,0.0,0.0,1498.5,25.0,0.0
2026,CHI,8481568,Alex,Vlasic,D,3,,,,,,,,,,,0,2,2,0,,2,0.0,0.0,0.0,0.0,0.0,1.0,0.0,1217.3333,24.6667,0.0
2026,CHI,8482062,Cole,Smith,R,3,,,,,,,,,,,0,0,0,2,,2,1.0,0.0,0.0,0.0,0.0,2.0,0.0,892.6667,21.3333,0.0
2026,CHI,8482176,Wyatt,Kaiser,D,3,,,,,,,,,,,0,1,1,0,,2,-3.0,0.0,0.0,0.0,0.0,1.0,0.0,1268.0,25.6667,0.0
2026,CHI,8482807,Ethan,Del Mastro,D,1,,,,,,,,,,,0,0,0,0,,2,-2.0,0.0,0.0,0.0,0.0,0.0,0.0,901.0,18.0,0.0
2026,CHI,8483450,Ryan,Greene,C,3,,,,,,,,,,,0,1,1,0,,2,1.0,0.0,0.0,0.0,0.0,1.0,0.0,947.6667,21.0,0.404762
2026,CHI,8483466,Kevin,Korchinski,D,1,,,,,,,,,,,0,0,0,0,,2,-2.0,0.0,0.0,0.0,0.0,2.0,0.0,681.0,17.0,0.0
2026,CHI,8483493,Frank,Nazar,C,3,,,,,,,,,,,0,0,0,2,,2,-5.0,0.0,0.0,0.0,0.0,5.0,0.0,1107.3333,25.6667,0.425532
2026,CHI,8483506,Sam,Rinzel,D,2,,,,,,,,,,,0,0,0,0,,2,-2.0,0.0,0.0,0.0,0.0,4.0,0.0,1073.0,22.5,0.0
2026,CHI,8484185,Nick,Lardis,L,3,,,,,,,,,,,0,1,1,0,,2,-4.0,0.0,0.0,0.0,0.0,3.0,0.0,594.3333,15.3333,0.0
2026,CHI,8484197,Oliver,Moore,C,3,,,,,,,,,,,1,0,1,4,,2,-1.0,0.0,0.0,0.0,0.0,5.0,0.2,697.3333,16.6667,0.666667
2026,CHI,8484390,Roman,Kantserov,R,3,,,,,,,,,,,0,0,0,0,,2,-4.0,0.0,0.0,0.0,0.0,1.0,0.0,1050.3333,20.6667,0.4375
2026,CHI,8484783,Artyom,Levshunov,D,3,,,,,,,,,,,0,0,0,2,,2,-2.0,0.0,0.0,0.0,0.0,4.0,0.0,1275.0,22.6667,0.0
2026,CHI,8485391,Anton,Frondell,C,3,,,,,,,,,,,0,2,2,0,,2,-2.0,0.0,0.0,0.0,0.0,5.0,0.0,1038.6667,21.3333,0.297297
2026,COL,8478406,Mackenzie,Blackwood,G,2,2.0,2.0,0.0,0.0,2.5,0.912281,57.0,52.0,5.0,0.0,0,0,0,0,7200.0,2,,,,,,,,,,
2026,COL,8470613,Brent,Burns,D,2,,,,,,,,,,,0,1,1,2,,2,-1.0,0.0,0.0,0.0,0.0,2.0,0.0,856.5,18.5,0.0
2026,COL,8475172,Nazem,Kadri,C,2,,,,,,,,,,,0,2,2,0,,2,2.0,0.0,0.0,0.0,0.0,6.0,0.0,1092.0,24.5,0.625
2026,COL,8475754,Brock,Nelson,C,2,,,,,,,,,,,1,2,3,0,,2,0.0,1.0,0.0,0.0,0.0,2.0,0.5,1062.5,24.5,0.40625
2026,COL,8475768,Jaden,Schwartz,L,2,,,,,,,,,,,0,2,2,2,,2,-2.0,0.0,0.0,0.0,0.0,5.0,0.0,811.5,19.0,0.0
2026,COL,8476312,Josh,Manson,D,2,,,,,,,,,,,1,2,3,0,,2,4.0,0.0,0.0,0.0,0.0,3.0,0.333333,933.5,18.0,0.0
2026,COL,8476455,Gabriel,Landeskog,L,2,,,,,,,,,,,1,1,2,0,,2,0.0,0.0,0.0,0.0,0.0,1.0,1.0,973.5,19.0,0.636364
2026,COL,8476967,Brett,Kulak,D,2,,,,,,,,,,,0,0,0,0,,2,1.0,0.0,0.0,0.0,0.0,0.0,0.0,1096.0,22.0,0.0
2026,COL,8477476,Artturi,Lehkonen,L,2,,,,,,,,,,,3,1,4,0,,2,4.0,2.0,0.0,0.0,0.0,5.0,0.6,1166.5,26.0,0.0
2026,COL,8477492,Nathan,MacKinnon,C,2,,,,,,,,,,,2,3,5,5,,2,1.0,1.0,0.0,0.0,0.0,12.0,0.166667,1080.0,22.5,0.459459
2026,COL,8478038,Devon,Toews,D,2,,,,,,,,,,,0,2,2,2,,2,2.0,0.0,0.0,0.0,0.0,0.0,0.0,1169.5,24.0,0.0
2026,COL,8478454,Noah,Juulsen,D,2,,,,,,,,,,,0,0,0,2,,2,1.0,0.0,0.0,0.0,0.0,1.0,0.0,665.0,18.0,0.0
2026,COL,8478462,Nicolas,Roy,C,2,,,,,,,,,,,2,1,3,2,,2,2.0,0.0,0.0,1.0,0.0,5.0,0.4,752.5,18.5,0.461538
2026,COL,8480039,Martin,Necas,C,2,,,,,,,,,,,2,2,4,0,,2,3.0,0.0,0.0,1.0,0.0,8.0,0.25,1156.0,22.0,0.0
2026,COL,8480069,Cale,Makar,D,2,,,,,,,,,,,1,2,3,0,,2,1.0,0.0,0.0,0.0,0.0,4.0,0.25,1149.0,20.0,0.0
2026,COL,8480448,Parker,Kelly,C,2,,,,,,,,,,,1,3,4,0,,2,4.0,0.0,0.0,0.0,0.0,2.0,0.5,852.0,21.5,0.0
2026,COL,8482768,Fedor,Svechkov,C,2,,,,,,,,,,,0,0,0,0,,2,1.0,0.0,0.0,0.0,0.0,2.0,0.0,916.5,20.0,0.384615
2026,COL,8484258,Sam,Malinski,D,2,,,,,,,,,,,0,0,0,0,,2,5.0,0.0,0.0,0.0,0.0,3.0,0.0,902.0,18.5,0.0
2026,COL,8486171,T.J.,Hughes,R,2,,,,,,,,,,,0,0,0,2,,2,-3.0,0.0,0.0,0.0,0.0,4.0,0.0,1005.5,17.0,0.625
2026,DAL,8479193,Casey,DeSmith,G,1,1.0,0.0,1.0,0.0,2.054795,0.923077,26.0,24.0,2.0,0.0,0,0,0,0,3504.0,2,,,,,,,,,,
2026,DAL,8479979,Jake,Oettinger,G,1,1.0,0.0,1.0,0.0,2.058908,0.909091,22.0,20.0,2.0,0.0,0,0,0,0,3497.0,2,,,,,,,,,,
2026,DAL,8473994,Jamie,Benn,L,2,,,,,,,,,,,0,0,0,0,,2,-1.0,0.0,0.0,0.0,0.0,2.0,0.0,697.5,16.5,0.666667
2026,DAL,8474574,Tyler,Myers,D,2,,,,,,,,,,,0,0,0,0,,2,0.0,0.0,0.0,0.0,0.0,2.0,0.0,830.0,18.0,0.0
2026,DAL,8475794,Tyler,Seguin,C,2,,,,,,,,,,,0,0,0,6,,2,-2.0,0.0,0.0,0.0,0.0,7.0,0.0,824.5,19.0,0.583333
2026,DAL,8476278,Colin,Blackwell,C,1,,,,,,,,,,,0,0,0,0,,2,0.0,0.0,0.0,0.0,0.0,0.0,0.0,449.0,11.0,0.0
2026,DAL,8476889,Radek,Faksa,C,2,,,,,,,,,,,0,0,0,0,,2,0.0,0.0,0.0,0.0,0.0,2.0,0.0,647.5,15.0,0.352941
2026,DAL,8476902,Esa,Lindell,D,2,,,,,,,,,,,0,0,0,2,,2,1.0,0.0,0.0,0.0,0.0,1.0,0.0,1137.0,23.5,0.0
2026,DAL,8478420,Mikko,Rantanen,R,2,,,,,,,,,,,0,1,1,0,,2,-1.0,0.0,0.0,0.0,0.0,4.0,0.0,1382.5,19.0,0.5
2026,DAL,8478449,Roope,Hintz,C,2,,,,,,,,,,,0,0,0,0,,2,-2.0,0.0,0.0,0.0,0.0,2.0,0.0,990.0,19.5,0.416667
2026,DAL,8479351,Sam,Steel,C,2,,,,,,,,,,,0,0,0,0,,2,-1.0,0.0,0.0,0.0,0.0,5.0,0.0,824.0,18.5,1.0
2026,DAL,8480027,Jason,Robertson,L,2,,,,,,,,,,,0,0,0,2,,2,-3.0,0.0,0.0,0.0,0.0,3.0,0.0,1154.5,19.0,0.0
2026,DAL,8480036,Miro,Heiskanen,D,2,,,,,,,,,,,1,0,1,0,,2,-1.0,0.0,0.0,0.0,0.0,6.0,0.166667,1540.0,24.5,0.0
2026,DAL,8480840,Oskar,Bäck,C,2,,,,,,,,,,,0,0,0,0,,2,0.0,0.0,0.0,0.0,0.0,2.0,0.0,650.5,14.0,1.0
2026,DAL,8480878,Nils,Lundkvist,D,2,,,,,,,,,,,0,0,0,0,,2,-2.0,0.0,0.0,0.0,0.0,4.0,0.0,1031.5,23.0,0.0
2026,DAL,8481581,Thomas,Harley,D,2,,,,,,,,,,,0,0,0,2,,2,-2.0,0.0,0.0,0.0,0.0,3.0,0.0,1408.0,23.5,0.0
2026,DAL,8481641,Joel,Kiviranta,L,1,,,,,,,,,,,0,0,0,0,,2,0.0,0.0,0.0,0.0,0.0,2.0,0.0,618.0,14.0,0.0
2026,DAL,8482740,Wyatt,Johnston,C,2,,,,,,,,,,,0,1,1,0,,2,-1.0,0.0,0.0,0.0,0.0,6.0,0.0,1339.5,20.5,0.421053
2026,DAL,8483425,Lian,Bichsel,D,2,,,,,,,,,,,0,0,0,0,,2,-1.0,0.0,0.0,0.0,0.0,0.0,0.0,937.0,17.5,0.0
2026,DAL,8484829,Justin,Hryckowian,C,2,,,,,,,,,,,0,0,0,0,,2,0.0,0.0,0.0,0.0,0.0,2.0,0.0,951.0,19.5,0.866667
2026,DAL,8484938,Arttu,Hyry,R,2,,,,,,,,,,,0,0,0,7,,2,-1.0,0.0,0.0,0.0,0.0,2.0,0.0,768.0,18.5,0.733333
2026,DET,8476434,John,Gibson,G,2,2.0,0.0,2.0,0.0,2.065108,0.914894,47.0,43.0,4.0,0.0,0,0,0,0,6973.0,2,,,,,,,,,,
2026,DET,8475279,Ben,Chiarot,D,2,,,,,,,,,,,0,0,0,0,,2,1.0,0.0,0.0,0.0,0.0,2.0,0.0,1077.0,22.0,0.0
2026,DET,8475753,Justin,Faulk,D,2,,,,,,,,,,,0,0,0,2,,2,0.0,0.0,0.0,0.0,0.0,4.0,0.0,1230.5,26.5,0.0
2026,DET,8477429,Andrew,Copp,C,2,,,,,,,,,,,0,1,1,0,,2,-1.0,0.0,0.0,0.0,0.0,2.0,0.0,1380.5,26.0,0.642857
2026,DET,8477456,J.T.,Compher,L,2,,,,,,,,,,,0,0,0,2,,2,0.0,0.0,0.0,0.0,0.0,3.0,0.0,879.5,19.5,0.423077
2026,DET,8477971,Andreas,Englund,D,1,,,,,,,,,,,0,0,0,0,,2,0.0,0.0,0.0,0.0,0.0,0.0,0.0,435.0,10.0,0.0
2026,DET,8478042,Viktor,Arvidsson,L,2,,,,,,,,,,,1,0,1,2,,2,-1.0,1.0,0.0,0.0,0.0,4.0,0.25,1130.5,21.0,1.0
2026,DET,8478434,Keegan,Kolesar,R,2,,,,,,,,,,,0,0,0,9,,2,0.0,0.0,0.0,0.0,0.0,0.0,0.0,636.0,15.5,0.0
2026,DET,8478891,Mason,Appleton,C,2,,,,,,,,,,,0,0,0,0,,2,0.0,0.0,0.0,0.0,0.0,1.0,0.0,590.5,16.5,0.0
2026,DET,8479337,Alex,DeBrincat,R,2,,,,,,,,,,,0,1,1,0,,2,0.0,0.0,0.0,0.0,0.0,5.0,0.0,1289.5,23.5,0.5
2026,DET,8479992,Michael,Rasmussen,C,2,,,,,,,,,,,0,0,0,2,,2,-1.0,0.0,0.0,0.0,0.0,4.0,0.0,931.5,20.5,0.5
2026,DET,8481542,Moritz,Seider,D,2,,,,,,,,,,,0,1,1,0,,2,-1.0,0.0,0.0,0.0,0.0,5.0,0.0,1528.5,30.0,0.0
2026,DET,8481607,Albert,Johansson,D,2,,,,,,,,,,,0,0,0,0,,2,0.0,0.0,0.0,0.0,0.0,1.0,0.0,903.0,21.5,0.0
2026,DET,8482078,Lucas,Raymond,L,2,,,,,,,,,,,0,0,0,2,,2,-1.0,0.0,0.0,0.0,0.0,4.0,0.0,1318.0,24.0,0.0
2026,DET,8483464,Marco,Kasper,C,1,,,,,,,,,,,0,0,0,5,,2,0.0,0.0,0.0,0.0,0.0,4.0,0.0,650.0,16.0,0.642857
2026,DET,8483679,Anton,Johansson,D,2,,,,,,,,,,,0,0,0,0,,2,0.0,0.0,0.0,0.0,0.0,0.0,0.0,980.0,22.5,0.0
2026,DET,8484160,Nate,Danielson,C,2,,,,,,,,,,,0,0,0,2,,2,0.0,0.0,0.0,0.0,0.0,1.0,0.0,535.0,14.0,0.533333
2026,DET,8484223,Axel,Sandin-Pellikka,D,2,,,,,,,,,,,0,0,0,2,,2,1.0,0.0,0.0,0.0,0.0,5.0,0.0,962.0,20.5,0.0
2026,DET,8484471,Emmitt,Finnie,C,2,,,,,,,,,,,1,0,1,0,,2,1.0,0.0,0.0,0.0,0.0,3.0,0.333333,940.0,20.0,0.533333
2026,DET,8484794,Michael,Brandsegg-Nygård,R,2,,,,,,,,,,,0,1,1,0,,2,1.0,0.0,0.0,0.0,0.0,9.0,0.0,876.0,18.5,0.0
2026,EDM,8477465,Tristan,Jarry,G,1,1.0,0.0,0.0,1.0,5.848903,0.73913,23.0,17.0,6.0,0.0,0,0,0,0,3693.0,2,,,,,,,,,,
2026,EDM,8482221,Devon,Levi,G,2,2.0,2.0,0.0,0.0,4.017297,0.809524,42.0,34.0,8.0,0.0,0,0,0,0,7169.0,2,,,,,,,,,,
2026,EDM,8475218,Mattias,Ekholm,D,3,,,,,,,,,,,0,0,0,10,,2,6.0,0.0,0.0,0.0,0.0,2.0,0.0,1286.3333,26.3333,0.0
2026,EDM,8475786,Zach,Hyman,L,1,,,,,,,,,,,0,0,0,0,,2,1.0,0.0,0.0,0.0,0.0,3.0,0.0,1233.0,25.0,0.0
2026,EDM,8476473,Connor,Murphy,D,3,,,,,,,,,,,0,0,0,2,,2,1.0,0.0,0.0,0.0,0.0,3.0,0.0,1252.3333,27.6667,0.0
2026,EDM,8477934,Leon,Draisaitl,C,3,,,,,,,,,,,3,2,5,0,,2,4.0,1.0,0.0,1.0,0.0,15.0,0.2,1314.0,24.6667,0.543478
2026,EDM,8477953,Kasperi,Kapanen,R,3,,,,,,,,,,,1,1,2,2,,2,-4.0,0.0,1.0,1.0,0.0,5.0,0.2,1090.3333,25.0,1.0
2026,EDM,8478013,Jake,Walman,D,3,,,,,,,,,,,0,0,0,2,,2,-3.0,0.0,0.0,0.0,0.0,4.0,0.0,866.3333,22.3333,0.0
2026,EDM,8478402,Connor,McDavid,C,3,,,,,,,,,,,2,7,9,0,,2,7.0,0.0,1.0,0.0,0.0,7.0,0.285714,1423.6667,27.6667,0.487179
2026,EDM,8478472,Mathieu,Joseph,R,3,,,,,,,,,,,0,1,1,2,,2,0.0,0.0,0.0,0.0,0.0,3.0,0.0,902.6667,24.3333,0.0
2026,EDM,8478854,Ryan,Shea,D,3,,,,,,,,,,,1,2,3,0,,2,4.0,0.0,0.0,0.0,0.0,1.0,1.0,1345.6667,30.6667,0.0
2026,EDM,8479365,Trent,Frederic,C,3,,,,,,,,,,,1,0,1,7,,2,0.0,0.0,0.0,0.0,0.0,3.0,0.333333,570.3333,16.6667,0.4
2026,EDM,8479368,Max,Jones,L,3,,,,,,,,,,,0,0,0,6,,2,-4.0,0.0,0.0,0.0,0.0,4.0,0.0,673.6667,19.3333,1.0
2026,EDM,8480029,Alex,Formenton,L,3,,,,,,,,,,,0,2,2,0,,2,4.0,0.0,0.0,0.0,0.0,4.0,0.0,909.0,23.6667,0.0
2026,EDM,8480803,Evan,Bouchard,D,3,,,,,,,,,,,4,4,8,0,,2,6.0,0.0,0.0,0.0,0.0,12.0,0.333333,1541.0,29.3333,0.0
2026,EDM,8480834,Ty,Emberson,D,1,,,,,,,,,,,0,0,0,0,,2,0.0,0.0,0.0,0.0,0.0,0.0,0.0,682.0,16.0,0.0
2026,EDM,8481617,Vasily,Podkolzin,R,3,,,,,,,,,,,3,2,5,0,,2,3.0,2.0,0.0,0.0,0.0,13.0,0.230769,1135.3333,24.6667,0.0
2026,EDM,8482166,Shakir,Mukhamadullin,D,2,,,,,,,,,,,0,0,0,0,,2,-6.0,0.0,0.0,0.0,0.0,0.0,0.0,692.0,17.5,0.0
2026,EDM,8482703,Colton,Dach,C,3,,,,,,,,,,,0,0,0,2,,2,-4.0,0.0,0.0,0.0,0.0,5.0,0.0,802.6667,23.0,0.548387
2026,EDM,8483455,Isaac,Howard,L,3,,,,,,,,,,,0,1,1,0,,2,0.0,0.0,0.0,0.0,0.0,5.0,0.0,608.6667,16.6667,0.0
2026,EDM,8484509,Josh,Samanski,C,2,,,,,,,,,,,0,0,0,0,,2,0.0,0.0,0.0,0.0,0.0,0.0,0.0,449.5,14.0,0.5
2026,EDM,8486161,Owen,Michaels,R,3,,,,,,,,,,,2,0,2,0,,2,0.0,0.0,0.0,0.0,0.0,4.0,0.5,714.3333,22.0,0.5
2026,FLA,8474593,Jacob,Markstrom,G,2,2.0,1.0,0.0,1.0,1.399326,0.916667,36.0,33.0,3.0,1.0,0,0,0,0,7718.0,2,,,,,,,,,,
2026,FLA,8481033,Akira,Schmid,G,1,1.0,0.0,0.0,1.0,3.795467,0.875,32.0,28.0,4.0,0.0,0,0,0,0,3794.0,2,,,,,,,,,,
2026,FLA,8473419,Brad,Marchand,L,1,,,,,,,,,,,1,0,1,0,,2,1.0,0.0,0.0,0.0,0.0,3.0,0.333333,790.0,18.0,0.0
2026,FLA,8474189,Lars,Eller,C,3,,,,,,,,,,,0,2,2,2,,2,1.0,0.0,0.0,0.0,0.0,5.0,0.0,761.0,18.3333,0.428571
2026,FLA,8475179,Dmitry,Kulikov,D,3,,,,,,,,,,,0,1,1,2,,2,1.0,0.0,0.0,0.0,0.0,0.0,0.0,941.0,21.0,0.0
2026,FLA,8475462,Radko,Gudas,D,3,,,,,,,,,,,0,0,0,0,,2,2.0,0.0,0.0,0.0,0.0,1.0,0.0,801.0,20.0,0.0
2026,FLA,8477409,Carter,Verhaeghe,C,3,,,,,,,,,,,1,1,2,2,,2,3.0,0.0,0.0,0.0,0.0,4.0,0.25,1110.0,23.3333,0.0
2026,FLA,8477493,Aleksander,Barkov,C,2,,,,,,,,,,,0,0,0,0,,2,0.0,0.0,0.0,0.0,0.0,2.0,0.0,893.5,18.5,0.538462
2026,FLA,8477495,Seth,Jones,D,3,,,,,,,,,,,0,0,0,2,,2,-1.0,0.0,0.0,0.0,0.0,7.0,0.0,1705.6667,28.3333,0.0
2026,FLA,8477903,Garnet,Hathaway,R,3,,,,,,,,,,,0,0,0,4,,2,0.0,0.0,0.0,0.0,0.0,1.0,0.0,503.3333,14.6667,0.0
2026,FLA,8477932,Aaron,Ekblad,D,2,,,,,,,,,,,0,1,1,0,,2,-1.0,0.0,0.0,0.0,0.0,0.0,0.0,1255.0,26.0,0.0
2026,FLA,8477933,Sam,Reinhart,C,3,,,,,,,,,,,0,0,0,0,,2,0.0,0.0,0.0,0.0,0.0,7.0,0.0,1336.3333,24.6667,0.315789
2026,FLA,8477935,Sam,Bennett,C,3,,,,,,,,,,,0,2,2,2,,2,1.0,0.0,0.0,0.0,0.0,6.0,0.0,1236.3333,23.3333,0.5
2026,FLA,8478055,Gustav,Forsling,D,2,,,,,,,,,,,1,0,1,4,,2,1.0,0.0,0.0,1.0,1.0,2.0,0.5,1292.5,26.5,0.0
2026,FLA,8478147,Bokondji,Imama,L,3,,,,,,,,,,,0,0,0,7,,2,0.0,0.0,0.0,0.0,0.0,0.0,0.0,381.3333,9.3333,0.0
2026,FLA,8478859,Niko,Mikkola,D,3,,,,,,,,,,,0,0,0,2,,2,0.0,0.0,0.0,0.0,0.0,7.0,0.0,1290.3333,27.0,0.0
2026,FLA,8479314,Matthew,Tkachuk,L,3,,,,,,,,,,,1,1,2,0,,2,1.0,0.0,0.0,0.0,0.0,5.0,0.2,1305.3333,22.0,0.0
2026,FLA,8480185,Eetu,Luostarinen,C,3,,,,,,,,,,,2,0,2,0,,2,1.0,1.0,0.0,0.0,0.0,4.0,0.5,932.6667,22.0,0.333333
2026,FLA,8480801,Brady,Tkachuk,L,3,,,,,,,,,,,0,0,0,7,,2,-1.0,0.0,0.0,0.0,0.0,9.0,0.0,1044.0,22.0,0.75
2026,FLA,8482113,Anton,Lundell,C,3,,,,,,,,,,,0,1,1,0,,2,0.0,0.0,0.0,0.0,0.0,7.0,0.0,1146.0,25.0,0.627907
2026,FLA,8483771,Sandis,Vilmanis,L,3,,,,,,,,,,,0,0,0,0,,2,0.0,0.0,0.0,0.0,0.0,6.0,0.0,746.6667,17.0,1.0
2026,FLA,8484304,Uvis,Balinskis,D,2,,,,,,,,,,,0,0,0,7,,2,2.0,0.0,0.0,0.0,0.0,1.0,0.0,826.0,19.0,0.0
2026,LAK,8475311,Darcy,Kuemper,G,1,1.0,0.0,1.0,0.0,8.078541,0.724138,29.0,21.0,8.0,0.0,0,0,0,0,3565.0,2,,,,,,,,,,
2026,LAK,8476341,Anton,Forsberg,G,1,1.0,0.0,0.0,1.0,4.772004,0.8,25.0,20.0,5.0,0.0,0,0,0,0,3772.0,2,,,,,,,,,,
2026,LAK,8470621,Corey,Perry,R,1,,,,,,,,,,,0,0,0,0,,2,0.0,0.0,0.0,0.0,0.0,3.0,0.0,597.0,13.0,0.0
2026,LAK,8474563,Drew,Doughty,D,2,,,,,,,,,,,0,1,1,4,,2,-1.0,0.0,0.0,0.0,0.0,1.0,0.0,1286.5,29.0,0.0
2026,LAK,8475208,Brian,Dumoulin,D,2,,,,,,,,,,,1,0,1,0,,2,-1.0,0.0,0.0,0.0,0.0,2.0,0.5,943.0,20.5,0.0
2026,LAK,8475287,Erik,Haula,L,2,,,,,,,,,,,1,1,2,0,,2,-2.0,0.0,0.0,0.0,0.0,5.0,0.2,905.5,26.5,0.451613
2026,LAK,8475692,Mats,Zuccarello,R,2,,,,,,,,,,,0,1,1,0,,2,1.0,0.0,0.0,0.0,0.0,1.0,0.0,1118.5,20.5,0.0
2026,LAK,8476441,Joel,Edmundson,D,2,,,,,,,,,,,0,0,0,2,,2,0.0,0.0,0.0,0.0,0.0,2.0,0.0,865.5,20.5,0.0
2026,LAK,8476469,Joel,Armia,R,2,,,,,,,,,,,1,0,1,0,,2,0.0,0.0,1.0,0.0,0.0,4.0,0.25,791.0,21.0,0.5
2026,LAK,8476872,Scott,Laughton,C,2,,,,,,,,,,,0,0,0,0,,2,0.0,0.0,0.0,0.0,0.0,3.0,0.0,858.5,22.0,0.56
2026,LAK,8476879,Cody,Ceci,D,2,,,,,,,,,,,0,1,1,0,,2,2.0,0.0,0.0,0.0,0.0,3.0,0.0,1111.0,24.0,0.0
2026,LAK,8476979,Erik,Gustafsson,D,1,,,,,,,,,,,0,1,1,0,,2,1.0,0.0,0.0,0.0,0.0,2.0,0.0,1035.0,20.0,0.0
2026,LAK,8477960,Adrian,Kempe,R,2,,,,,,,,,,,1,1,2,2,,2,-2.0,1.0,0.0,0.0,0.0,9.0,0.111111,1241.5,23.5,0.5
2026,LAK,8478550,Artemi,Panarin,L,2,,,,,,,,,,,2,1,3,0,,2,-2.0,0.0,0.0,0.0,0.0,6.0,0.333333,1278.5,23.0,0.0
2026,LAK,8479675,Trevor,Moore,L,2,,,,,,,,,,,1,0,1,0,,2,-1.0,0.0,1.0,0.0,0.0,4.0,0.25,931.5,25.0,0.0
2026,LAK,8479998,Mikey,Anderson,D,2,,,,,,,,,,,0,1,1,0,,2,-1.0,0.0,0.0,0.0,0.0,3.0,0.0,1073.0,23.0,0.0
2026,LAK,8481532,Alex,Turcotte,C,2,,,,,,,,,,,0,1,1,2,,2,1.0,0.0,0.0,0.0,0.0,1.0,0.0,925.0,21.0,0.611111
2026,LAK,8481732,Andre,Lee,L,1,,,,,,,,,,,0,0,0,2,,2,0.0,0.0,0.0,0.0,0.0,1.0,0.0,476.0,11.0,0.0
2026,LAK,8482124,Quinton,Byfield,R,2,,,,,,,,,,,1,1,2,0,,2,-3.0,1.0,0.0,0.0,0.0,7.0,0.142857,1249.5,22.0,0.75
2026,LAK,8482155,Alex,Laferriere,R,2,,,,,,,,,,,0,2,2,2,,2,1.0,0.0,0.0,0.0,0.0,2.0,0.0,968.0,21.5,1.0
2026,LAK,8482726,Samuel,Helenius,C,1,,,,,,,,,,,0,0,0,0,,2,0.0,0.0,0.0,0.0,0.0,1.0,0.0,419.0,10.0,0.2
2026,LAK,8482730,Brandt,Clarke,D,2,,,,,,,,,,,0,2,2,5,,2,-2.0,0.0,0.0,0.0,0.0,6.0,0.0,1190.5,22.5,0.0
2026,MIN,8482661,Jesper,Wallstedt,G,2,2.0,2.0,0.0,0.0,1.00643,0.957447,47.0,45.0,2.0,0.0,0,0,0,0,7154.0,2,,,,,,,,,,
2026,MIN,8473422,Nick,Foligno,L,2,,,,,,,,,,,1,0,1,0,,2,2.0,0.0,0.0,0.0,0.0,3.0,0.333333,791.0,14.5,0.333333
2026,MIN,8474567,Zach,Bogosian,D,2,,,,,,,,,,,0,0,0,0,,2,-1.0,0.0,0.0,0.0,0.0,1.0,0.0,913.0,19.5,0.0
2026,MIN,8474716,Jared,Spurgeon,D,2,,,,,,,,,,,1,1,2,4,,2,3.0,0.0,0.0,0.0,0.0,2.0,0.5,1177.5,28.0,0.0
2026,MIN,8475220,Marcus,Foligno,L,2,,,,,,,,,,,0,0,0,0,,2,2.0,0.0,0.0,0.0,0.0,2.0,0.0,730.0,14.0,0.0
2026,MIN,8476399,Blake,Coleman,L,2,,,,,,,,,,,1,0,1,2,,2,0.0,1.0,0.0,1.0,0.0,4.0,0.25,819.0,19.0,0.0
2026,MIN,8476463,Jonas,Brodin,D,2,,,,,,,,,,,0,0,0,0,,2,0.0,0.0,0.0,0.0,0.0,0.0,0.0,1263.5,25.5,0.0
2026,MIN,8476874,Olli,Maatta,D,2,,,,,,,,,,,0,1,1,0,,2,0.0,0.0,0.0,0.0,0.0,1.0,0.0,1343.5,24.0,0.0
2026,MIN,8477446,Michael,McCarron,C,2,,,,,,,,,,,0,2,2,0,,2,2.0,0.0,0.0,0.0,0.0,8.0,0.0,911.0,16.5,0.625
2026,MIN,8477451,Ryan,Hartman,R,2,,,,,,,,,,,0,1,1,4,,2,-2.0,0.0,0.0,0.0,0.0,0.0,0.0,732.0,16.0,0.583333
2026,MIN,8478493,Joel,Eriksson Ek,C,2,,,,,,,,,,,0,1,1,0,,2,2.0,0.0,0.0,0.0,0.0,5.0,0.0,1143.5,18.0,0.439024
2026,MIN,8478508,Yakov,Trenin,C,2,,,,,,,,,,,0,0,0,0,,2,-2.0,0.0,0.0,0.0,0.0,4.0,0.0,833.5,16.0,0.0
2026,MIN,8478864,Kirill,Kaprizov,L,2,,,,,,,,,,,3,0,3,0,,2,2.0,1.0,0.0,0.0,0.0,6.0,0.5,1191.0,19.5,0.333333
2026,MIN,8480800,Quinn,Hughes,D,2,,,,,,,,,,,1,2,3,0,,2,2.0,1.0,0.0,1.0,0.0,9.0,0.111111,1496.5,22.0,0.0
2026,MIN,8481553,Bobby,Brink,R,2,,,,,,,,,,,0,2,2,0,,2,-1.0,0.0,0.0,0.0,0.0,3.0,0.0,687.0,14.5,0.0
2026,MIN,8481557,Matt,Boldy,L,2,,,,,,,,,,,0,0,0,2,,2,1.0,0.0,0.0,0.0,0.0,9.0,0.0,1186.5,18.5,0.0
2026,MIN,8482094,Daemon,Hunt,D,2,,,,,,,,,,,0,0,0,2,,2,0.0,0.0,0.0,0.0,0.0,1.0,0.0,727.5,17.0,0.0
2026,MIN,8483525,Danila,Yurov,R,2,,,,,,,,,,,0,1,1,0,,2,0.0,0.0,0.0,0.0,0.0,2.0,0.0,755.0,17.5,0.6
2026,MIN,8485702,Maxim,Shabanov,R,2,,,,,,,,,,,0,1,1,0,,2,0.0,0.0,0.0,0.0,0.0,0.0,0.0,902.0,16.0,0.0
2026,MTL,8482487,Jakub,Dobes,G,2,2.0,1.0,0.0,1.0,4.044944,0.862069,58.0,50.0,8.0,0.0,0,0,0,0,7120.0,2,,,,,,,,,,
2026,MTL,8475184,Chris,Kreider,L,2,,,,,,,,,,,1,1,2,0,,2,1.0,0.0,0.0,0.0,0.0,2.0,0.5,879.0,19.0,0.0
2026,MTL,8476479,Phillip,Danault,C,2,,,,,,,,,,,0,0,0,0,,2,1.0,0.0,0.0,0.0,0.0,0.0,0.0,810.5,20.0,0.565217
2026,MTL,8476875,Mike,Matheson,D,2,,,,,,,,,,,0,1,1,2,,2,-1.0,0.0,0.0,0.0,0.0,5.0,0.0,1545.5,29.5,0.0
2026,MTL,8476981,Josh,Anderson,R,2,,,,,,,,,,,1,1,2,2,,2,2.0,0.0,0.0,0.0,0.0,6.0,0.166667,751.5,20.0,1.0
2026,MTL,8478133,Jake,Evans,C,2,,,,,,,,,,,0,0,0,0,,2,1.0,0.0,0.0,0.0,0.0,2.0,0.0,883.0,20.5,0.636364
2026,MTL,8478851,Alexandre,Carrier,D,2,,,,,,,,,,,1,1,2,0,,2,1.0,0.0,0.0,1.0,0.0,3.0,0.333333,913.0,19.0,0.0
2026,MTL,8480018,Nick,Suzuki,C,2,,,,,,,,,,,1,3,4,0,,2,3.0,0.0,0.0,0.0,0.0,6.0,0.166667,1243.0,24.0,0.5
2026,MTL,8480074,Alexandre,Texier,L,2,,,,,,,,,,,0,0,0,2,,2,-1.0,0.0,0.0,0.0,0.0,1.0,0.0,643.5,14.0,0.0
2026,MTL,8480865,Noah,Dobson,D,2,,,,,,,,,,,0,1,1,4,,2,-1.0,0.0,0.0,0.0,0.0,2.0,0.0,1350.0,30.0,0.0
2026,MTL,8481523,Kirby,Dach,C,2,,,,,,,,,,,0,1,1,2,,2,-1.0,0.0,0.0,0.0,0.0,1.0,0.0,683.5,14.5,0.5
2026,MTL,8481540,Cole,Caufield,R,2,,,,,,,,,,,2,0,2,2,,2,2.0,0.0,0.0,0.0,0.0,6.0,0.333333,1162.5,22.5,0.5
2026,MTL,8481593,Jayden,Struble,D,2,,,,,,,,,,,0,0,0,0,,2,2.0,0.0,0.0,0.0,0.0,0.0,0.0,815.5,15.5,0.0
2026,MTL,8481618,Alex,Newhook,C,2,,,,,,,,,,,0,0,0,2,,2,-1.0,0.0,0.0,0.0,0.0,3.0,0.0,957.0,23.0,0.7
2026,MTL,8482737,Zachary,Bolduc,R,2,,,,,,,,,,,1,0,1,0,,2,1.0,0.0,0.0,0.0,0.0,2.0,0.5,677.5,14.0,0.0
2026,MTL,8482964,Arber,Xhekaj,D,2,,,,,,,,,,,0,0,0,0,,2,1.0,0.0,0.0,0.0,0.0,0.0,0.0,781.5,17.0,0.0
2026,MTL,8483457,Lane,Hutson,D,2,,,,,,,,,,,0,3,3,0,,2,1.0,0.0,0.0,0.0,0.0,3.0,0.0,1596.5,27.0,0.0
2026,MTL,8483515,Juraj,Slafkovský,L,2,,,,,,,,,,,0,0,0,0,,2,2.0,0.0,0.0,0.0,0.0,3.0,0.0,1082.5,21.0,0.333333
2026,MTL,8484984,Ivan,Demidov,R,2,,,,,,,,,,,1,1,2,2,,2,0.0,0.0,0.0,0.0,0.0,4.0,0.25,937.0,19.5,0.0
2026,NJD,8474596,Jake,Allen,G,1,1.0,1.0,0.0,0.0,1.893242,0.92,25.0,23.0,2.0,0.0,0,0,0,0,3803.0,2,,,,,,,,,,
2026,NJD,8482076,Nico,Daws,G,1,1.0,0.0,1.0,0.0,6.013363,0.8125,32.0,26.0,6.0,0.0,0,0,0,0,3592.0,2,,,,,,,,,,
2026,NJD,8475455,Brenden,Dillon,D,2,,,,,,,,,,,0,0,0,0,,2,-1.0,0.0,0.0,0.0,0.0,0.0,0.0,840.5,17.5,0.0
2026,NJD,8476462,Dougie,Hamilton,D,2,,,,,,,,,,,1,0,1,0,,2,-4.0,0.0,0.0,0.0,0.0,9.0,0.111111,1314.5,25.0,0.0
2026,NJD,8476474,Stefan,Noesen,R,2,,,,,,,,,,,0,0,0,0,,2,-2.0,0.0,0.0,0.0,0.0,2.0,0.0,444.0,11.5,0.0
2026,NJD,8477488,Brett,Pesce,D,2,,,,,,,,,,,0,0,0,0,,2,1.0,0.0,0.0,0.0,0.0,2.0,0.0,1152.0,24.0,0.0
2026,NJD,8477511,Anthony,Mantha,R,2,,,,,,,,,,,0,0,0,0,,2,-1.0,0.0,0.0,0.0,0.0,1.0,0.0,976.0,20.0,0.0
2026,NJD,8478399,Jonas,Siegenthaler,D,2,,,,,,,,,,,0,0,0,0,,2,-3.0,0.0,0.0,0.0,0.0,2.0,0.0,1254.0,23.5,0.0
2026,NJD,8478414,Timo,Meier,R,2,,,,,,,,,,,0,0,0,0,,2,-2.0,0.0,0.0,0.0,0.0,10.0,0.0,1099.0,19.0,0.333333
2026,NJD,8478542,Evan,Rodrigues,C,2,,,,,,,,,,,0,0,0,0,,2,-4.0,0.0,0.0,0.0,0.0,2.0,0.0,1003.5,21.0,0.594595
2026,NJD,8479407,Jesper,Bratt,L,2,,,,,,,,,,,0,1,1,0,,2,1.0,0.0,0.0,0.0,0.0,8.0,0.0,1114.5,22.5,0.0
2026,NJD,8479996,Cody,Glass,C,2,,,,,,,,,,,0,0,0,0,,2,-1.0,0.0,0.0,0.0,0.0,4.0,0.0,603.0,16.0,0.5
2026,NJD,8480002,Nico,Hischier,C,2,,,,,,,,,,,0,0,0,0,,2,1.0,0.0,0.0,0.0,0.0,5.0,0.0,1147.5,21.0,0.5
2026,NJD,8480990,Declan,Chisholm,D,2,,,,,,,,,,,0,0,0,0,,2,-2.0,0.0,0.0,0.0,0.0,2.0,0.0,816.0,17.5,0.0
2026,NJD,8481559,Jack,Hughes,C,2,,,,,,,,,,,1,0,1,0,,2,1.0,0.0,0.0,1.0,1.0,8.0,0.125,1404.5,23.5,0.2
2026,NJD,8481721,Arseny,Gritsyuk,R,2,,,,,,,,,,,0,0,0,0,,2,-3.0,0.0,0.0,0.0,0.0,4.0,0.0,1022.5,19.5,0.0
2026,NJD,8482110,Dawson,Mercer,C,2,,,,,,,,,,,0,0,0,0,,2,-2.0,0.0,0.0,0.0,0.0,6.0,0.0,935.0,18.0,0.0
2026,NJD,8482146,Luke,Evangelista,R,2,,,,,,,,,,,0,1,1,2,,2,0.0,0.0,0.0,0.0,0.0,7.0,0.0,1112.5,18.0,0.0
2026,NJD,8482684,Luke,Hughes,D,2,,,,,,,,,,,1,0,1,2,,2,1.0,0.0,0.0,0.0,0.0,8.0,0.125,1379.0,25.0,0.0
2026,NJD,8483695,Amadeus,Lombardi,C,2,,,,,,,,,,,0,0,0,4,,2,-2.0,0.0,0.0,0.0,0.0,1.0,0.0,488.0,12.5,0.0
2026,NSH,8477424,Juuse,Saros,G,2,2.0,1.0,1.0,0.0,2.029312,0.933333,60.0,56.0,4.0,0.0,0,0,0,0,7096.0,2,,,,,,,,,,
2026,NSH,8474564,Steven,Stamkos,C,2,,,,,,,,,,,1,1,2,0,,2,-1.0,1.0,0.0,0.0,0.0,5.0,0.2,1164.0,21.0,0.6
2026,NSH,8474600,Roman,Josi,D,2,,,,,,,,,,,1,1,2,0,,2,0.0,0.0,0.0,0.0,0.0,3.0,0.333333,1485.5,24.0,0.0
2026,NSH,8475158,Ryan,O'Reilly,C,2,,,,,,,,,,,0,1,1,0,,2,-1.0,0.0,0.0,0.0,0.0,5.0,0.0,1242.0,24.0,0.628571
2026,NSH,8476539,Jonathan,Marchessault,R,2,,,,,,,,,,,0,0,0,2,,2,-1.0,0.0,0.0,0.0,0.0,3.0,0.0,1011.0,19.5,0.0
2026,NSH,8476869,Brady,Skjei,D,2,,,,,,,,,,,0,0,0,0,,2,-1.0,0.0,0.0,0.0,0.0,2.0,0.0,1169.0,24.0,0.0
2026,NSH,8476887,Filip,Forsberg,L,2,,,,,,,,,,,0,1,1,0,,2,0.0,0.0,0.0,0.0,0.0,3.0,0.0,1234.5,21.5,0.0
2026,NSH,8477021,Alexander,Kerfoot,C,2,,,,,,,,,,,0,1,1,0,,2,-1.0,0.0,0.0,0.0,0.0,2.0,0.0,891.5,20.0,0.0
2026,NSH,8479525,Ross,Colton,C,2,,,,,,,,,,,0,0,0,2,,2,0.0,0.0,0.0,0.0,0.0,2.0,0.0,827.0,18.0,0.0
2026,NSH,8479980,Nicolas,Hague,D,2,,,,,,,,,,,0,0,0,0,,2,-1.0,0.0,0.0,0.0,0.0,0.0,0.0,1091.5,19.5,0.0
2026,NSH,8480246,Nick,Perbix,D,2,,,,,,,,,,,0,0,0,2,,2,-2.0,0.0,0.0,0.0,0.0,1.0,0.0,1101.5,23.0,0.0
2026,NSH,8480835,Jack,Drury,C,2,,,,,,,,,,,0,0,0,2,,2,0.0,0.0,0.0,0.0,0.0,0.0,0.0,794.0,17.0,0.5
2026,NSH,8481535,Nils,Hoglander,L,2,,,,,,,,,,,1,0,1,0,,2,0.0,1.0,0.0,1.0,0.0,2.0,0.5,664.5,12.0,1.0
2026,NSH,8481726,Adam,Edstrom,C,2,,,,,,,,,,,0,0,0,0,,2,0.0,0.0,0.0,0.0,0.0,5.0,0.0,744.5,16.0,0.0
2026,NSH,8482072,Jack,Ahcan,D,1,,,,,,,,,,,0,1,1,0,,2,0.0,0.0,0.0,0.0,0.0,0.0,0.0,349.0,9.0,0.0
2026,NSH,8482145,Mavrik,Bourque,C,2,,,,,,,,,,,0,0,0,2,,2,0.0,0.0,0.0,0.0,0.0,6.0,0.0,1065.0,20.0,0.631579
2026,NSH,8482482,Adam,Wilsby,D,2,,,,,,,,,,,0,0,0,0,,2,0.0,0.0,0.0,0.0,0.0,1.0,0.0,919.0,18.0,0.0
2026,NSH,8482715,Ryan,Ufko,D,1,,,,,,,,,,,0,0,0,0,,2,-1.0,0.0,0.0,0.0,0.0,1.0,0.0,927.0,18.0,0.0
2026,NSH,8482806,William,Trudeau,D,1,,,,,,,,,,,0,0,0,0,,2,0.0,0.0,0.0,0.0,0.0,1.0,0.0,735.0,12.0,0.0
2026,NSH,8483513,Reid,Schaefer,L,1,,,,,,,,,,,0,0,0,0,,2,-1.0,0.0,0.0,0.0,0.0,1.0,0.0,695.0,13.0,0.0
2026,NSH,8484241,Matthew,Wood,R,2,,,,,,,,,,,0,0,0,0,,2,0.0,0.0,0.0,0.0,0.0,3.0,0.0,1004.0,19.0,0.352941
2026,NYI,8478009,Ilya,Sorokin,G,2,2.0,1.0,1.0,0.0,1.017524,0.968254,63.0,61.0,2.0,1.0,0,0,0,0,7076.0,2,,,,,,,,,,
2026,NYI,8475151,Kyle,Palmieri,C,2,,,,,,,,,,,0,0,0,4,,2,0.0,0.0,0.0,0.0,0.0,6.0,0.0,996.0,19.0,0.0
2026,NYI,8475170,Brayden,Schenn,C,2,,,,,,,,,,,1,1,2,2,,2,2.0,0.0,0.0,0.0,0.0,5.0,0.2,873.5,17.0,0.5
2026,NYI,8475231,Casey,Cizikas,C,2,,,,,,,,,,,1,1,2,0,,2,2.0,0.0,1.0,0.0,0.0,4.0,0.25,707.0,18.5,0.533333
2026,NYI,8476292,Ondrej,Palat,L,2,,,,,,,,,,,1,0,1,0,,2,1.0,0.0,0.0,0.0,0.0,6.0,0.166667,676.5,16.0,0.0
2026,NYI,8476419,Jean-Gabriel,Pageau,C,2,,,,,,,,,,,0,1,1,0,,2,0.0,0.0,0.0,0.0,0.0,3.0,0.0,859.5,22.5,0.551724
2026,NYI,8476917,Adam,Pelech,D,2,,,,,,,,,,,0,1,1,0,,2,3.0,0.0,0.0,0.0,0.0,0.0,0.0,1192.0,30.0,0.0
2026,NYI,8477407,Anthony,Duclair,L,2,,,,,,,,,,,0,0,0,0,,2,1.0,0.0,0.0,0.0,0.0,4.0,0.0,717.0,17.0,0.0
2026,NYI,8477500,Bo,Horvat,C,2,,,,,,,,,,,1,1,2,2,,2,1.0,1.0,0.0,0.0,0.0,8.0,0.125,1231.0,23.0,0.5
2026,NYI,8477506,Ryan,Pulock,D,2,,,,,,,,,,,0,0,0,0,,2,0.0,0.0,0.0,0.0,0.0,0.0,0.0,1063.5,25.0,0.0
2026,NYI,8477950,Tony,DeAngelo,D,2,,,,,,,,,,,0,0,0,0,,2,0.0,0.0,0.0,0.0,0.0,3.0,0.0,1049.0,21.0,0.0
2026,NYI,8479378,Logan,Stanley,D,2,,,,,,,,,,,0,2,2,2,,2,2.0,0.0,0.0,0.0,0.0,1.0,0.0,1028.0,21.5,0.0
2026,NYI,8481014,Alexander,Romanov,D,2,,,,,,,,,,,0,0,0,0,,2,3.0,0.0,0.0,0.0,0.0,2.0,0.0,1091.0,22.0,0.0
2026,NYI,8481601,Simon,Holmstrom,R,2,,,,,,,,,,,1,1,2,0,,2,2.0,0.0,0.0,1.0,0.0,1.0,1.0,1111.5,24.5,0.0
2026,NYI,8481711,Matias,Maccelli,L,2,,,,,,,,,,,0,0,0,2,,2,1.0,0.0,0.0,0.0,0.0,3.0,0.0,953.0,15.5,0.0
2026,NYI,8482476,Emil,Heineman,L,2,,,,,,,,,,,1,0,1,0,,2,0.0,0.0,1.0,0.0,0.0,2.0,0.5,899.5,21.5,0.0
2026,NYI,8484221,Calum,Ritchie,C,2,,,,,,,,,,,0,1,1,0,,2,2.0,0.0,0.0,0.0,0.0,3.0,0.0,892.5,18.0,0.384615
2026,NYI,8485366,Matthew,Schaefer,D,2,,,,,,,,,,,0,2,2,2,,2,2.0,0.0,0.0,0.0,0.0,5.0,0.0,1449.5,26.0,0.0
2026,NYI,8485388,Victor,Eklund,R,2,,,,,,,,,,,1,1,2,4,,2,1.0,0.0,0.0,0.0,0.0,3.0,0.333333,735.0,15.5,0.0
2026,NYR,8478048,Igor,Shesterkin,G,3,3.0,2.0,1.0,0.0,1.672707,0.934211,76.0,71.0,5.0,0.0,1,1,2,0,10761.0,2,,,,,,,,,,
2026,NYR,8482193,Dylan,Garand,G,1,1.0,1.0,0.0,0.0,0.0,1.0,22.0,22.0,0.0,1.0,0,0,0,0,3600.0,2,,,,,,,,,,
2026,NYR,8476459,Mika,Zibanejad,C,4,,,,,,,,,,,1,2,3,0,,2,1.0,1.0,0.0,0.0,0.0,6.0,0.166667,1249.25,25.25,0.590164
2026,NYR,8476468,J.T.,Miller,C,4,,,,,,,,,,,1,0,1,4,,2,2.0,0.0,0.0,1.0,0.0,6.0,0.166667,1045.0,23.5,0.52381
2026,NYR,8477416,Oliver,Bjorkstrand,R,4,,,,,,,,,,,0,1,1,0,,2,1.0,0.0,0.0,0.0,0.0,5.0,0.0,722.25,17.0,0.0
2026,NYR,8477969,Marcus,Pettersson,D,4,,,,,,,,,,,0,0,0,2,,2,3.0,0.0,0.0,0.0,0.0,3.0,0.0,1265.0,24.5,0.0
2026,NYR,8478882,Vladislav,Gavrikov,D,4,,,,,,,,,,,1,1,2,0,,2,1.0,0.0,0.0,0.0,0.0,4.0,0.25,1253.5,25.75,0.0
2026,NYR,8479323,Adam,Fox,D,4,,,,,,,,,,,0,4,4,2,,2,2.0,0.0,0.0,0.0,0.0,3.0,0.0,1228.5,26.0,0.0
2026,NYR,8480009,Eeli,Tolvanen,R,4,,,,,,,,,,,3,0,3,0,,2,3.0,0.0,0.0,0.0,0.0,6.0,0.5,808.75,20.75,0.0
2026,NYR,8480434,Sean,Durzi,D,4,,,,,,,,,,,1,0,1,9,,2,1.0,1.0,0.0,1.0,0.0,3.0,0.333333,1296.25,24.75,0.0
2026,NYR,8480813,Joseph,Veleno,C,4,,,,,,,,,,,0,0,0,2,,2,0.0,0.0,0.0,0.0,0.0,2.0,0.0,697.25,16.5,0.538462
2026,NYR,8481604,Pavel,Dorofeyev,R,4,,,,,,,,,,,1,1,2,0,,2,0.0,0.0,0.0,1.0,0.0,15.0,0.066667,975.0,20.5,0.0
2026,NYR,8481789,Tye,Kartye,L,4,,,,,,,,,,,0,2,2,0,,2,1.0,0.0,0.0,0.0,0.0,3.0,0.0,879.25,20.5,0.5
2026,NYR,8482073,Braden,Schneider,D,4,,,,,,,,,,,0,0,0,4,,2,1.0,0.0,0.0,0.0,0.0,6.0,0.0,1040.0,23.0,0.0
2026,NYR,8482109,Alexis,Lafrenière,L,4,,,,,,,,,,,0,1,1,0,,2,1.0,0.0,0.0,0.0,0.0,8.0,0.0,1151.5,21.75,0.75
2026,NYR,8482157,Will,Cuylle,L,4,,,,,,,,,,,0,2,2,13,,2,0.0,0.0,0.0,0.0,0.0,10.0,0.0,871.0,21.25,0.5
2026,NYR,8482460,Matt,Rempe,C,1,,,,,,,,,,,0,0,0,0,,2,0.0,0.0,0.0,0.0,0.0,1.0,0.0,589.0,12.0,0.0
2026,NYR,8482877,Jaroslav,Chmelar,R,3,,,,,,,,,,,0,0,0,0,,2,0.0,0.0,0.0,0.0,0.0,2.0,0.0,431.3333,10.6667,0.0
2026,NYR,8483690,Noah,Laba,C,4,,,,,,,,,,,0,1,1,4,,2,0.0,0.0,0.0,0.0,0.0,3.0,0.0,883.0,21.5,0.45
2026,NYR,8484210,Gabe,Perreault,R,4,,,,,,,,,,,2,1,3,0,,2,1.0,0.0,0.0,0.0,0.0,4.0,0.5,912.0,20.25,0.0
2026,NYR,8485957,Alberts,Smits,D,4,,,,,,,,,,,0,0,0,2,,2,1.0,0.0,0.0,0.0,0.0,1.0,0.0,880.25,19.5,0.0
2026,OTT,8476999,Linus,Ullmark,G,1,1.0,1.0,0.0,0.0,2.0,0.931034,29.0,27.0,2.0,0.0,0,0,0,0,3600.0,2,,,,,,,,,,
2026,OTT,8473512,Claude,Giroux,R,1,,,,,,,,,,,0,2,2,2,,2,1.0,0.0,0.0,0.0,0.0,4.0,0.0,1097.0,29.0,0.833333
2026,OTT,8476393,Nick,Cousins,C,1,,,,,,,,,,,0,0,0,0,,2,0.0,0.0,0.0,0.0,0.0,0.0,0.0,441.0,11.0,0.0
2026,OTT,8477998,Warren,Foegele,L,1,,,,,,,,,,,0,0,0,0,,2,1.0,0.0,0.0,0.0,0.0,0.0,0.0,781.0,21.0,0.0
2026,OTT,8478020,Michael,Amadio,R,1,,,,,,,,,,,1,0,1,0,,2,1.0,0.0,0.0,0.0,0.0,1.0,1.0,1153.0,27.0,0.0
2026,OTT,8478173,Hayden,Hodgson,R,1,,,,,,,,,,,0,0,0,0,,2,0.0,0.0,0.0,0.0,0.0,0.0,0.0,310.0,7.0,0.0
2026,OTT,8478469,Thomas,Chabot,D,1,,,,,,,,,,,1,1,2,0,,2,2.0,0.0,0.0,0.0,0.0,2.0,0.5,1626.0,30.0,0.0
2026,OTT,8480188,Fabian,Zetterlund,L,1,,,,,,,,,,,0,1,1,0,,2,1.0,0.0,0.0,0.0,0.0,1.0,0.0,726.0,15.0,1.0
2026,OTT,8480208,Drake,Batherson,R,1,,,,,,,,,,,0,0,0,0,,2,0.0,0.0,0.0,0.0,0.0,2.0,0.0,1082.0,24.0,0.0
2026,OTT,8481528,Dylan,Cozens,C,1,,,,,,,,,,,0,0,0,0,,2,0.0,0.0,0.0,0.0,0.0,2.0,0.0,977.0,20.0,0.375
2026,OTT,8481596,Shane,Pinto,C,1,,,,,,,,,,,0,1,1,2,,2,1.0,0.0,0.0,0.0,0.0,4.0,0.0,1227.0,28.0,0.470588
2026,OTT,8481606,Jordan,Spence,D,1,,,,,,,,,,,0,0,0,0,,2,0.0,0.0,0.0,0.0,0.0,2.0,0.0,1350.0,27.0,0.0
2026,OTT,8482095,Tyler,Kleven,D,1,,,,,,,,,,,0,0,0,2,,2,0.0,0.0,0.0,0.0,0.0,1.0,0.0,1303.0,29.0,0.0
2026,OTT,8482105,Jake,Sanderson,D,1,,,,,,,,,,,0,0,0,0,,2,0.0,0.0,0.0,0.0,0.0,0.0,0.0,269.0,6.0,0.0
2026,OTT,8482116,Tim,Stützle,C,1,,,,,,,,,,,0,1,1,2,,2,1.0,0.0,0.0,0.0,0.0,2.0,0.0,1371.0,28.0,0.666667
2026,OTT,8482667,William,Eklund,L,1,,,,,,,,,,,0,0,0,2,,2,0.0,0.0,0.0,0.0,0.0,4.0,0.0,976.0,21.0,0.0
2026,OTT,8483676,Stephen,Halliday,C,1,,,,,,,,,,,1,0,1,0,,2,1.0,0.0,0.0,1.0,0.0,2.0,0.5,607.0,13.0,0.666667
2026,OTT,8484321,Nikolas,Matinpalo,D,1,,,,,,,,,,,0,0,0,0,,2,0.0,0.0,0.0,0.0,0.0,1.0,0.0,1128.0,25.0,0.0
2026,OTT,8484759,Carter,Yakemchuk,D,1,,,,,,,,,,,0,0,0,0,,2,1.0,0.0,0.0,0.0,0.0,1.0,0.0,1070.0,24.0,0.0
2026,PHI,8478435,Dan,Vladar,G,1,1.0,0.0,1.0,0.0,7.03714,0.815789,38.0,31.0,7.0,0.0,0,0,0,0,3581.0,2,,,,,,,,,,
2026,PHI,8479361,Joseph,Woll,G,2,2.0,0.0,0.0,2.0,2.865862,0.928571,84.0,78.0,6.0,0.0,0,0,0,0,7537.0,2,,,,,,,,,,
2026,PHI,8476372,Nick,Seeler,D,3,,,,,,,,,,,0,0,0,4,,2,0.0,0.0,0.0,0.0,0.0,1.0,0.0,1054.6667,23.0,0.0
2026,PHI,8476461,Sean,Couturier,C,3,,,,,,,,,,,0,1,1,2,,2,0.0,0.0,0.0,0.0,0.0,2.0,0.0,961.3333,21.6667,0.551724
2026,PHI,8477499,Rasmus,Ristolainen,D,3,,,,,,,,,,,1,0,1,0,,2,0.0,0.0,0.0,0.0,0.0,4.0,0.25,1096.6667,24.3333,0.0
2026,PHI,8477948,Travis,Sanheim,D,3,,,,,,,,,,,1,1,2,0,,2,-2.0,0.0,0.0,0.0,0.0,7.0,0.142857,1462.3333,29.3333,0.0
2026,PHI,8477989,Christian,Dvorak,C,3,,,,,,,,,,,0,1,1,2,,2,-1.0,0.0,0.0,0.0,0.0,4.0,0.0,1004.0,24.0,0.581395
2026,PHI,8478439,Travis,Konecny,R,3,,,,,,,,,,,0,2,2,4,,2,-2.0,0.0,0.0,0.0,0.0,4.0,0.0,958.0,23.3333,0.75
2026,PHI,8478569,Noel,Acciari,C,3,,,,,,,,,,,0,0,0,2,,2,-3.0,0.0,0.0,0.0,0.0,2.0,0.0,956.3333,20.6667,0.585366
2026,PHI,8479336,Carl,Grundstrom,R,3,,,,,,,,,,,0,0,0,0,,2,0.0,0.0,0.0,0.0,0.0,3.0,0.0,685.3333,16.0,0.0
2026,PHI,8480015,Owen,Tippett,R,3,,,,,,,,,,,1,0,1,2,,2,0.0,0.0,0.0,0.0,0.0,9.0,0.111111,961.0,21.6667,0.0
2026,PHI,8480220,Noah,Cates,L,3,,,,,,,,,,,0,0,0,0,,2,-2.0,0.0,0.0,0.0,0.0,3.0,0.0,774.0,19.0,0.53125
2026,PHI,8481122,Simon,Benoit,D,2,,,,,,,,,,,0,0,0,2,,2,-1.0,0.0,0.0,0.0,0.0,1.0,0.0,959.0,21.5,0.0
2026,PHI,8481533,Trevor,Zegras,C,3,,,,,,,,,,,0,1,1,2,,2,-1.0,0.0,0.0,0.0,0.0,2.0,0.0,1130.0,22.0,0.363636
2026,PHI,8481546,Cam,York,D,3,,,,,,,,,,,0,0,0,0,,2,-2.0,0.0,0.0,0.0,0.0,2.0,0.0,1346.3333,29.3333,0.0
2026,PHI,8482142,Jamie,Drysdale,D,3,,,,,,,,,,,0,0,0,2,,2,-3.0,0.0,0.0,0.0,0.0,1.0,0.0,1251.0,26.0,0.0
2026,PHI,8482159,Tyson,Foerster,R,3,,,,,,,,,,,0,0,0,0,,2,-3.0,0.0,0.0,0.0,0.0,6.0,0.0,1093.6667,23.0,0.0
2026,PHI,8483460,David,Jiricek,D,1,,,,,,,,,,,0,0,0,0,,2,0.0,0.0,0.0,0.0,0.0,1.0,0.0,790.0,17.0,0.0
2026,PHI,8483731,Alex,Bump,L,3,,,,,,,,,,,0,0,0,0,,2,0.0,0.0,0.0,0.0,0.0,4.0,0.0,728.0,14.6667,0.0
2026,PHI,8484387,Matvei,Michkov,R,3,,,,,,,,,,,1,0,1,2,,2,-2.0,0.0,0.0,0.0,0.0,4.0,0.25,906.3333,19.3333,1.0
2026,PHI,8485406,Porter,Martone,R,3,,,,,,,,,,,0,0,0,2,,2,0.0,0.0,0.0,0.0,0.0,2.0,0.0,751.3333,15.6667,0.0
2026,PIT,8481668,Arturs,Silovs,G,2,2.0,2.0,0.0,0.0,2.46812,0.886364,44.0,39.0,5.0,1.0,0,0,0,0,7293.0,2,,,,,,,,,,
2026,PIT,8471215,Evgeni,Malkin,C,2,,,,,,,,,,,2,2,4,2,,2,2.0,2.0,0.0,0.0,0.0,3.0,0.666667,1064.0,20.0,1.0
2026,PIT,8471675,Sidney,Crosby,C,2,,,,,,,,,,,0,2,2,0,,2,2.0,0.0,0.0,0.0,0.0,5.0,0.0,1126.0,23.0,0.489796
2026,PIT,8471724,Kris,Letang,D,2,,,,,,,,,,,0,3,3,0,,2,2.0,0.0,0.0,0.0,0.0,7.0,0.0,1147.0,22.0,0.0
2026,PIT,8474578,Erik,Karlsson,D,2,,,,,,,,,,,0,3,3,0,,2,3.0,0.0,0.0,0.0,0.0,3.0,0.0,1188.5,24.0,0.0
2026,PIT,8476483,Rickard,Rakell,R,2,,,,,,,,,,,0,2,2,2,,2,2.0,0.0,0.0,0.0,0.0,4.0,0.0,1109.0,22.0,0.5
2026,PIT,8477845,Trevor,van Riemsdyk,D,2,,,,,,,,,,,0,0,0,2,,2,0.0,0.0,0.0,0.0,0.0,1.0,0.0,1165.0,22.0,0.0
2026,PIT,8478438,Tommy,Novak,C,2,,,,,,,,,,,2,2,4,0,,2,2.0,0.0,0.0,1.0,1.0,3.0,0.666667,923.0,20.0,0.157895
2026,PIT,8479398,Samuel,Girard,D,2,,,,,,,,,,,1,2,3,0,,2,0.0,0.0,0.0,0.0,0.0,5.0,0.2,1266.5,22.0,0.0
2026,PIT,8480842,Filip,Hallander,C,2,,,,,,,,,,,1,2,3,0,,2,4.0,0.0,0.0,0.0,0.0,3.0,0.333333,617.0,16.5,0.0
2026,PIT,8480980,Connor,Dewar,C,2,,,,,,,,,,,0,0,0,2,,2,-2.0,0.0,0.0,0.0,0.0,1.0,0.0,862.5,21.0,0.333333
2026,PIT,8481481,Blake,Lizotte,C,2,,,,,,,,,,,0,0,0,0,,2,-1.0,0.0,0.0,0.0,0.0,4.0,0.0,841.0,20.5,0.464286
2026,PIT,8481527,Kaedan,Korczak,D,2,,,,,,,,,,,0,3,3,0,,2,0.0,0.0,0.0,0.0,0.0,4.0,0.0,1085.0,22.0,0.0
2026,PIT,8481582,Nick,Robertson,L,2,,,,,,,,,,,2,0,2,2,,2,3.0,0.0,1.0,1.0,0.0,5.0,0.4,858.5,20.0,0.0
2026,PIT,8481725,Elmer,Soderblom,L,1,,,,,,,,,,,0,0,0,0,,2,0.0,0.0,0.0,0.0,0.0,0.0,0.0,759.0,16.0,0.0
2026,PIT,8482148,Hendrix,Lapierre,C,2,,,,,,,,,,,1,2,3,0,,2,1.0,0.0,0.0,0.0,0.0,1.0,1.0,732.0,16.5,0.307692
2026,PIT,8482475,Egor,Chinakhov,R,2,,,,,,,,,,,1,1,2,2,,2,0.0,1.0,0.0,0.0,0.0,5.0,0.2,1048.5,21.5,0.0
2026,PIT,8482758,Ville,Koivunen,R,1,,,,,,,,,,,1,0,1,0,,2,3.0,0.0,0.0,0.0,0.0,2.0,0.5,830.0,15.0,0.0
2026,PIT,8483398,Declan,Carlile,D,2,,,,,,,,,,,1,1,2,4,,2,2.0,0.0,0.0,0.0,0.0,5.0,0.2,1111.0,23.5,0.0
2026,PIT,8483808,Andrei,Kuzmenko,L,1,,,,,,,,,,,0,0,0,0,,2,-2.0,0.0,0.0,0.0,0.0,2.0,0.0,703.0,16.0,0.0
2026,PIT,8485414,Ben,Kindel,C,1,,,,,,,,,,,1,0,1,0,,2,-3.0,1.0,0.0,0.0,0.0,5.0,0.2,858.0,18.0,0.4
2026,SEA,8475831,Philipp,Grubauer,G,1,1.0,0.0,1.0,0.0,2.030457,0.916667,24.0,22.0,2.0,0.0,0,0,0,2,3546.0,2,,,,,,,,,,
2026,SEA,8478916,Joey,Daccord,G,2,2.0,2.0,0.0,0.0,1.004184,0.965517,58.0,56.0,2.0,0.0,0,1,1,0,7170.0,2,,,,,,,,,,
2026,SEA,8474586,Jordan,Eberle,R,3,,,,,,,,,,,2,1,3,0,,2,2.0,1.0,0.0,0.0,0.0,7.0,0.285714,981.6667,22.3333,0.0
2026,SEA,8476457,Adam,Larsson,D,3,,,,,,,,,,,0,0,0,0,,2,2.0,0.0,0.0,0.0,0.0,2.0,0.0,1283.6667,24.0,0.0
2026,SEA,8476905,Chandler,Stephenson,C,3,,,,,,,,,,,1,3,4,0,,2,2.0,0.0,0.0,0.0,0.0,4.0,0.25,1017.3333,23.3333,0.581818
2026,SEA,8477919,Frederick,Gaudreau,C,3,,,,,,,,,,,1,0,1,0,,2,0.0,0.0,0.0,0.0,0.0,5.0,0.2,848.3333,20.0,0.540541
2026,SEA,8477955,Jared,McCann,L,3,,,,,,,,,,,0,4,4,0,,2,1.0,0.0,0.0,0.0,0.0,8.0,0.0,961.6667,21.0,0.0
2026,SEA,8477986,Brandon,Montour,D,3,,,,,,,,,,,0,2,2,10,,2,2.0,0.0,0.0,0.0,0.0,7.0,0.0,1414.6667,23.3333,0.0
2026,SEA,8478407,Vince,Dunn,D,3,,,,,,,,,,,1,3,4,4,,2,2.0,0.0,0.0,1.0,0.0,3.0,0.333333,1260.3333,24.6667,0.0
2026,SEA,8479324,Ryan,Lindgren,D,3,,,,,,,,,,,0,0,0,7,,2,3.0,0.0,0.0,0.0,0.0,3.0,0.0,940.6667,20.6667,0.0
2026,SEA,8479372,Josh,Mahura,D,1,,,,,,,,,,,0,0,0,2,,2,1.0,0.0,0.0,0.0,0.0,0.0,0.0,868.0,20.0,0.0
2026,SEA,8479985,Cale,Fleury,D,1,,,,,,,,,,,0,0,0,0,,2,0.0,0.0,0.0,0.0,0.0,2.0,0.0,827.0,19.0,0.0
2026,SEA,8480876,Curtis,Douglas,C,2,,,,,,,,,,,0,0,0,0,,2,0.0,0.0,0.0,0.0,0.0,1.0,0.0,412.0,11.0,0.0
2026,SEA,8481554,Kaapo,Kakko,R,3,,,,,,,,,,,1,1,2,0,,2,4.0,0.0,0.0,0.0,0.0,1.0,1.0,865.0,19.3333,0.0
2026,SEA,8482259,Bobby,McMann,C,3,,,,,,,,,,,2,0,2,0,,2,2.0,1.0,0.0,0.0,0.0,12.0,0.166667,990.0,21.0,0.0
2026,SEA,8482665,Matty,Beniers,C,3,,,,,,,,,,,1,2,3,0,,2,3.0,0.0,0.0,0.0,0.0,2.0,0.5,980.6667,20.0,0.348837
2026,SEA,8482713,Mackie,Samoskevich,R,2,,,,,,,,,,,2,0,2,2,,2,2.0,0.0,0.0,1.0,0.0,3.0,0.666667,921.5,20.5,0.0
2026,SEA,8482751,Ryan,Winterton,C,3,,,,,,,,,,,0,1,1,2,,2,1.0,0.0,0.0,0.0,0.0,7.0,0.0,867.3333,18.6667,1.0
2026,SEA,8482858,Ryker,Evans,D,3,,,,,,,,,,,0,2,2,2,,2,2.0,0.0,0.0,0.0,0.0,4.0,0.0,1244.0,22.0,0.0
2026,SEA,8482866,Ville,Ottavainen,D,1,,,,,,,,,,,0,0,0,2,,2,2.0,0.0,0.0,0.0,0.0,0.0,0.0,951.0,22.0,0.0
2026,SEA,8482874,Jacob,Melanson,R,1,,,,,,,,,,,0,0,0,2,,2,0.0,0.0,0.0,0.0,0.0,1.0,0.0,571.0,15.0,0.0
2026,SEA,8483524,Shane,Wright,C,3,,,,,,,,,,,1,1,2,0,,2,1.0,0.0,0.0,0.0,0.0,3.0,0.333333,907.3333,19.6667,0.5
2026,SEA,8483570,Ben,Meyers,C,1,,,,,,,,,,,0,0,0,0,,2,0.0,0.0,0.0,0.0,0.0,0.0,0.0,659.0,18.0,0.333333
2026,SEA,8484800,Berkly,Catton,C,3,,,,,,,,,,,1,1,2,0,,2,2.0,0.0,0.0,0.0,0.0,4.0,0.25,947.0,19.3333,0.416667
2026,SJS,8482137,Yaroslav,Askarov,G,2,2.0,2.0,0.0,0.0,3.319283,0.885246,61.0,54.0,7.0,0.0,0,0,0,0,7592.0,2,,,,,,,,,,
2026,SJS,8475200,Dmitry,Orlov,D,2,,,,,,,,,,,0,0,0,0,,2,-2.0,0.0,0.0,0.0,0.0,2.0,0.0,1083.5,22.0,0.0
2026,SJS,8475726,Tyler,Toffoli,C,2,,,,,,,,,,,1,1,2,0,,2,1.0,1.0,0.0,0.0,0.0,4.0,0.25,717.5,17.0,0.0
2026,SJS,8476624,Barclay,Goodrow,C,2,,,,,,,,,,,0,0,0,0,,2,1.0,0.0,0.0,0.0,0.0,1.0,0.0,782.0,17.5,0.0
2026,SJS,8476885,Jacob,Trouba,D,2,,,,,,,,,,,0,1,1,5,,2,1.0,0.0,0.0,0.0,0.0,3.0,0.0,1302.0,26.0,0.0
2026,SJS,8477498,Darnell,Nurse,D,2,,,,,,,,,,,0,0,0,4,,2,1.0,0.0,0.0,0.0,0.0,0.0,0.0,1169.0,24.5,0.0
2026,SJS,8477505,Alexander,Wennberg,C,2,,,,,,,,,,,0,0,0,0,,2,0.0,0.0,0.0,0.0,0.0,4.0,0.0,1213.5,26.0,0.548387
2026,SJS,8478975,Mason,Marchment,L,2,,,,,,,,,,,1,0,1,2,,2,-1.0,0.0,0.0,0.0,0.0,5.0,0.2,873.5,19.5,0.0
2026,SJS,8480748,Kiefer,Sherwood,L,2,,,,,,,,,,,1,0,1,4,,2,1.0,0.0,0.0,0.0,0.0,3.0,0.333333,775.0,18.0,0.0
2026,SJS,8480891,Michael,Kesselring,D,2,,,,,,,,,,,0,0,0,0,,2,1.0,0.0,0.0,0.0,0.0,1.0,0.0,1230.5,26.0,0.0
2026,SJS,8482700,Nolan,Allan,D,2,,,,,,,,,,,1,0,1,2,,2,1.0,0.0,0.0,0.0,0.0,3.0,0.333333,1102.0,23.5,0.0
2026,SJS,8482859,Zack,Ostapchuk,C,2,,,,,,,,,,,0,0,0,0,,2,1.0,0.0,0.0,0.0,0.0,3.0,0.0,651.5,16.5,0.222222
2026,SJS,8484152,Luca,Cagnoni,D,2,,,,,,,,,,,1,1,2,2,,2,1.0,0.0,0.0,1.0,1.0,6.0,0.166667,1279.0,22.0,0.0
2026,SJS,8484227,Will,Smith,C,2,,,,,,,,,,,2,1,3,0,,2,1.0,1.0,1.0,0.0,0.0,5.0,0.4,1165.0,23.0,1.0
2026,SJS,8484801,Macklin,Celebrini,C,2,,,,,,,,,,,0,5,5,2,,2,2.0,0.0,0.0,0.0,0.0,9.0,0.0,1339.5,24.0,0.5
2026,SJS,8484911,Collin,Graf,R,2,,,,,,,,,,,0,0,0,7,,2,-1.0,0.0,0.0,0.0,0.0,1.0,0.0,1005.5,21.5,0.375
2026,SJS,8484994,Igor,Chernyshov,L,2,,,,,,,,,,,2,1,3,0,,2,2.0,0.0,0.0,1.0,1.0,3.0,0.666667,858.0,19.0,0.0
2026,SJS,8485402,Michael,Misa,C,2,,,,,,,,,,,0,1,1,0,,2,1.0,0.0,0.0,0.0,0.0,4.0,0.0,774.0,18.5,0.458333
2026,SJS,8486103,Ivar,Stenberg,L,2,,,,,,,,,,,0,1,1,0,,2,-1.0,0.0,0.0,0.0,0.0,0.0,0.0,876.0,17.5,0.333333
2026,STL,8476412,Jordan,Binnington,G,1,1.0,0.0,1.0,0.0,6.0,0.833333,36.0,30.0,6.0,0.0,0,0,0,0,3600.0,2,,,,,,,,,,
2026,STL,8480981,Joel,Hofer,G,1,1.0,1.0,0.0,0.0,0.0,1.0,25.0,25.0,0.0,1.0,0,1,1,0,3600.0,2,,,,,,,,,,
2026,STL,8475764,Cam,Fowler,D,2,,,,,,,,,,,0,0,0,2,,2,1.0,0.0,0.0,0.0,0.0,3.0,0.0,1381.0,26.5,0.0
2026,STL,8476892,Colton,Parayko,D,2,,,,,,,,,,,0,1,1,0,,2,-1.0,0.0,0.0,0.0,0.0,4.0,0.0,1236.0,25.0,0.0
2026,STL,8477402,Pavel,Buchnevich,L,2,,,,,,,,,,,0,0,0,0,,2,2.0,0.0,0.0,0.0,0.0,2.0,0.0,987.0,23.0,0.0
2026,STL,8477527,Ross,Johnston,L,1,,,,,,,,,,,0,0,0,0,,2,1.0,0.0,0.0,0.0,0.0,0.0,0.0,599.0,16.0,0.0
2026,STL,8478443,Brandon,Carlo,D,2,,,,,,,,,,,0,0,0,15,,2,0.0,0.0,0.0,0.0,0.0,2.0,0.0,991.5,21.0,0.0
2026,STL,8479346,Dillon,Dube,C,1,,,,,,,,,,,0,0,0,2,,2,-1.0,0.0,0.0,0.0,0.0,0.0,0.0,796.0,21.0,0.0
2026,STL,8480023,Robert,Thomas,C,2,,,,,,,,,,,0,0,0,0,,2,-1.0,0.0,0.0,0.0,0.0,0.0,0.0,1184.5,23.0,0.414634
2026,STL,8480281,Alexey,Toropchenko,R,1,,,,,,,,,,,0,0,0,0,,2,0.0,0.0,0.0,0.0,0.0,0.0,0.0,308.0,8.0,0.0
2026,STL,8480459,Pius,Suter,C,2,,,,,,,,,,,1,1,2,0,,2,1.0,0.0,0.0,0.0,0.0,4.0,0.25,919.5,21.0,0.3
2026,STL,8481013,Jonatan,Berggren,R,2,,,,,,,,,,,0,0,0,0,,2,-2.0,0.0,0.0,0.0,0.0,3.0,0.0,856.5,18.0,0.0
2026,STL,8481580,Connor,McMichael,L,2,,,,,,,,,,,0,1,1,0,,2,1.0,0.0,0.0,0.0,0.0,3.0,0.0,851.0,22.5,1.0
2026,STL,8481598,Philip,Broberg,D,2,,,,,,,,,,,0,1,1,0,,2,-2.0,0.0,0.0,0.0,0.0,4.0,0.0,1302.0,27.5,0.0
2026,STL,8482077,Dylan,Holloway,L,2,,,,,,,,,,,0,0,0,0,,2,-3.0,0.0,0.0,0.0,0.0,3.0,0.0,1048.0,21.5,0.0
2026,STL,8482089,Jake,Neighbours,L,2,,,,,,,,,,,0,0,0,7,,2,0.0,0.0,0.0,0.0,0.0,2.0,0.0,803.0,19.0,0.0
2026,STL,8482745,Mason,McTavish,C,2,,,,,,,,,,,1,0,1,0,,2,1.0,0.0,0.0,1.0,0.0,6.0,0.166667,886.5,20.0,0.515152
2026,STL,8482784,Zach,Dean,C,1,,,,,,,,,,,0,0,0,4,,2,-2.0,0.0,0.0,0.0,0.0,0.0,0.0,757.0,21.0,0.333333
2026,STL,8483516,Jimmy,Snuggerud,R,2,,,,,,,,,,,1,1,2,0,,2,0.0,0.0,0.0,0.0,0.0,5.0,0.2,1015.0,19.5,0.0
2026,STL,8484164,Dalibor,Dvorsky,R,2,,,,,,,,,,,2,0,2,2,,2,0.0,0.0,0.0,0.0,0.0,5.0,0.4,760.0,18.5,0.4
2026,STL,8484188,Theo,Lindstein,D,2,,,,,,,,,,,0,1,1,0,,2,1.0,0.0,0.0,0.0,0.0,1.0,0.0,889.5,21.5,0.0
2026,STL,8484790,Adam,Jiricek,D,2,,,,,,,,,,,0,0,0,0,,2,-1.0,0.0,0.0,0.0,0.0,3.0,0.0,1089.0,21.5,0.0
2026,TOR,8475683,Sergei,Bobrovsky,G,2,2.0,0.0,2.0,0.0,3.061658,0.886792,53.0,47.0,6.0,0.0,0,0,0,0,7055.0,2,,,,,,,,,,
2026,TOR,8476932,Anthony,Stolarz,G,1,1.0,1.0,0.0,0.0,1.027984,0.962963,27.0,26.0,1.0,0.0,0,0,0,0,3502.0,2,,,,,,,,,,
2026,TOR,8475166,John,Tavares,C,3,,,,,,,,,,,0,2,2,4,,2,-2.0,0.0,0.0,0.0,0.0,8.0,0.0,1032.3333,19.3333,0.431818
2026,TOR,8475171,Oliver,Ekman-Larsson,D,3,,,,,,,,,,,0,0,0,2,,2,0.0,0.0,0.0,0.0,0.0,3.0,0.0,1015.0,25.0,0.0
2026,TOR,8475690,Chris,Tanev,D,3,,,,,,,,,,,0,0,0,0,,2,0.0,0.0,0.0,0.0,0.0,1.0,0.0,1135.3333,28.3333,0.0
2026,TOR,8476853,Morgan,Rielly,D,3,,,,,,,,,,,0,3,3,0,,2,-2.0,0.0,0.0,0.0,0.0,3.0,0.0,1194.0,25.6667,0.0
2026,TOR,8476925,Colton,Sissons,C,3,,,,,,,,,,,1,0,1,0,,2,-1.0,0.0,0.0,0.0,0.0,6.0,0.166667,814.6667,19.3333,0.565217
2026,TOR,8476927,Teddy,Blueger,C,3,,,,,,,,,,,0,0,0,0,,2,0.0,0.0,0.0,0.0,0.0,1.0,0.0,654.0,15.3333,0.368421
2026,TOR,8476931,Jake,McCabe,D,3,,,,,,,,,,,0,0,0,4,,2,0.0,0.0,0.0,0.0,0.0,3.0,0.0,994.0,24.0,0.0
2026,TOR,8477426,Nick,Paul,L,3,,,,,,,,,,,0,1,1,4,,2,-2.0,0.0,0.0,0.0,0.0,3.0,0.0,966.0,21.0,0.44
2026,TOR,8477939,William,Nylander,R,3,,,,,,,,,,,2,1,3,0,,2,-2.0,0.0,0.0,0.0,0.0,8.0,0.25,1156.3333,20.6667,0.25
2026,TOR,8478178,Darren,Raddysh,D,3,,,,,,,,,,,0,1,1,0,,2,-3.0,0.0,0.0,0.0,0.0,9.0,0.0,1343.0,24.3333,0.0
2026,TOR,8478458,Jack,Roslovic,C,3,,,,,,,,,,,0,1,1,2,,2,1.0,0.0,0.0,0.0,0.0,6.0,0.0,958.6667,20.0,0.625
2026,TOR,8479318,Auston,Matthews,C,3,,,,,,,,,,,1,0,1,0,,2,-1.0,0.0,0.0,0.0,0.0,10.0,0.1,1289.3333,21.6667,0.512195
2026,TOR,8479442,Troy,Stecher,D,3,,,,,,,,,,,0,0,0,0,,2,0.0,0.0,0.0,0.0,0.0,2.0,0.0,1066.6667,24.6667,0.0
2026,TOR,8479520,Brandon,Duhaime,L,3,,,,,,,,,,,0,0,0,0,,2,0.0,0.0,0.0,0.0,0.0,2.0,0.0,671.3333,16.6667,0.0
2026,TOR,8479772,Zack,MacEwen,R,1,,,,,,,,,,,0,0,0,0,,2,0.0,0.0,0.0,0.0,0.0,0.0,0.0,325.0,9.0,0.0
2026,TOR,8480870,Bo,Groulx,C,2,,,,,,,,,,,0,0,0,0,,2,0.0,0.0,0.0,0.0,0.0,2.0,0.0,515.5,11.0,0.666667
2026,TOR,8480893,Kirill,Marchenko,R,3,,,,,,,,,,,1,1,2,6,,2,-1.0,1.0,0.0,0.0,0.0,9.0,0.111111,1156.6667,20.3333,0.0
2026,TOR,8484158,Easton,Cowan,R,3,,,,,,,,,,,1,2,3,4,,2,1.0,1.0,0.0,1.0,0.0,4.0,0.25,829.3333,18.6667,0.0
2026,TOR,8486067,Gavin,McKenna,L,3,,,,,,,,,,,0,0,0,0,,2,-3.0,0.0,0.0,0.0,0.0,3.0,0.0,872.3333,17.6667,0.0
2026,TBL,8476883,Andrei,Vasilevskiy,G,2,2.0,1.0,1.0,0.0,2.589183,0.888889,45.0,40.0,5.0,0.0,0,0,0,0,6952.0,2,,,,,,,,,,
2026,TBL,8474151,Ryan,McDonagh,D,2,,,,,,,,,,,0,0,0,2,,2,-1.0,0.0,0.0,0.0,0.0,1.0,0.0,949.0,20.5,0.0
2026,TBL,8474590,John,Carlson,D,2,,,,,,,,,,,0,1,1,0,,2,-1.0,0.0,0.0,0.0,0.0,4.0,0.0,1328.0,21.5,0.0
2026,TBL,8475167,Victor,Hedman,D,2,,,,,,,,,,,0,0,0,0,,2,1.0,0.0,0.0,0.0,0.0,3.0,0.0,939.5,20.0,0.0
2026,TBL,8476453,Nikita,Kucherov,R,2,,,,,,,,,,,1,1,2,0,,2,0.0,0.0,0.0,0.0,0.0,4.0,0.25,1406.5,20.5,1.0
2026,TBL,8476878,Zemgus,Girgensons,C,2,,,,,,,,,,,0,0,0,2,,2,-1.0,0.0,0.0,0.0,0.0,1.0,0.0,663.0,16.0,0.5
2026,TBL,8477404,Jake,Guentzel,C,2,,,,,,,,,,,1,2,3,0,,2,2.0,0.0,0.0,0.0,0.0,5.0,0.2,1270.0,21.5,0.625
2026,TBL,8478010,Brayden,Point,C,2,,,,,,,,,,,0,1,1,2,,2,1.0,0.0,0.0,0.0,0.0,4.0,0.0,1295.0,19.5,0.333333
2026,TBL,8478416,Erik,Cernak,D,2,,,,,,,,,,,0,0,0,0,,2,0.0,0.0,0.0,0.0,0.0,5.0,0.0,1097.0,24.5,0.0
2026,TBL,8478424,Jansen,Harkins,C,1,,,,,,,,,,,0,0,0,0,,2,-1.0,0.0,0.0,0.0,0.0,1.0,0.0,655.0,12.0,0.0
2026,TBL,8478519,Anthony,Cirelli,C,2,,,,,,,,,,,0,0,0,0,,2,0.0,0.0,0.0,0.0,0.0,4.0,0.0,1129.0,25.0,0.533333
2026,TBL,8479542,Brandon,Hagel,L,2,,,,,,,,,,,0,2,2,0,,2,1.0,0.0,0.0,0.0,0.0,9.0,0.0,1373.5,23.0,0.333333
2026,TBL,8479705,Jeffrey,Viel,L,2,,,,,,,,,,,0,0,0,2,,2,-3.0,0.0,0.0,0.0,0.0,2.0,0.0,491.5,12.0,0.0
2026,TBL,8480426,Charle-Edouard,D'Astous,D,2,,,,,,,,,,,1,0,1,0,,2,0.0,0.0,0.0,0.0,0.0,3.0,0.333333,987.0,19.0,0.0
2026,TBL,8480995,Pontus,Holmberg,R,2,,,,,,,,,,,0,0,0,2,,2,-1.0,0.0,0.0,0.0,0.0,3.0,0.0,912.0,19.5,1.0
2026,TBL,8481624,Ilya,Mikheyev,R,2,,,,,,,,,,,0,1,1,0,,2,-1.0,0.0,0.0,0.0,0.0,2.0,0.0,746.5,16.5,0.0
2026,TBL,8482201,Gage,Goncalves,C,2,,,,,,,,,,,0,0,0,0,,2,-2.0,0.0,0.0,0.0,0.0,0.0,0.0,838.0,17.0,0.0
2026,TBL,8482655,J.J.,Moser,D,2,,,,,,,,,,,0,0,0,4,,2,0.0,0.0,0.0,0.0,0.0,0.0,0.0,1028.5,20.5,0.0
2026,TBL,8482929,Emil,Lilleberg,D,1,,,,,,,,,,,0,0,0,5,,2,0.0,0.0,0.0,0.0,0.0,1.0,0.0,630.0,15.0,0.0
2026,TBL,8483447,Conor,Geekie,C,2,,,,,,,,,,,1,0,1,0,,2,0.0,0.0,0.0,1.0,0.0,2.0,0.5,651.0,14.0,0.666667
2026,UTA,8478872,Karel,Vejmelka,G,2,2.0,1.0,1.0,0.0,1.516854,0.916667,36.0,33.0,3.0,1.0,0,0,0,0,7120.0,2,,,,,,,,,,
2026,UTA,8482657,Sebastian,Cossa,G,1,1.0,1.0,0.0,0.0,1.0,0.944444,18.0,17.0,1.0,0.0,0,0,0,0,3600.0,2,,,,,,,,,,
2026,UTA,8475314,Anders,Lee,L,3,,,,,,,,,,,1,1,2,0,,2,1.0,0.0,0.0,0.0,0.0,6.0,0.166667,777.6667,19.3333,0.0
2026,UTA,8476389,Vincent,Trocheck,C,3,,,,,,,,,,,0,1,1,0,,2,-2.0,0.0,0.0,0.0,0.0,3.0,0.0,1058.0,24.6667,0.55814
2026,UTA,8477220,Nate,Schmidt,D,3,,,,,,,,,,,0,1,1,0,,2,0.0,0.0,0.0,0.0,0.0,3.0,0.0,1262.6667,31.6667,0.0
2026,UTA,8477346,MacKenzie,Weegar,D,3,,,,,,,,,,,0,0,0,9,,2,-1.0,0.0,0.0,0.0,0.0,3.0,0.0,1260.0,30.6667,0.0
2026,UTA,8477951,Nick,Schmaltz,C,3,,,,,,,,,,,4,0,4,2,,2,-2.0,2.0,0.0,1.0,0.0,13.0,0.307692,1063.0,22.0,0.545455
2026,UTA,8478474,Lawson,Crouse,L,3,,,,,,,,,,,0,1,1,0,,2,1.0,0.0,0.0,0.0,0.0,8.0,0.0,884.0,22.0,1.0
2026,UTA,8478507,John,Marino,D,3,,,,,,,,,,,0,1,1,2,,2,0.0,0.0,0.0,0.0,0.0,2.0,0.0,1258.6667,29.3333,0.0
2026,UTA,8478831,Kevin,Stenlund,C,3,,,,,,,,,,,0,1,1,0,,2,2.0,0.0,0.0,0.0,0.0,2.0,0.0,805.0,20.3333,0.558824
2026,UTA,8479343,Clayton,Keller,R,3,,,,,,,,,,,0,5,5,2,,2,-1.0,0.0,0.0,0.0,0.0,8.0,0.0,1056.6667,21.0,0.0
2026,UTA,8479369,Andrew,Peeke,D,3,,,,,,,,,,,1,1,2,2,,2,2.0,0.0,0.0,0.0,0.0,5.0,0.2,924.0,25.3333,0.0
2026,UTA,8479410,Mikhail,Sergachev,D,3,,,,,,,,,,,1,2,3,6,,2,0.0,1.0,0.0,0.0,0.0,10.0,0.1,1376.3333,31.0,0.0
2026,UTA,8479619,Michael,Carcone,L,3,,,,,,,,,,,1,1,2,0,,2,1.0,0.0,0.0,0.0,0.0,7.0,0.142857,768.6667,17.3333,0.0
2026,UTA,8480849,Barrett,Hayton,C,3,,,,,,,,,,,0,0,0,4,,2,0.0,0.0,0.0,0.0,0.0,5.0,0.0,818.0,20.6667,0.484848
2026,UTA,8480855,Jack,McBain,C,3,,,,,,,,,,,0,0,0,7,,2,0.0,0.0,0.0,0.0,0.0,2.0,0.0,784.6667,20.6667,1.0
2026,UTA,8482699,Dylan,Guenther,R,3,,,,,,,,,,,3,2,5,0,,2,0.0,3.0,0.0,1.0,0.0,12.0,0.25,943.0,20.3333,1.0
2026,UTA,8483431,Logan,Cooley,C,3,,,,,,,,,,,0,3,3,0,,2,0.0,0.0,0.0,0.0,0.0,1.0,0.0,1027.6667,22.3333,0.5
2026,UTA,8484386,Dmitri,Simashev,D,3,,,,,,,,,,,0,1,1,0,,2,2.0,0.0,0.0,0.0,0.0,2.0,0.0,919.6667,23.3333,0.0
2026,UTA,8484388,Daniil,But,L,3,,,,,,,,,,,1,0,1,0,,2,1.0,0.0,0.0,0.0,0.0,1.0,1.0,675.0,15.3333,0.333333
2026,VAN,8480947,Kevin,Lankinen,G,3,3.0,1.0,2.0,0.0,6.5048,0.823529,85.0,70.0,16.0,0.0,0,0,0,0,8855.0,2,,,,,,,,,,
2026,VAN,8482447,Leevi,Meriläinen,G,2,1.0,1.0,0.0,0.0,1.323286,0.942857,35.0,33.0,2.0,0.0,0,0,0,0,5441.0,2,,,,,,,,,,
2026,VAN,8474568,Luke,Schenn,D,4,,,,,,,,,,,0,2,2,21,,2,4.0,0.0,0.0,0.0,0.0,2.0,0.0,744.5,19.5,0.0
2026,VAN,8475848,Brendan,Gallagher,R,4,,,,,,,,,,,0,0,0,4,,2,-1.0,0.0,0.0,0.0,0.0,4.0,0.0,596.0,15.25,0.5
2026,VAN,8476467,Jamie,Oleksiak,D,4,,,,,,,,,,,1,2,3,4,,2,-1.0,0.0,0.0,0.0,0.0,1.0,1.0,1209.5,26.25,0.0
2026,VAN,8478444,Brock,Boeser,R,4,,,,,,,,,,,1,2,3,0,,2,-1.0,0.0,0.0,0.0,0.0,6.0,0.166667,1041.0,20.75,0.0
2026,VAN,8478498,Jake,DeBrusk,L,2,,,,,,,,,,,0,1,1,2,,2,0.0,0.0,0.0,0.0,0.0,4.0,0.0,936.0,22.5,0.0
2026,VAN,8479425,Filip,Hronek,D,4,,,,,,,,,,,0,5,5,0,,2,3.0,0.0,0.0,0.0,0.0,5.0,0.0,1551.75,31.25,0.0
2026,VAN,8480012,Elias,Pettersson,C,4,,,,,,,,,,,2,4,6,0,,2,2.0,2.0,0.0,0.0,0.0,7.0,0.285714,1198.0,25.0,0.5125
2026,VAN,8481024,Linus,Karlsson,C,4,,,,,,,,,,,0,4,4,2,,2,0.0,0.0,0.0,0.0,0.0,7.0,0.0,886.0,22.75,0.5
2026,VAN,8481032,Paul,Cotter,L,4,,,,,,,,,,,4,2,6,0,,2,4.0,1.0,1.0,1.0,1.0,7.0,0.571429,913.5,20.5,0.52381
2026,VAN,8482055,Drew,O'Connor,L,4,,,,,,,,,,,1,1,2,2,,2,-2.0,0.0,0.0,0.0,0.0,8.0,0.125,980.75,22.0,0.666667
2026,VAN,8482079,Marco,Rossi,C,4,,,,,,,,,,,3,1,4,4,,2,-1.0,0.0,0.0,0.0,0.0,7.0,0.428571,1034.0,22.25,0.5
2026,VAN,8482691,Aatu,Räty,C,2,,,,,,,,,,,1,0,1,2,,2,1.0,0.0,0.0,0.0,0.0,3.0,0.333333,583.0,19.5,0.615385
2026,VAN,8483395,Arshdeep,Bains,L,4,,,,,,,,,,,1,1,2,0,,2,1.0,0.0,0.0,0.0,0.0,3.0,0.333333,712.25,17.0,0.5
2026,VAN,8483476,Jonathan,Lekkerimäki,R,4,,,,,,,,,,,2,1,3,0,,2,2.0,0.0,0.0,0.0,0.0,4.0,0.5,696.5,16.5,0.0
2026,VAN,8483499,Liam,Ohgren,L,4,,,,,,,,,,,1,3,4,0,,2,1.0,0.0,0.0,0.0,0.0,7.0,0.142857,1024.25,23.0,1.0
2026,VAN,8483678,Elias,Pettersson,D,4,,,,,,,,,,,1,0,1,2,,2,3.0,0.0,0.0,1.0,0.0,3.0,0.333333,962.25,22.5,0.0
2026,VAN,8484136,Max,Sasson,C,4,,,,,,,,,,,1,1,2,2,,2,-1.0,0.0,0.0,0.0,0.0,7.0,0.142857,882.75,22.0,0.333333
2026,VAN,8484240,Tom,Willander,D,4,,,,,,,,,,,0,3,3,4,,2,-1.0,0.0,0.0,0.0,0.0,1.0,0.0,1247.25,27.5,0.0
2026,VAN,8484798,Zeev,Buium,D,4,,,,,,,,,,,0,0,0,0,,2,-2.0,0.0,0.0,0.0,0.0,5.0,0.0,1300.0,26.5,0.0
2026,VGK,8478499,Adin,Hill,G,1,1.0,1.0,0.0,0.0,2.0,0.9,20.0,18.0,2.0,0.0,0,0,0,0,3600.0,2,,,,,,,,,,
2026,VGK,8479394,Carter,Hart,G,2,2.0,1.0,1.0,0.0,3.060791,0.869565,46.0,40.0,6.0,0.0,0,0,0,0,7057.0,2,,,,,,,,,,
2026,VGK,8475188,Brayden,McNabb,D,3,,,,,,,,,,,0,4,4,0,,2,5.0,0.0,0.0,0.0,0.0,2.0,0.0,1114.0,23.6667,0.0
2026,VGK,8475343,Nic,Dowd,C,3,,,,,,,,,,,0,2,2,0,,2,-1.0,0.0,0.0,0.0,0.0,2.0,0.0,644.0,15.6667,0.448276
2026,VGK,8475913,Mark,Stone,R,3,,,,,,,,,,,1,1,2,2,,2,3.0,0.0,0.0,0.0,0.0,4.0,0.25,1151.6667,21.6667,0.0
2026,VGK,8476448,William,Karlsson,C,3,,,,,,,,,,,0,0,0,0,,2,-1.0,0.0,0.0,0.0,0.0,5.0,0.0,1119.6667,22.0,0.673469
2026,VGK,8476881,Tomas,Hertl,C,3,,,,,,,,,,,1,0,1,2,,2,2.0,1.0,0.0,0.0,0.0,11.0,0.090909,992.3333,17.6667,0.514286
2026,VGK,8477447,Shea,Theodore,D,3,,,,,,,,,,,1,2,3,0,,2,5.0,0.0,0.0,0.0,0.0,7.0,0.142857,1364.3333,26.0,0.0
2026,VGK,8477964,Ivan,Barbashev,L,3,,,,,,,,,,,0,2,2,2,,2,2.0,0.0,0.0,0.0,0.0,2.0,0.0,851.6667,17.6667,0.0
2026,VGK,8478109,Victor,Olofsson,L,3,,,,,,,,,,,2,1,3,0,,2,0.0,2.0,0.0,0.0,0.0,7.0,0.285714,835.0,18.3333,0.75
2026,VGK,8478396,Noah,Hanifin,D,3,,,,,,,,,,,1,0,1,0,,2,0.0,0.0,0.0,0.0,0.0,5.0,0.2,1160.3333,24.6667,0.0
2026,VGK,8478397,Rasmus,Andersson,D,3,,,,,,,,,,,0,0,0,2,,2,-4.0,0.0,0.0,0.0,0.0,5.0,0.0,1104.0,24.6667,0.0
2026,VGK,8478403,Jack,Eichel,C,3,,,,,,,,,,,1,5,6,2,,2,1.0,0.0,0.0,1.0,0.0,6.0,0.166667,1199.6667,21.6667,0.488889
2026,VGK,8478450,Parker,Wotherspoon,D,3,,,,,,,,,,,0,0,0,2,,2,-4.0,0.0,0.0,0.0,0.0,2.0,0.0,1064.0,23.3333,0.0
2026,VGK,8478468,Jeremy,Lauzon,D,3,,,,,,,,,,,0,0,0,0,,2,0.0,0.0,0.0,0.0,0.0,6.0,0.0,990.0,23.0,0.0
2026,VGK,8478483,Mitch,Marner,R,3,,,,,,,,,,,1,1,2,0,,2,0.0,0.0,0.0,0.0,0.0,8.0,0.125,1313.0,22.0,0.0
2026,VGK,8479353,Brett,Howden,C,3,,,,,,,,,,,0,1,1,0,,2,2.0,0.0,0.0,0.0,0.0,7.0,0.0,990.0,20.0,1.0
2026,VGK,8483553,Marc,Gatcomb,C,3,,,,,,,,,,,1,1,2,2,,2,-1.0,0.0,0.0,1.0,0.0,5.0,0.2,543.6667,13.6667,0.0
2026,VGK,8483890,Braeden,Bowman,R,3,,,,,,,,,,,1,1,2,0,,2,-3.0,0.0,0.0,0.0,0.0,5.0,0.2,673.6667,15.6667,0.0
2026,VGK,8484803,Trevor,Connelly,L,3,,,,,,,,,,,1,0,1,0,,2,-1.0,0.0,0.0,0.0,0.0,6.0,0.166667,685.0,14.6667,0.0
2026,WPG,8479973,Stuart,Skinner,G,2,2.0,1.0,0.0,1.0,2.918525,0.907692,65.0,59.0,6.0,0.0,0,0,0,0,7401.0,2,,,,,,,,,,
2026,WPG,8475799,Nino,Niederreiter,R,2,,,,,,,,,,,0,0,0,0,,2,0.0,0.0,0.0,0.0,0.0,0.0,0.0,706.0,13.5,0.0
2026,WPG,8476331,Dylan,DeMelo,D,2,,,,,,,,,,,1,0,1,4,,2,-1.0,0.0,0.0,0.0,0.0,1.0,1.0,1313.0,29.0,0.0
2026,WPG,8476392,Adam,Lowry,C,2,,,,,,,,,,,0,2,2,0,,2,0.0,0.0,0.0,0.0,0.0,2.0,0.0,942.0,25.5,0.439024
2026,WPG,8476460,Mark,Scheifele,C,2,,,,,,,,,,,0,0,0,0,,2,-2.0,0.0,0.0,0.0,0.0,2.0,0.0,1217.5,22.0,0.5
2026,WPG,8476480,Vladislav,Namestnikov,C,2,,,,,,,,,,,0,0,0,4,,2,-1.0,0.0,0.0,0.0,0.0,2.0,0.0,747.0,17.0,0.588235
2026,WPG,8477504,Josh,Morrissey,D,2,,,,,,,,,,,0,2,2,0,,2,-2.0,0.0,0.0,0.0,0.0,11.0,0.0,1407.5,29.5,0.0
2026,WPG,8478398,Kyle,Connor,L,2,,,,,,,,,,,3,2,5,0,,2,-1.0,3.0,0.0,1.0,0.0,14.0,0.214286,1230.5,24.5,0.0
2026,WPG,8479983,Mario,Ferraro,D,2,,,,,,,,,,,1,0,1,0,,2,0.0,0.0,0.0,0.0,0.0,3.0,0.333333,1147.5,21.5,0.0
2026,WPG,8480014,Gabriel,Vilardi,C,2,,,,,,,,,,,0,2,2,2,,2,-2.0,0.0,0.0,0.0,0.0,3.0,0.0,1023.0,17.5,0.666667
2026,WPG,8480049,Dylan,Samberg,D,2,,,,,,,,,,,0,0,0,0,,2,0.0,0.0,0.0,0.0,0.0,1.0,0.0,1278.0,27.0,0.0
2026,WPG,8480113,Alex,Iafallo,L,2,,,,,,,,,,,0,0,0,0,,2,0.0,0.0,0.0,0.0,0.0,1.0,0.0,718.0,18.0,0.0
2026,WPG,8480145,Neal,Pionk,D,2,,,,,,,,,,,0,0,0,0,,2,-2.0,0.0,0.0,0.0,0.0,5.0,0.0,1455.0,31.0,0.0
2026,WPG,8480289,Morgan,Barron,C,2,,,,,,,,,,,0,1,1,2,,2,1.0,0.0,0.0,0.0,0.0,3.0,0.0,1009.5,26.5,0.0
2026,WPG,8482149,Cole,Perfetti,C,2,,,,,,,,,,,1,3,4,0,,2,-2.0,1.0,0.0,0.0,0.0,6.0,0.166667,1028.0,20.0,0.0
2026,WPG,8482459,Tyrel,Bauer,D,2,,,,,,,,,,,0,0,0,14,,2,0.0,0.0,0.0,0.0,0.0,0.0,0.0,436.5,13.5,0.0
2026,WPG,8482765,Isak,Rosen,R,2,,,,,,,,,,,0,0,0,0,,2,-1.0,0.0,0.0,0.0,0.0,1.0,0.0,712.0,13.5,0.0
2026,WPG,8483471,Brad,Lambert,C,2,,,,,,,,,,,0,0,0,0,,2,0.0,0.0,0.0,0.0,0.0,2.0,0.0,667.0,16.5,0.0
2026,WPG,8486025,Viggo,Björck,C,2,,,,,,,,,,,0,0,0,0,,2,0.0,0.0,0.0,0.0,0.0,3.0,0.0,871.5,17.5,0.263158
2026,WSH,8479292,Charlie,Lindgren,G,1,1.0,0.0,1.0,0.0,2.083333,0.931034,29.0,27.0,2.0,0.0,0,0,0,0,3456.0,2,,,,,,,,,,
2026,WSH,8480313,Logan,Thompson,G,1,1.0,1.0,0.0,0.0,2.003896,0.939394,33.0,31.0,2.0,0.0,0,0,0,0,3593.0,2,,,,,,,,,,
2026,WSH,8471214,Alex,Ovechkin,L,2,,,,,,,,,,,0,1,1,0,,2,0.0,0.0,0.0,0.0,0.0,1.0,0.0,790.0,18.5,0.0
2026,WSH,8476432,Boone,Jenner,C,2,,,,,,,,,,,0,1,1,0,,2,0.0,0.0,0.0,0.0,0.0,6.0,0.0,937.5,20.5,0.64
2026,WSH,8476880,Tom,Wilson,R,2,,,,,,,,,,,0,1,1,12,,2,0.0,0.0,0.0,0.0,0.0,2.0,0.0,1033.0,22.5,0.0
2026,WSH,8477949,Alex,Tuch,R,2,,,,,,,,,,,2,0,2,0,,2,2.0,0.0,0.0,1.0,0.0,5.0,0.4,1035.5,22.5,0.222222
2026,WSH,8478440,Dylan,Strome,C,2,,,,,,,,,,,0,2,2,0,,2,-1.0,0.0,0.0,0.0,0.0,3.0,0.0,936.5,18.0,0.52
2026,WSH,8478463,Anthony,Beauvillier,R,2,,,,,,,,,,,0,0,0,0,,2,0.0,0.0,0.0,0.0,0.0,5.0,0.0,766.0,17.5,0.0
2026,WSH,8478911,Matt,Roy,D,2,,,,,,,,,,,0,0,0,0,,2,0.0,0.0,0.0,0.0,0.0,0.0,0.0,1105.5,20.5,0.0
2026,WSH,8479345,Jakob,Chychrun,D,2,,,,,,,,,,,1,2,3,4,,2,0.0,1.0,0.0,0.0,0.0,5.0,0.2,1381.0,25.0,0.0
2026,WSH,8479385,Jordan,Kyrou,R,2,,,,,,,,,,,0,0,0,0,,2,-2.0,0.0,0.0,0.0,0.0,3.0,0.0,810.5,16.5,0.0
2026,WSH,8479400,Pierre-Luc,Dubois,C,2,,,,,,,,,,,0,2,2,4,,2,0.0,0.0,0.0,0.0,0.0,2.0,0.0,921.0,20.5,0.37931
2026,WSH,8479576,Vincent,Desharnais,D,2,,,,,,,,,,,0,0,0,5,,2,2.0,0.0,0.0,0.0,0.0,1.0,0.0,1100.0,21.5,0.0
2026,WSH,8480043,Timothy,Liljegren,D,2,,,,,,,,,,,0,0,0,0,,2,0.0,0.0,0.0,0.0,0.0,1.0,0.0,1079.5,21.0,0.0
2026,WSH,8480796,Martin,Fehérváry,D,2,,,,,,,,,,,0,0,0,4,,2,-1.0,0.0,0.0,0.0,0.0,1.0,0.0,1130.0,24.5,0.0
2026,WSH,8481656,Aliaksei,Protas,L,2,,,,,,,,,,,0,1,1,2,,2,0.0,0.0,0.0,0.0,0.0,2.0,0.0,988.5,20.0,0.666667
2026,WSH,8482088,Justin,Sourdif,C,2,,,,,,,,,,,1,0,1,4,,2,0.0,0.0,0.0,0.0,0.0,1.0,1.0,762.0,17.5,0.333333
2026,WSH,8484186,Ryan,Leonard,R,2,,,,,,,,,,,1,0,1,0,,2,1.0,0.0,0.0,0.0,0.0,6.0,0.166667,789.0,17.0,0.0
2026,WSH,8484873,Cole,Hutson,D,2,,,,,,,,,,,1,0,1,4,,2,2.0,0.0,0.0,0.0,0.0,4.0,0.25,1145.5,24.5,0.0
2026,WSH,8484999,Ilya,Protas,L,2,,,,,,,,,,,0,1,1,0,,2,1.0,0.0,0.0,0.0,0.0,0.0,0.0,643.5,13.0,0.4
